#Entity         SMACT        TENSO        SMCLK        POWER             GPUTL             
ID                                                      W                                  
GPU 0           N/A          N/A          1365         345.194           95                
GPU 0           0.953        0.590        1365         343.840           100               
GPU 0           0.952        0.544        1410         343.652           100               
GPU 0           0.954        0.521        1440         343.054           100               
GPU 0           0.954        0.543        1245         345.084           100               
GPU 0           0.954        0.528        1440         345.634           100               
GPU 0           0.927        0.435        1380         346.846           100               
GPU 0           0.945        0.571        1260         348.621           100               
GPU 0           0.956        0.583        1410         345.309           100               
GPU 0           0.954        0.543        1350         348.285           100               
GPU 0           0.952        0.523        1455         345.031           100               
GPU 0           0.957        0.538        1395         346.460           100               
GPU 0           0.950        0.534        1455         345.623           100               
GPU 0           0.924        0.441        1365         346.741           100               
GPU 0           0.949        0.600        1215         346.547           100               
#Entity         SMACT        TENSO        SMCLK        POWER             GPUTL             
ID                                                      W                                  
GPU 0           0.953        0.545        1395         346.665           100               
GPU 0           0.958        0.535        1425         345.319           100               
GPU 0           0.950        0.538        1350         344.170           100               
GPU 0           0.956        0.529        1440         345.313           100               
GPU 0           0.940        0.473        1485         343.432           100               
GPU 0           0.936        0.516        1365         347.698           100               
GPU 0           0.952        0.598        1305         345.457           100               
GPU 0           0.953        0.553        1365         345.233           100               
GPU 0           0.954        0.519        1440         344.633           100               
GPU 0           0.954        0.543        1290         344.759           100               
GPU 0           0.953        0.526        1440         345.168           100               
GPU 0           0.929        0.427        1350         346.617           100               
GPU 0           0.945        0.576        1320         346.631           100               
GPU 0           0.953        0.588        1395         345.498           100               
#Entity         SMACT        TENSO        SMCLK        POWER             GPUTL             
ID                                                      W                                  
GPU 0           0.954        0.546        1350         347.030           100               
GPU 0           0.954        0.523        1440         342.397           100               
GPU 0           0.954        0.540        1380         343.874           100               
GPU 0           0.950        0.532        1425         343.313           100               
GPU 0           0.929        0.430        1365         345.641           100               
GPU 0           0.944        0.577        1155         343.704           100               
GPU 0           0.956        0.581        1410         342.409           100               
GPU 0           0.956        0.539        1380         343.958           100               
GPU 0           0.951        0.532        1380         341.565           100               
GPU 0           0.957        0.535        1395         345.168           100               
GPU 0           0.950        0.534        1410         340.912           100               
GPU 0           0.925        0.443        1395         344.542           100               
GPU 0           0.950        0.600        1275         344.873           100               
GPU 0           0.953        0.550        1395         344.583           100               
#Entity         SMACT        TENSO        SMCLK        POWER             GPUTL             
ID                                                      W                                  
GPU 0           0.954        0.526        1440         343.975           100               
GPU 0           0.953        0.545        1290         342.810           100               
GPU 0           0.954        0.526        1425         347.079           100               
GPU 0           0.940        0.463        1470         344.809           100               
GPU 0           0.937        0.530        1380         349.417           100               
GPU 0           0.951        0.590        1320         348.081           100               
GPU 0           0.954        0.550        1335         349.205           100               
GPU 0           0.954        0.523        1455         347.829           100               
GPU 0           0.954        0.539        1350         348.084           100               
GPU 0           0.951        0.529        1410         346.735           100               
GPU 0           0.930        0.429        1395         347.921           100               
GPU 0           0.943        0.568        1335         349.446           100               
GPU 0           0.953        0.594        1365         347.081           100               
GPU 0           0.956        0.538        1380         349.574           100               
#Entity         SMACT        TENSO        SMCLK        POWER             GPUTL             
ID                                                      W                                  
GPU 0           0.950        0.532        1410         343.924           100               
GPU 0           0.957        0.535        1395         347.082           100               
GPU 0           0.950        0.533        1395         344.109           100               
GPU 0           0.927        0.431        1380         347.321           100               
GPU 0           0.945        0.576        1140         345.139           100               
GPU 0           0.955        0.582        1395         342.960           100               
GPU 0           0.957        0.541        1380         345.105           100               
GPU 0           0.950        0.532        1410         340.533           100               
GPU 0           0.957        0.534        1395         345.158           100               
GPU 0           0.950        0.534        1410         341.235           100               
GPU 0           0.925        0.444        1395         345.470           100               
GPU 0           0.949        0.600        1215         345.238           100               
GPU 0           0.954        0.545        1410         344.356           100               
GPU 0           0.956        0.532        1410         344.753           100               
#Entity         SMACT        TENSO        SMCLK        POWER             GPUTL             
ID                                                      W                                  
GPU 0           0.952        0.542        1350         341.654           100               
GPU 0           0.955        0.526        1425         347.695           100               
GPU 0           0.941        0.472        1425         346.082           100               
GPU 0           0.936        0.523        1305         348.039           100               
GPU 0           0.950        0.600        1275         346.671           100               
GPU 0           0.953        0.543        1410         345.182           100               
GPU 0           0.957        0.533        1410         346.595           100               
GPU 0           0.950        0.536        1380         342.407           100               
GPU 0           0.955        0.530        1410         345.962           100               
GPU 0           0.930        0.426        1365         345.054           100               
GPU 0           0.944        0.568        1365         347.935           100               
GPU 0           0.953        0.590        1365         345.341           100               
GPU 0           0.953        0.550        1380         345.589           100               
GPU 0           0.954        0.519        1440         345.012           100               
#Entity         SMACT        TENSO        SMCLK        POWER             GPUTL             
ID                                                      W                                  
GPU 0           0.954        0.543        1290         345.353           100               
GPU 0           0.953        0.527        1425         346.773           100               
GPU 0           0.926        0.436        1365         346.485           100               
GPU 0           0.946        0.571        1260         350.340           100               
GPU 0           0.956        0.579        1410         348.143           100               
GPU 0           0.955        0.542        1335         350.090           100               
GPU 0           0.950        0.526        1410         346.338           100               
GPU 0           0.956        0.541        1380         349.427           100               
GPU 0           0.951        0.533        1440         346.309           100               
GPU 0           0.924        0.439        1365         349.125           100               
GPU 0           0.949        0.605        1230         349.479           100               
GPU 0           0.954        0.539        1410         347.653           100               
GPU 0           0.956        0.541        1395         348.226           100               
GPU 0           0.950        0.533        1410         344.041           100               
#Entity         SMACT        TENSO        SMCLK        POWER             GPUTL             
ID                                                      W                                  
GPU 0           0.957        0.533        1410         347.160           100               
GPU 0           0.940        0.485        1440         342.638           100               
GPU 0           0.933        0.507        1350         345.686           100               
GPU 0           0.953        0.596        1290         345.681           100               
GPU 0           0.952        0.542        1395         344.557           100               
GPU 0           0.957        0.535        1395         345.014           100               
GPU 0           0.951        0.534        1365         341.558           100               
GPU 0           0.957        0.537        1395         346.663           100               
GPU 0           0.926        0.423        1395         344.199           100               
GPU 0           0.945        0.574        1335         346.287           100               
GPU 0           0.956        0.594        1335         345.019           100               
GPU 0           0.949        0.534        1395         344.852           100               
GPU 0           0.958        0.536        1410         345.856           100               
GPU 0           0.950        0.539        1365         343.138           100               
#Entity         SMACT        TENSO        SMCLK        POWER             GPUTL             
ID                                                      W                                  
GPU 0           0.955        0.527        1410         346.576           100               
GPU 0           0.927        0.433        1290         345.673           100               
GPU 0           0.944        0.574        1305         346.994           100               
GPU 0           0.959        0.590        1380         344.838           100               
GPU 0           0.950        0.538        1410         344.862           100               
GPU 0           0.955        0.528        1425         345.895           100               
GPU 0           0.952        0.546        1320         344.430           100               
GPU 0           0.954        0.524        1410         345.068           100               
GPU 0           0.925        0.440        1365         347.321           100               
GPU 0           0.946        0.581        1200         348.270           100               
GPU 0           0.956        0.568        1410         346.342           100               
GPU 0           0.953        0.548        1350         345.071           100               
GPU 0           0.954        0.523        1410         345.959           100               
GPU 0           0.953        0.544        1320         346.952           100               
#Entity         SMACT        TENSO        SMCLK        POWER             GPUTL             
ID                                                      W                                  
GPU 0           0.954        0.524        1545         344.800           100               
GPU 0           0.924        0.453        1335         346.170           100               
GPU 0           0.952        0.602        1230         345.579           100               
GPU 0           0.954        0.539        1425         346.067           100               
GPU 0           0.952        0.547        1365         343.268           100               
GPU 0           0.954        0.520        1425         341.718           100               
GPU 0           0.954        0.545        1305         345.108           100               
GPU 0           0.944        0.575        1335         344.288           100               
GPU 0           0.953        0.607        1305         341.757           100               
GPU 0           0.955        0.525        1425         344.521           100               
GPU 0           0.952        0.547        1335         342.296           100               
GPU 0           0.954        0.524        1425         341.459           100               
GPU 0           0.953        0.544        1335         343.722           100               
GPU 0           0.931        0.421        1380         344.681           100               
#Entity         SMACT        TENSO        SMCLK        POWER             GPUTL             
ID                                                      W                                  
GPU 0           0.945        0.567        1320         346.929           100               
GPU 0           0.952        0.603        1335         342.465           100               
GPU 0           0.956        0.526        1395         344.844           100               
GPU 0           0.951        0.542        1350         343.080           100               
GPU 0           0.955        0.528        1395         345.391           100               
GPU 0           0.951        0.542        1350         345.473           100               
GPU 0           0.929        0.432        1350         346.602           100               
GPU 0           0.944        0.574        1155         347.519           100               
GPU 0           0.956        0.582        1380         342.989           100               
GPU 0           0.955        0.543        1365         345.116           100               
GPU 0           0.951        0.529        1395         342.380           100               
GPU 0           0.956        0.538        1380         345.413           100               
GPU 0           0.951        0.534        1410         342.776           100               
GPU 0           0.925        0.439        1335         345.307           100               
#Entity         SMACT        TENSO        SMCLK        POWER             GPUTL             
ID                                                      W                                  
GPU 0           0.949        0.606        1230         346.048           100               
GPU 0           0.955        0.544        1410         342.144           100               
GPU 0           0.954        0.543        1320         343.826           100               
GPU 0           0.954        0.526        1395         340.475           100               
GPU 0           0.953        0.544        1335         346.503           100               
GPU 0           0.948        0.507        1530         341.520           100               
GPU 0           0.927        0.471        1320         343.572           100               
GPU 0           0.952        0.601        1215         341.766           100               
GPU 0           0.951        0.540        1410         342.126           100               
GPU 0           0.953        0.543        1335         341.952           100               
GPU 0           0.954        0.524        1395         340.532           100               
GPU 0           0.953        0.544        1350         345.585           100               
GPU 0           0.928        0.415        1395         341.515           100               
GPU 0           0.946        0.569        1320         345.320           100               
#Entity         SMACT        TENSO        SMCLK        POWER             GPUTL             
ID                                                      W                                  
GPU 0           0.951        0.610        1260         341.407           100               
GPU 0           0.955        0.527        1410         345.228           100               
GPU 0           0.952        0.545        1335         343.202           100               
GPU 0           0.955        0.524        1410         341.874           100               
GPU 0           0.953        0.546        1335         344.906           100               
GPU 0           0.927        0.421        1380         343.529           100               
GPU 0           0.945        0.569        1320         347.007           100               
GPU 0           0.952        0.602        1335         342.432           100               
GPU 0           0.956        0.524        1410         345.445           100               
GPU 0           0.952        0.547        1335         343.423           100               
GPU 0           0.954        0.523        1395         345.686           100               
GPU 0           0.953        0.548        1365         344.542           100               
GPU 0           0.928        0.427        1320         344.887           100               
GPU 0           0.947        0.572        1110         347.922           100               
#Entity         SMACT        TENSO        SMCLK        POWER             GPUTL             
ID                                                      W                                  
GPU 0           0.955        0.588        1380         342.839           100               
GPU 0           0.957        0.536        1395         345.822           100               
GPU 0           0.949        0.534        1380         341.306           100               
GPU 0           0.956        0.533        1395         345.797           100               
GPU 0           0.950        0.540        1410         343.470           100               
GPU 0           0.926        0.441        1335         345.220           100               
GPU 0           0.949        0.604        1230         347.097           100               
GPU 0           0.954        0.546        1410         344.136           100               
GPU 0           0.957        0.535        1395         346.971           100               
GPU 0           0.950        0.534        1350         342.761           100               
GPU 0           0.956        0.539        1365         348.721           100               
GPU 0           0.946        0.500        1485         343.515           100               
GPU 0           0.929        0.485        1350         347.401           100               
GPU 0           0.954        0.598        1215         346.268           100               
#Entity         SMACT        TENSO        SMCLK        POWER             GPUTL             
ID                                                      W                                  
GPU 0           0.952        0.543        1425         344.138           100               
GPU 0           0.954        0.543        1320         345.282           100               
GPU 0           0.954        0.526        1395         341.845           100               
GPU 0           0.954        0.545        1320         346.128           100               
GPU 0           0.927        0.416        1395         341.688           100               
GPU 0           0.945        0.568        1350         345.990           100               
GPU 0           0.954        0.604        1245         344.010           100               
GPU 0           0.953        0.529        1425         344.913           100               
GPU 0           0.954        0.544        1305         343.739           100               
GPU 0           0.954        0.525        1410         343.149           100               
GPU 0           0.954        0.545        1305         346.826           100               
GPU 0           0.928        0.424        1365         344.009           100               
GPU 0           0.945        0.569        1305         347.821           100               
GPU 0           0.952        0.602        1320         342.731           100               
#Entity         SMACT        TENSO        SMCLK        POWER             GPUTL             
ID                                                      W                                  
GPU 0           0.957        0.529        1395         345.899           100               
GPU 0           0.950        0.537        1395         343.072           100               
GPU 0           0.955        0.529        1395         344.019           100               
GPU 0           0.952        0.543        1365         345.223           100               
GPU 0           0.925        0.428        1335         344.965           100               
GPU 0           0.946        0.573        1170         347.394           100               
GPU 0           0.954        0.585        1380         342.379           100               
GPU 0           0.957        0.536        1365         345.686           100               
GPU 0           0.950        0.531        1380         342.625           100               
GPU 0           0.957        0.538        1395         346.676           100               
GPU 0           0.950        0.533        1395         342.374           100               
GPU 0           0.925        0.442        1320         345.861           100               
GPU 0           0.949        0.607        1215         346.846           100               
GPU 0           0.956        0.542        1425         343.277           100               
#Entity         SMACT        TENSO        SMCLK        POWER             GPUTL             
ID                                                      W                                  
GPU 0           0.954        0.542        1320         345.257           100               
GPU 0           0.952        0.525        1380         341.817           100               
GPU 0           0.956        0.545        1320         347.374           100               
GPU 0           0.947        0.503        1500         342.958           100               
GPU 0           0.928        0.476        1305         345.780           100               
GPU 0           0.952        0.603        1200         344.661           100               
GPU 0           0.951        0.542        1425         344.139           100               
GPU 0           0.953        0.544        1350         343.844           100               
GPU 0           0.954        0.523        1395         342.824           100               
GPU 0           0.953        0.547        1335         346.404           100               
GPU 0           0.929        0.409        1395         342.889           100               
GPU 0           0.945        0.577        1335         345.138           100               
GPU 0           0.952        0.606        1305         342.482           100               
GPU 0           0.957        0.530        1410         346.025           100               
#Entity         SMACT        TENSO        SMCLK        POWER             GPUTL             
ID                                                      W                                  
GPU 0           0.950        0.536        1380         342.787           100               
GPU 0           0.956        0.532        1395         344.152           100               
GPU 0           0.951        0.538        1380         343.737           100               
GPU 0           0.929        0.421        1350         343.932           100               
GPU 0           0.943        0.576        1320         344.596           100               
GPU 0           0.953        0.591        1365         341.696           100               
GPU 0           0.957        0.538        1365         345.409           100               
GPU 0           0.950        0.532        1380         343.067           100               
GPU 0           0.956        0.538        1350         345.525           100               
GPU 0           0.951        0.533        1395         343.454           100               
GPU 0           0.928        0.435        1305         343.947           100               
GPU 0           0.945        0.573        1200         345.830           100               
GPU 0           0.954        0.586        1395         342.973           100               
GPU 0           0.954        0.547        1335         342.924           100               
#Entity         SMACT        TENSO        SMCLK        POWER             GPUTL             
ID                                                      W                                  
GPU 0           0.954        0.523        1410         343.306           100               
GPU 0           0.953        0.546        1320         344.845           100               
GPU 0           0.954        0.524        1410         341.369           100               
GPU 0           0.926        0.445        1365         345.495           100               
GPU 0           0.946        0.585        1185         345.264           100               
GPU 0           0.955        0.562        1410         345.187           100               
GPU 0           0.953        0.546        1320         345.530           100               
GPU 0           0.954        0.525        1380         344.805           100               
GPU 0           0.953        0.546        1335         347.529           100               
GPU 0           0.956        0.526        1515         345.653           100               
GPU 0           0.923        0.449        1350         348.499           100               
GPU 0           0.951        0.604        1230         347.685           100               
GPU 0           0.956        0.541        1380         349.237           100               
GPU 0           0.950        0.534        1395         346.355           100               
#Entity         SMACT        TENSO        SMCLK        POWER             GPUTL             
ID                                                      W                                  
GPU 0           0.956        0.533        1395         346.149           100               
GPU 0           0.951        0.538        1365         347.247           100               
GPU 0           0.931        0.417        1395         346.420           100               
GPU 0           0.945        0.569        1305         348.238           100               
GPU 0           0.951        0.602        1305         346.331           100               
GPU 0           0.951        0.525        1395         345.469           100               
GPU 0           0.956        0.545        1350         346.640           100               
GPU 0           0.952        0.525        1395         344.453           100               
GPU 0           0.929        0.431        1395         346.472           100               
GPU 0           0.945        0.568        1305         348.378           100               
GPU 0           0.951        0.590        1365         346.360           100               
GPU 0           0.955        0.547        1305         349.241           100               
GPU 0           0.953        0.526        1395         344.940           100               
GPU 0           0.953        0.546        1305         347.425           100               
#Entity         SMACT        TENSO        SMCLK        POWER             GPUTL             
ID                                                      W                                  
GPU 0           0.954        0.526        1410         345.029           100               
GPU 0           0.928        0.439        1365         348.279           100               
GPU 0           0.946        0.573        1200         348.406           100               
GPU 0           0.956        0.588        1365         347.795           100               
GPU 0           0.952        0.542        1395         346.635           100               
GPU 0           0.955        0.527        1395         344.732           100               
GPU 0           0.952        0.544        1365         346.413           100               
GPU 0           0.955        0.526        1395         343.834           100               
GPU 0           0.923        0.439        1320         348.698           100               
GPU 0           0.945        0.591        1305         348.237           100               
GPU 0           0.960        0.566        1395         349.033           100               
GPU 0           0.949        0.536        1395         346.033           100               
GPU 0           0.956        0.533        1365         345.989           100               
GPU 0           0.951        0.537        1350         346.684           100               
#Entity         SMACT        TENSO        SMCLK        POWER             GPUTL             
ID                                                      W                                  
GPU 0           0.957        0.536        1530         346.035           100               
GPU 0           0.921        0.442        1305         347.590           100               
GPU 0           0.948        0.613        1245         346.654           100               
GPU 0           0.956        0.541        1320         346.940           100               
GPU 0           0.952        0.526        1425         342.956           100               
GPU 0           0.956        0.542        1350         344.554           100               
GPU 0           0.951        0.527        1395         343.244           100               
GPU 0           0.934        0.442        1425         344.516           100               
GPU 0           0.941        0.554        1320         343.603           100               
GPU 0           0.952        0.594        1320         344.221           100               
GPU 0           0.954        0.552        1335         345.321           100               
GPU 0           0.953        0.523        1410         342.366           100               
GPU 0           0.953        0.544        1320         344.068           100               
GPU 0           0.954        0.525        1395         343.536           100               
#Entity         SMACT        TENSO        SMCLK        POWER             GPUTL             
ID                                                      W                                  
GPU 0           0.930        0.429        1380         346.286           100               
GPU 0           0.943        0.575        1320         344.544           100               
GPU 0           0.954        0.590        1350         345.042           100               
GPU 0           0.953        0.547        1350         344.566           100               
GPU 0           0.956        0.527        1410         344.822           100               
GPU 0           0.952        0.545        1350         345.099           100               
GPU 0           0.955        0.526        1410         344.971           100               
GPU 0           0.929        0.433        1335         346.489           100               
GPU 0           0.943        0.574        1230         345.697           100               
GPU 0           0.959        0.589        1365         346.210           100               
GPU 0           0.950        0.536        1395         344.475           100               
GPU 0           0.957        0.533        1395         345.991           100               
GPU 0           0.951        0.536        1365         344.519           100               
GPU 0           0.956        0.537        1365         345.175           100               
#Entity         SMACT        TENSO        SMCLK        POWER             GPUTL             
ID                                                      W                                  
GPU 0           0.923        0.439        1305         345.476           100               
GPU 0           0.944        0.583        1215         346.722           100               
GPU 0           0.958        0.575        1320         346.448           100               
GPU 0           0.952        0.527        1410         344.100           100               
GPU 0           0.956        0.542        1320         345.645           100               
GPU 0           0.952        0.527        1410         343.324           100               
GPU 0           0.955        0.543        1365         345.070           100               
GPU 0           0.921        0.443        1290         345.378           100               
GPU 0           0.950        0.607        1200         347.599           100               
GPU 0           0.955        0.550        1320         345.235           100               
GPU 0           0.954        0.524        1425         344.671           100               
GPU 0           0.954        0.544        1305         344.871           100               
GPU 0           0.953        0.527        1410         344.278           100               
GPU 0           0.939        0.461        1440         345.592           100               
#Entity         SMACT        TENSO        SMCLK        POWER             GPUTL             
ID                                                      W                                  
GPU 0           0.937        0.530        1305         345.691           100               
GPU 0           0.952        0.598        1290         347.611           100               
GPU 0           0.953        0.549        1365         345.574           100               
GPU 0           0.955        0.528        1395         345.534           100               
GPU 0           0.952        0.541        1350         343.331           100               
GPU 0           0.957        0.532        1380         346.966           100               
GPU 0           0.926        0.425        1380         347.693           100               
GPU 0           0.944        0.575        1305         346.443           100               
GPU 0           0.954        0.604        1260         347.077           100               
GPU 0           0.953        0.529        1410         345.920           100               
GPU 0           0.954        0.544        1305         344.551           100               
GPU 0           0.953        0.525        1440         344.149           100               
GPU 0           0.954        0.543        1305         346.766           100               
GPU 0           0.928        0.426        1335         345.744           100               
#Entity         SMACT        TENSO        SMCLK        POWER             GPUTL             
ID                                                      W                                  
GPU 0           0.946        0.571        1305         348.380           100               
GPU 0           0.954        0.605        1335         343.503           100               
GPU 0           0.957        0.530        1380         345.844           100               
GPU 0           0.950        0.534        1380         343.486           100               
GPU 0           0.956        0.539        1335         344.794           100               
GPU 0           0.951        0.532        1410         344.831           100               
GPU 0           0.928        0.435        1320         344.003           100               
GPU 0           0.944        0.571        1185         347.899           100               
GPU 0           0.957        0.586        1395         342.896           100               
GPU 0           0.953        0.546        1320         344.475           100               
GPU 0           0.953        0.524        1410         341.359           100               
GPU 0           0.953        0.545        1305         345.223           100               
GPU 0           0.953        0.525        1395         341.726           100               
GPU 0           0.925        0.445        1365         346.465           100               
#Entity         SMACT        TENSO        SMCLK        POWER             GPUTL             
ID                                                      W                                  
GPU 0           0.946        0.580        1155         345.894           100               
GPU 0           0.957        0.570        1380         347.033           100               
GPU 0           0.951        0.542        1395         346.435           100               
GPU 0           0.955        0.527        1365         345.572           100               
GPU 0           0.951        0.542        1365         346.830           100               
GPU 0           0.956        0.529        1530         345.666           100               
GPU 0           0.921        0.445        1335         349.731           100               
GPU 0           0.949        0.611        1200         345.928           100               
GPU 0           0.955        0.545        1290         349.427           100               
GPU 0           0.953        0.526        1410         346.096           100               
GPU 0           0.954        0.545        1260         344.552           100               
GPU 0           0.953        0.527        1425         346.394           100               
GPU 0           0.938        0.459        1440         346.482           100               
GPU 0           0.938        0.535        1305         348.121           100               
#Entity         SMACT        TENSO        SMCLK        POWER             GPUTL             
ID                                                      W                                  
GPU 0           0.951        0.598        1290         348.094           100               
GPU 0           0.953        0.548        1380         346.316           100               
GPU 0           0.956        0.529        1380         344.943           100               
GPU 0           0.951        0.539        1350         345.060           100               
GPU 0           0.957        0.535        1395         345.619           100               
GPU 0           0.926        0.424        1380         346.862           100               
GPU 0           0.943        0.576        1305         345.516           100               
GPU 0           0.953        0.607        1260         344.804           100               
GPU 0           0.953        0.527        1425         343.992           100               
GPU 0           0.953        0.546        1320         342.749           100               
GPU 0           0.954        0.523        1425         343.744           100               
GPU 0           0.954        0.545        1305         345.850           100               
GPU 0           0.928        0.421        1350         345.414           100               
GPU 0           0.944        0.573        1305         347.195           100               
#Entity         SMACT        TENSO        SMCLK        POWER             GPUTL             
ID                                                      W                                  
GPU 0           0.953        0.596        1350         343.037           100               
GPU 0           0.957        0.536        1365         345.627           100               
GPU 0           0.950        0.533        1365         343.156           100               
GPU 0           0.956        0.542        1260         345.194           100               
GPU 0           0.953        0.529        1395         345.085           100               
GPU 0           0.927        0.438        1350         345.371           100               
GPU 0           0.946        0.571        1200         348.354           100               
GPU 0           0.955        0.584        1395         344.348           100               
GPU 0           0.953        0.547        1365         344.563           100               
GPU 0           0.954        0.523        1395         344.698           100               
GPU 0           0.954        0.546        1320         347.456           100               
GPU 0           0.953        0.526        1500         344.398           100               
GPU 0           0.925        0.444        1290         349.425           100               
GPU 0           0.948        0.583        1215         347.796           100               
#Entity         SMACT        TENSO        SMCLK        POWER             GPUTL             
ID                                                      W                                  
GPU 0           0.950        0.536        1410         345.193           100               
GPU 0           0.957        0.534        1350         344.403           100               
GPU 0           0.951        0.533        1395         346.088           100               
GPU 0           0.957        0.537        1425         344.992           100               
GPU 0           0.921        0.443        1305         347.841           100               
GPU 0           0.949        0.613        1305         346.049           100               
GPU 0           0.955        0.543        1335         346.535           100               
GPU 0           0.954        0.525        1395         343.836           100               
GPU 0           0.953        0.543        1290         343.935           100               
GPU 0           0.954        0.528        1380         344.966           100               
GPU 0           0.940        0.466        1395         346.357           100               
GPU 0           0.936        0.530        1275         346.850           100               
GPU 0           0.953        0.603        1290         347.793           100               
GPU 0           0.953        0.543        1410         345.228           100               
#Entity         SMACT        TENSO        SMCLK        POWER             GPUTL             
ID                                                      W                                  
GPU 0           0.957        0.536        1320         345.016           100               
GPU 0           0.950        0.535        1395         343.711           100               
GPU 0           0.956        0.537        1275         346.536           100               
GPU 0           0.926        0.423        1335         345.455           100               
GPU 0           0.944        0.569        1290         345.636           100               
GPU 0           0.953        0.613        1335         344.440           100               
GPU 0           0.955        0.529        1365         345.649           100               
GPU 0           0.951        0.539        1395         342.214           100               
GPU 0           0.957        0.532        1350         344.110           100               
GPU 0           0.949        0.534        1395         344.361           100               
GPU 0           0.929        0.426        1290         343.512           100               
GPU 0           0.944        0.571        1200         346.340           100               
GPU 0           0.953        0.591        1380         341.721           100               
GPU 0           0.954        0.550        1350         345.040           100               
#Entity         SMACT        TENSO        SMCLK        POWER             GPUTL             
ID                                                      W                                  
GPU 0           0.954        0.524        1380         342.914           100               
GPU 0           0.953        0.545        1305         345.775           100               
GPU 0           0.954        0.527        1380         341.878           100               
GPU 0           0.927        0.435        1305         346.123           100               
GPU 0           0.944        0.578        1140         344.958           100               
GPU 0           0.958        0.591        1290         344.963           100               
GPU 0           0.951        0.533        1425         342.901           100               
GPU 0           0.956        0.538        1290         343.890           100               
GPU 0           0.951        0.531        1395         344.089           100               
GPU 0           0.956        0.541        1455         344.258           100               
GPU 0           0.924        0.435        1320         346.810           100               
GPU 0           0.945        0.578        1215         345.574           100               
GPU 0           0.956        0.587        1350         346.048           100               
GPU 0           0.953        0.525        1380         345.292           100               
#Entity         SMACT        TENSO        SMCLK        POWER             GPUTL             
ID                                                      W                                  
GPU 0           0.954        0.548        1380         343.615           100               
GPU 0           0.954        0.524        1380         346.410           100               
GPU 0           0.953        0.546        1440         346.095           100               
GPU 0           0.924        0.440        1305         345.009           100               
GPU 0           0.949        0.606        1200         347.603           100               
GPU 0           0.954        0.539        1410         344.337           100               
GPU 0           0.955        0.544        1305         343.580           100               
GPU 0           0.953        0.526        1395         343.012           100               
GPU 0           0.953        0.546        1305         345.110           100               
GPU 0           0.951        0.516        1395         344.474           100               
GPU 0           0.925        0.464        1320         345.258           100               
GPU 0           0.950        0.605        1305         343.226           100               
GPU 0           0.956        0.542        1350         346.468           100               
GPU 0           0.951        0.535        1395         343.855           100               
#Entity         SMACT        TENSO        SMCLK        POWER             GPUTL             
ID                                                      W                                  
GPU 0           0.957        0.536        1320         344.575           100               
GPU 0           0.950        0.536        1410         346.187           100               
GPU 0           0.933        0.427        1380         345.588           100               
GPU 0           0.944        0.561        1290         347.328           100               
GPU 0           0.950        0.598        1350         345.395           100               
GPU 0           0.954        0.554        1350         346.218           100               
GPU 0           0.954        0.524        1380         346.851           100               
GPU 0           0.953        0.548        1380         345.303           100               
GPU 0           0.954        0.524        1350         346.599           100               
GPU 0           0.929        0.431        1380         347.882           100               
GPU 0           0.945        0.568        1260         347.288           100               
GPU 0           0.956        0.600        1290         347.410           100               
GPU 0           0.950        0.538        1410         345.049           100               
GPU 0           0.956        0.538        1275         345.797           100               
#Entity         SMACT        TENSO        SMCLK        POWER             GPUTL             
ID                                                      W                                  
GPU 0           0.951        0.529        1410         345.738           100               
GPU 0           0.955        0.542        1305         346.755           100               
GPU 0           0.929        0.429        1260         345.865           100               
GPU 0           0.943        0.574        1110         347.641           100               
GPU 0           0.953        0.603        1380         342.084           100               
GPU 0           0.957        0.532        1335         344.779           100               
GPU 0           0.949        0.533        1395         342.153           100               
GPU 0           0.957        0.538        1275         344.884           100               
GPU 0           0.950        0.532        1410         344.220           100               
GPU 0           0.928        0.436        1290         344.663           100               
GPU 0           0.947        0.576        1155         347.298           100               
GPU 0           0.955        0.586        1380         345.249           100               
GPU 0           0.953        0.550        1395         343.434           100               
GPU 0           0.955        0.522        1350         344.699           100               
#Entity         SMACT        TENSO        SMCLK        POWER             GPUTL             
ID                                                      W                                  
GPU 0           0.953        0.546        1380         345.997           100               
GPU 0           0.955        0.527        1500         343.299           100               
GPU 0           0.926        0.439        1305         346.897           100               
GPU 0           0.944        0.590        1215         344.442           100               
GPU 0           0.959        0.571        1320         347.581           100               
GPU 0           0.951        0.528        1425         344.604           100               
GPU 0           0.956        0.542        1290         344.529           100               
GPU 0           0.951        0.527        1395         344.894           100               
GPU 0           0.955        0.546        1455         346.564           100               
GPU 0           0.923        0.442        1275         347.167           100               
GPU 0           0.948        0.606        1260         348.583           100               
GPU 0           0.955        0.553        1380         346.546           100               
GPU 0           0.955        0.527        1335         347.137           100               
GPU 0           0.952        0.538        1380         344.582           100               
#Entity         SMACT        TENSO        SMCLK        POWER             GPUTL             
ID                                                      W                                  
GPU 0           0.956        0.537        1275         345.969           100               
GPU 0           0.945        0.501        1395         345.990           100               
GPU 0           0.929        0.485        1260         345.283           100               
GPU 0           0.952        0.605        1290         345.704           100               
GPU 0           0.952        0.539        1395         345.134           100               
GPU 0           0.953        0.548        1350         343.021           100               
GPU 0           0.954        0.525        1380         344.697           100               
GPU 0           0.952        0.545        1395         344.125           100               
GPU 0           0.931        0.412        1335         342.440           100               
GPU 0           0.945        0.571        1305         347.411           100               
GPU 0           0.953        0.603        1350         343.180           100               
GPU 0           0.955        0.546        1320         345.215           100               
GPU 0           0.953        0.526        1395         344.021           100               
GPU 0           0.953        0.546        1320         345.038           100               
#Entity         SMACT        TENSO        SMCLK        POWER             GPUTL             
ID                                                      W                                  
GPU 0           0.953        0.527        1395         345.923           100               
GPU 0           0.930        0.430        1305         345.771           100               
GPU 0           0.944        0.572        1290         345.963           100               
GPU 0           0.956        0.600        1260         346.747           100               
GPU 0           0.950        0.536        1410         344.836           100               
GPU 0           0.956        0.540        1260         345.102           100               
GPU 0           0.952        0.529        1410         344.838           100               
GPU 0           0.953        0.545        1305         344.214           100               
GPU 0           0.925        0.427        1320         345.219           100               
GPU 0           0.945        0.572        1140         346.361           100               
GPU 0           0.952        0.599        1380         342.209           100               
GPU 0           0.956        0.535        1320         345.152           100               
GPU 0           0.950        0.534        1380         342.825           100               
GPU 0           0.956        0.539        1260         343.849           100               
#Entity         SMACT        TENSO        SMCLK        POWER             GPUTL             
ID                                                      W                                  
GPU 0           0.953        0.529        1410         344.035           100               
GPU 0           0.926        0.438        1305         343.701           100               
GPU 0           0.946        0.576        1140         345.999           100               
GPU 0           0.957        0.587        1335         343.925           100               
GPU 0           0.951        0.537        1395         342.110           100               
GPU 0           0.957        0.538        1335         343.279           100               
GPU 0           0.950        0.535        1410         344.692           100               
GPU 0           0.957        0.536        1470         342.815           100               
GPU 0           0.923        0.439        1335         347.056           100               
GPU 0           0.945        0.581        1215         345.522           100               
GPU 0           0.957        0.582        1335         345.148           100               
GPU 0           0.954        0.526        1395         344.583           100               
GPU 0           0.953        0.546        1335         343.074           100               
GPU 0           0.953        0.526        1365         346.124           100               
#Entity         SMACT        TENSO        SMCLK        POWER             GPUTL             
ID                                                      W                                  
GPU 0           0.952        0.550        1440         346.593           100               
GPU 0           0.925        0.439        1275         346.290           100               
GPU 0           0.949        0.609        1170         348.460           100               
GPU 0           0.955        0.539        1395         345.565           100               
GPU 0           0.953        0.546        1320         343.500           100               
GPU 0           0.953        0.526        1380         343.280           100               
GPU 0           0.952        0.548        1350         344.744           100               
GPU 0           0.923        0.450        1305         345.878           100               
GPU 0           0.950        0.608        1290         343.489           100               
GPU 0           0.955        0.543        1305         346.224           100               
GPU 0           0.951        0.529        1395         343.463           100               
GPU 0           0.955        0.544        1275         343.232           100               
GPU 0           0.952        0.528        1410         346.162           100               
GPU 0           0.934        0.454        1350         345.190           100               
#Entity         SMACT        TENSO        SMCLK        POWER             GPUTL             
ID                                                      W                                  
GPU 0           0.938        0.540        1275         346.785           100               
GPU 0           0.951        0.597        1305         346.466           100               
GPU 0           0.953        0.545        1395         344.985           100               
GPU 0           0.955        0.536        1350         345.381           100               
GPU 0           0.950        0.534        1395         344.211           100               
GPU 0           0.956        0.536        1305         345.818           100               
GPU 0           0.928        0.423        1335         346.057           100               
GPU 0           0.944        0.572        1260         347.002           100               
GPU 0           0.952        0.615        1350         342.885           100               
GPU 0           0.957        0.530        1350         345.034           100               
GPU 0           0.950        0.534        1395         342.275           100               
GPU 0           0.956        0.537        1260         344.360           100               
GPU 0           0.949        0.529        1410         344.450           100               
GPU 0           0.928        0.431        1305         345.037           100               
#Entity         SMACT        TENSO        SMCLK        POWER             GPUTL             
ID                                                      W                                  
GPU 0           0.945        0.572        1185         347.210           100               
GPU 0           0.954        0.593        1350         343.281           100               
GPU 0           0.953        0.549        1395         343.985           100               
GPU 0           0.955        0.526        1305         343.852           100               
GPU 0           0.951        0.539        1380         345.231           100               
GPU 0           0.957        0.538        1275         344.752           100               
GPU 0           0.923        0.431        1290         347.226           100               
GPU 0           0.943        0.578        1095         346.011           100               
GPU 0           0.954        0.604        1380         345.058           100               
GPU 0           0.956        0.527        1350         345.984           100               
GPU 0           0.950        0.536        1395         342.999           100               
GPU 0           0.957        0.535        1305         346.645           100               
GPU 0           0.950        0.536        1395         344.927           100               
GPU 0           0.930        0.434        1290         344.864           100               
#Entity         SMACT        TENSO        SMCLK        POWER             GPUTL             
ID                                                      W                                  
GPU 0           0.944        0.575        1185         347.759           100               
GPU 0           0.954        0.585        1380         346.359           100               
GPU 0           0.953        0.551        1365         343.633           100               
GPU 0           0.955        0.522        1335         344.698           100               
GPU 0           0.951        0.540        1380         345.091           100               
GPU 0           0.956        0.537        1485         343.421           100               
GPU 0           0.924        0.438        1320         346.591           100               
GPU 0           0.946        0.586        1185         344.242           100               
GPU 0           0.958        0.578        1305         344.442           100               
GPU 0           0.953        0.527        1380         344.503           100               
GPU 0           0.953        0.548        1335         342.010           100               
GPU 0           0.955        0.527        1350         345.375           100               
GPU 0           0.950        0.538        1470         342.783           100               
GPU 0           0.925        0.443        1260         343.555           100               
#Entity         SMACT        TENSO        SMCLK        POWER             GPUTL             
ID                                                      W                                  
GPU 0           0.947        0.601        1215         345.466           100               
GPU 0           0.955        0.551        1395         344.814           100               
GPU 0           0.953        0.547        1335         343.050           100               
GPU 0           0.953        0.524        1395         344.013           100               
GPU 0           0.953        0.548        1335         344.062           100               
GPU 0           0.955        0.526        1395         344.550           100               
GPU 0           0.922        0.448        1305         345.566           100               
GPU 0           0.948        0.613        1290         343.420           100               
GPU 0           0.955        0.544        1305         346.339           100               
GPU 0           0.953        0.526        1380         344.880           100               
GPU 0           0.954        0.547        1335         344.530           100               
GPU 0           0.953        0.526        1350         346.425           100               
GPU 0           0.942        0.483        1365         344.624           100               
GPU 0           0.933        0.517        1305         346.120           100               
#Entity         SMACT        TENSO        SMCLK        POWER             GPUTL             
ID                                                      W                                  
GPU 0           0.953        0.597        1245         344.279           100               
GPU 0           0.950        0.545        1395         344.903           100               
GPU 0           0.953        0.545        1320         344.289           100               
GPU 0           0.954        0.527        1335         346.104           100               
GPU 0           0.952        0.542        1365         344.228           100               
GPU 0           0.931        0.417        1380         344.600           100               
GPU 0           0.945        0.567        1305         346.225           100               
GPU 0           0.949        0.599        1350         344.167           100               
GPU 0           0.953        0.552        1350         344.476           100               
GPU 0           0.954        0.524        1350         344.408           100               
GPU 0           0.954        0.550        1350         344.393           100               
GPU 0           0.957        0.529        1335         346.070           100               
GPU 0           0.926        0.424        1335         345.044           100               
GPU 0           0.945        0.578        1260         346.864           100               
#Entity         SMACT        TENSO        SMCLK        POWER             GPUTL             
ID                                                      W                                  
GPU 0           0.953        0.610        1335         344.018           100               
GPU 0           0.954        0.529        1365         345.979           100               
GPU 0           0.951        0.541        1365         343.197           100               
GPU 0           0.957        0.532        1335         346.322           100               
GPU 0           0.950        0.536        1395         344.289           100               
GPU 0           0.930        0.425        1305         345.409           100               
GPU 0           0.945        0.572        1185         347.312           100               
GPU 0           0.953        0.595        1350         344.725           100               
GPU 0           0.953        0.548        1380         343.230           100               
GPU 0           0.956        0.530        1305         343.591           100               
GPU 0           0.949        0.536        1380         345.552           100               
GPU 0           0.956        0.538        1260         344.376           100               
GPU 0           0.926        0.431        1305         346.416           100               
GPU 0           0.943        0.576        1110         345.733           100               
#Entity         SMACT        TENSO        SMCLK        POWER             GPUTL             
ID                                                      W                                  
GPU 0           0.955        0.605        1365         344.570           100               
GPU 0           0.955        0.525        1365         345.834           100               
GPU 0           0.951        0.543        1365         343.066           100               
GPU 0           0.957        0.533        1260         345.542           100               
GPU 0           0.950        0.532        1410         343.523           100               
GPU 0           0.927        0.438        1305         344.509           100               
GPU 0           0.945        0.574        1125         347.288           100               
GPU 0           0.956        0.589        1335         345.640           100               
GPU 0           0.952        0.539        1395         343.687           100               
GPU 0           0.957        0.536        1305         344.784           100               
GPU 0           0.950        0.534        1395         345.267           100               
GPU 0           0.955        0.540        1410         343.315           100               
GPU 0           0.924        0.437        1305         347.880           100               
GPU 0           0.944        0.576        1230         346.198           100               
#Entity         SMACT        TENSO        SMCLK        POWER             GPUTL             
ID                                                      W                                  
GPU 0           0.956        0.596        1365         347.234           100               
GPU 0           0.955        0.523        1380         347.630           100               
GPU 0           0.951        0.542        1365         344.732           100               
GPU 0           0.957        0.532        1275         346.877           100               
GPU 0           0.949        0.534        1500         345.711           100               
GPU 0           0.926        0.444        1275         344.614           100               
GPU 0           0.947        0.593        1230         347.569           100               
GPU 0           0.955        0.559        1365         346.683           100               
GPU 0           0.952        0.549        1365         343.696           100               
GPU 0           0.954        0.522        1335         345.394           100               
GPU 0           0.951        0.541        1380         345.084           100               
GPU 0           0.957        0.534        1425         344.265           100               
GPU 0           0.922        0.445        1290         347.008           100               
GPU 0           0.947        0.608        1260         344.519           100               
#Entity         SMACT        TENSO        SMCLK        POWER             GPUTL             
ID                                                      W                                  
GPU 0           0.954        0.553        1365         345.979           100               
GPU 0           0.954        0.525        1380         345.711           100               
GPU 0           0.951        0.541        1380         341.960           100               
GPU 0           0.956        0.534        1335         345.227           100               
GPU 0           0.943        0.495        1380         344.110           100               
GPU 0           0.928        0.492        1230         344.589           100               
GPU 0           0.952        0.607        1305         343.579           100               
GPU 0           0.952        0.542        1380         345.029           100               
GPU 0           0.952        0.540        1380         341.949           100               
GPU 0           0.958        0.533        1305         344.646           100               
GPU 0           0.949        0.537        1395         344.734           100               
GPU 0           0.934        0.432        1350         344.274           100               
GPU 0           0.941        0.559        1320         346.681           100               
GPU 0           0.951        0.596        1320         344.667           100               
#Entity         SMACT        TENSO        SMCLK        POWER             GPUTL             
ID                                                      W                                  
GPU 0           0.952        0.553        1380         345.109           100               
GPU 0           0.955        0.524        1335         345.113           100               
GPU 0           0.951        0.540        1365         344.679           100               
GPU 0           0.957        0.538        1290         345.069           100               
GPU 0           0.929        0.423        1335         345.738           100               
GPU 0           0.944        0.571        1275         344.276           100               
GPU 0           0.951        0.616        1365         342.839           100               
GPU 0           0.955        0.526        1350         345.157           100               
GPU 0           0.951        0.537        1365         342.782           100               
GPU 0           0.957        0.537        1275         345.065           100               
GPU 0           0.950        0.532        1380         344.323           100               
GPU 0           0.928        0.431        1320         344.048           100               
GPU 0           0.945        0.571        1185         347.470           100               
GPU 0           0.954        0.594        1350         344.326           100               
#Entity         SMACT        TENSO        SMCLK        POWER             GPUTL             
ID                                                      W                                  
GPU 0           0.953        0.546        1395         344.197           100               
GPU 0           0.955        0.529        1305         345.289           100               
GPU 0           0.951        0.536        1395         346.685           100               
GPU 0           0.956        0.539        1260         345.340           100               
GPU 0           0.925        0.431        1305         348.806           100               
GPU 0           0.944        0.578        1080         347.407           100               
GPU 0           0.955        0.607        1365         346.566           100               
GPU 0           0.955        0.538        1335         344.382           100               
GPU 0           0.956        0.537        1245         347.554           100               
GPU 0           0.950        0.531        1395         345.322           100               
GPU 0           0.928        0.440        1305         345.404           100               
GPU 0           0.944        0.573        1155         347.525           100               
GPU 0           0.956        0.587        1335         344.157           100               
GPU 0           0.952        0.538        1395         341.678           100               
#Entity         SMACT        TENSO        SMCLK        POWER             GPUTL             
ID                                                      W                                  
GPU 0           0.957        0.538        1305         343.358           100               
GPU 0           0.949        0.534        1395         344.295           100               
GPU 0           0.956        0.537        1410         342.896           100               
GPU 0           0.922        0.440        1305         347.746           100               
GPU 0           0.945        0.577        1215         345.829           100               
GPU 0           0.956        0.593        1350         345.548           100               
GPU 0           0.954        0.524        1350         346.625           100               
GPU 0           0.952        0.541        1365         343.137           100               
GPU 0           0.956        0.536        1245         346.826           100               
GPU 0           0.950        0.532        1500         346.214           100               
GPU 0           0.926        0.446        1290         344.885           100               
GPU 0           0.946        0.589        1260         347.056           100               
GPU 0           0.956        0.559        1395         345.419           100               
GPU 0           0.954        0.545        1320         344.143           100               
#Entity         SMACT        TENSO        SMCLK        POWER             GPUTL             
ID                                                      W                                  
GPU 0           0.953        0.525        1350         344.131           100               
GPU 0           0.952        0.549        1335         345.421           100               
GPU 0           0.955        0.527        1395         343.994           100               
GPU 0           0.923        0.447        1290         347.349           100               
GPU 0           0.950        0.615        1290         343.725           100               
GPU 0           0.955        0.545        1320         346.372           100               
GPU 0           0.953        0.526        1410         344.815           100               
GPU 0           0.953        0.545        1305         344.238           100               
GPU 0           0.954        0.526        1395         345.494           100               
GPU 0           0.939        0.472        1380         345.128           100               
GPU 0           0.937        0.524        1275         345.682           100               
GPU 0           0.952        0.599        1245         345.046           100               
GPU 0           0.952        0.545        1410         346.218           100               
GPU 0           0.954        0.544        1290         345.423           100               
#Entity         SMACT        TENSO        SMCLK        POWER             GPUTL             
ID                                                      W                                  
GPU 0           0.953        0.528        1350         347.312           100               
GPU 0           0.953        0.551        1350         345.344           100               
GPU 0           0.931        0.410        1365         345.514           100               
GPU 0           0.943        0.570        1290         347.419           100               
GPU 0           0.952        0.602        1365         344.827           100               
GPU 0           0.955        0.543        1320         346.139           100               
GPU 0           0.953        0.526        1380         344.109           100               
GPU 0           0.954        0.546        1275         344.466           100               
GPU 0           0.952        0.528        1365         346.236           100               
GPU 0           0.928        0.430        1305         345.769           100               
GPU 0           0.945        0.572        1260         347.363           100               
GPU 0           0.954        0.604        1275         344.716           100               
GPU 0           0.952        0.532        1410         345.014           100               
GPU 0           0.953        0.544        1275         343.713           100               
#Entity         SMACT        TENSO        SMCLK        POWER             GPUTL             
ID                                                      W                                  
GPU 0           0.953        0.528        1410         344.883           100               
GPU 0           0.953        0.544        1305         343.491           100               
GPU 0           0.927        0.426        1305         345.889           100               
GPU 0           0.945        0.573        1155         346.221           100               
GPU 0           0.955        0.597        1380         343.637           100               
GPU 0           0.956        0.539        1305         345.427           100               
GPU 0           0.952        0.527        1380         342.782           100               
GPU 0           0.955        0.548        1290         345.046           100               
GPU 0           0.953        0.529        1380         345.118           100               
GPU 0           0.928        0.435        1260         346.852           100               
GPU 0           0.944        0.577        1185         347.226           100               
GPU 0           0.958        0.591        1305         346.692           100               
GPU 0           0.950        0.535        1410         344.136           100               
GPU 0           0.956        0.538        1245         344.640           100               
#Entity         SMACT        TENSO        SMCLK        POWER             GPUTL             
ID                                                      W                                  
GPU 0           0.951        0.528        1395         346.246           100               
GPU 0           0.954        0.545        1395         344.436           100               
GPU 0           0.925        0.435        1230         347.518           100               
GPU 0           0.945        0.578        1185         347.516           100               
GPU 0           0.954        0.590        1395         344.489           100               
GPU 0           0.956        0.538        1290         344.818           100               
GPU 0           0.951        0.528        1410         342.872           100               
GPU 0           0.956        0.544        1260         345.065           100               
GPU 0           0.952        0.528        1515         345.057           100               
GPU 0           0.925        0.448        1305         344.801           100               
GPU 0           0.946        0.580        1215         346.038           100               
GPU 0           0.959        0.575        1320         346.110           100               
GPU 0           0.950        0.534        1380         342.769           100               
GPU 0           0.956        0.539        1215         344.429           100               
#Entity         SMACT        TENSO        SMCLK        POWER             GPUTL             
ID                                                      W                                  
GPU 0           0.952        0.531        1380         346.066           100               
GPU 0           0.952        0.547        1425         344.450           100               
GPU 0           0.923        0.441        1260         348.165           100               
GPU 0           0.949        0.608        1260         346.935           100               
GPU 0           0.954        0.549        1395         346.566           100               
GPU 0           0.958        0.535        1320         347.350           100               
GPU 0           0.950        0.536        1395         343.516           100               
GPU 0           0.956        0.539        1290         345.274           100               
GPU 0           0.947        0.507        1395         345.939           100               
GPU 0           0.928        0.475        1290         345.579           100               
GPU 0           0.953        0.606        1290         346.091           100               
GPU 0           0.955        0.543        1380         347.302           100               
GPU 0           0.950        0.537        1395         343.363           100               
GPU 0           0.957        0.534        1305         345.509           100               
#Entity         SMACT        TENSO        SMCLK        POWER             GPUTL             
ID                                                      W                                  
GPU 0           0.950        0.537        1395         345.777           100               
GPU 0           0.934        0.430        1350         344.334           100               
GPU 0           0.943        0.562        1320         347.329           100               
GPU 0           0.953        0.596        1350         344.906           100               
GPU 0           0.952        0.554        1350         344.661           100               
GPU 0           0.955        0.525        1350         345.770           100               
GPU 0           0.953        0.542        1365         343.709           100               
GPU 0           0.956        0.534        1305         344.830           100               
GPU 0           0.929        0.422        1335         345.253           100               
GPU 0           0.942        0.574        1305         345.254           100               
GPU 0           0.953        0.608        1335         343.925           100               
GPU 0           0.953        0.529        1395         344.622           100               
GPU 0           0.953        0.546        1350         342.913           100               
GPU 0           0.957        0.528        1305         345.614           100               
#Entity         SMACT        TENSO        SMCLK        POWER             GPUTL             
ID                                                      W                                  
GPU 0           0.950        0.536        1380         344.136           100               
GPU 0           0.930        0.428        1305         343.611           100               
GPU 0           0.945        0.572        1185         347.229           100               
GPU 0           0.952        0.595        1335         343.825           100               
GPU 0           0.953        0.545        1395         342.891           100               
GPU 0           0.957        0.532        1350         344.434           100               
GPU 0           0.950        0.534        1395         344.080           100               
GPU 0           0.957        0.539        1260         345.103           100               
GPU 0           0.924        0.431        1290         346.559           100               
GPU 0           0.945        0.579        1125         346.122           100               
GPU 0           0.954        0.601        1350         345.657           100               
GPU 0           0.955        0.526        1380         346.663           100               
GPU 0           0.952        0.543        1365         344.094           100               
GPU 0           0.956        0.533        1275         347.169           100               
#Entity         SMACT        TENSO        SMCLK        POWER             GPUTL             
ID                                                      W                                  
GPU 0           0.950        0.534        1395         345.054           100               
GPU 0           0.926        0.436        1335         345.623           100               
GPU 0           0.946        0.571        1185         349.324           100               
GPU 0           0.954        0.585        1365         346.232           100               
GPU 0           0.953        0.549        1380         344.103           100               
GPU 0           0.954        0.525        1350         344.448           100               
GPU 0           0.951        0.542        1380         344.920           100               
GPU 0           0.957        0.532        1440         344.203           100               
GPU 0           0.923        0.442        1305         347.123           100               
GPU 0           0.945        0.581        1185         344.533           100               
GPU 0           0.956        0.586        1335         345.138           100               
GPU 0           0.952        0.525        1350         345.221           100               
GPU 0           0.952        0.549        1380         340.546           100               
GPU 0           0.955        0.525        1275         345.623           100               
#Entity         SMACT        TENSO        SMCLK        POWER             GPUTL             
ID                                                      W                                  
GPU 0           0.951        0.537        1485         344.075           100               
GPU 0           0.924        0.443        1275         345.697           100               
GPU 0           0.947        0.603        1245         346.821           100               
GPU 0           0.955        0.549        1380         345.218           100               
GPU 0           0.953        0.547        1335         344.097           100               
GPU 0           0.954        0.525        1290         344.727           100               
GPU 0           0.952        0.547        1380         344.444           100               
GPU 0           0.957        0.532        1335         344.965           100               
GPU 0           0.922        0.447        1305         345.858           100               
GPU 0           0.949        0.610        1335         343.497           100               
GPU 0           0.956        0.548        1365         346.190           100               
GPU 0           0.953        0.525        1350         343.879           100               
GPU 0           0.953        0.547        1365         342.360           100               
GPU 0           0.954        0.527        1335         346.778           100               
#Entity         SMACT        TENSO        SMCLK        POWER             GPUTL             
ID                                                      W                                  
GPU 0           0.942        0.479        1335         345.013           100               
GPU 0           0.954        0.599        1335         344.842           100               
GPU 0           0.950        0.545        1350         345.440           100               
GPU 0           0.953        0.547        1365         344.703           100               
GPU 0           0.954        0.526        1290         346.935           100               
GPU 0           0.953        0.543        1395         345.111           100               
GPU 0           0.930        0.414        1320         345.730           100               
GPU 0           0.946        0.570        1185         346.959           100               
GPU 0           0.949        0.601        1335         343.864           100               
GPU 0           0.953        0.552        1395         344.733           100               
GPU 0           0.954        0.523        1290         345.425           100               
GPU 0           0.953        0.549        1380         345.285           100               
GPU 0           0.956        0.528        1260         348.281           100               
GPU 0           0.926        0.425        1260         347.758           100               
#Entity         SMACT        TENSO        SMCLK        POWER             GPUTL             
ID                                                      W                                  
GPU 0           0.946        0.578        1110         347.708           100               
GPU 0           0.953        0.608        1365         345.825           100               
GPU 0           0.953        0.528        1380         345.996           100               
GPU 0           0.952        0.546        1365         344.358           100               
GPU 0           0.954        0.526        1305         347.839           100               
GPU 0           0.952        0.542        1395         344.414           100               
GPU 0           0.930        0.423        1290         345.138           100               
GPU 0           0.946        0.573        1125         347.667           100               
GPU 0           0.952        0.594        1350         343.287           100               
GPU 0           0.952        0.553        1395         343.181           100               
GPU 0           0.954        0.522        1260         343.775           100               
GPU 0           0.952        0.541        1395         343.500           100               
GPU 0           0.956        0.536        1380         345.063           100               
GPU 0           0.926        0.432        1290         346.230           100               
#Entity         SMACT        TENSO        SMCLK        POWER             GPUTL             
ID                                                      W                                  
GPU 0           0.943        0.578        1200         345.152           100               
GPU 0           0.954        0.605        1395         344.567           100               
GPU 0           0.955        0.524        1290         346.749           100               
GPU 0           0.951        0.539        1395         343.884           100               
GPU 0           0.957        0.537        1275         345.689           100               
GPU 0           0.951        0.530        1500         345.171           100               
GPU 0           0.927        0.440        1305         345.492           100               
GPU 0           0.944        0.574        1215         347.538           100               
GPU 0           0.956        0.589        1305         346.572           100               
GPU 0           0.951        0.538        1395         344.044           100               
GPU 0           0.957        0.536        1260         344.475           100               
GPU 0           0.950        0.534        1380         346.083           100               
GPU 0           0.955        0.541        1425         343.728           100               
GPU 0           0.924        0.436        1260         347.288           100               
#Entity         SMACT        TENSO        SMCLK        POWER             GPUTL             
ID                                                      W                                  
GPU 0           0.944        0.577        1215         345.051           100               
GPU 0           0.955        0.589        1410         346.023           100               
GPU 0           0.956        0.538        1290         344.947           100               
GPU 0           0.950        0.531        1380         343.837           100               
GPU 0           0.955        0.543        1305         344.389           100               
GPU 0           0.953        0.528        1365         345.058           100               
GPU 0           0.923        0.447        1275         344.930           100               
GPU 0           0.946        0.582        1275         346.374           100               
GPU 0           0.959        0.578        1290         346.286           100               
GPU 0           0.950        0.532        1395         344.353           100               
GPU 0           0.955        0.543        1320         344.108           100               
GPU 0           0.952        0.530        1365         347.357           100               
GPU 0           0.953        0.548        1350         344.671           100               
GPU 0           0.922        0.443        1305         346.437           100               
#Entity         SMACT        TENSO        SMCLK        POWER             GPUTL             
ID                                                      W                                  
GPU 0           0.949        0.605        1230         344.581           100               
GPU 0           0.955        0.542        1395         346.293           100               
GPU 0           0.953        0.547        1350         343.558           100               
GPU 0           0.954        0.526        1380         345.890           100               
GPU 0           0.953        0.546        1350         343.986           100               
GPU 0           0.953        0.528        1335         344.341           100               
GPU 0           0.923        0.452        1305         346.675           100               
GPU 0           0.951        0.609        1335         344.865           100               
GPU 0           0.955        0.544        1320         345.576           100               
GPU 0           0.951        0.526        1380         345.192           100               
GPU 0           0.954        0.545        1335         344.477           100               
GPU 0           0.952        0.529        1350         346.355           100               
GPU 0           0.941        0.469        1350         347.507           100               
GPU 0           0.937        0.527        1290         348.029           100               
#Entity         SMACT        TENSO        SMCLK        POWER             GPUTL             
ID                                                      W                                  
GPU 0           0.951        0.603        1275         346.837           100               
GPU 0           0.953        0.540        1395         346.624           100               
GPU 0           0.955        0.543        1320         344.572           100               
GPU 0           0.954        0.527        1380         346.754           100               
GPU 0           0.953        0.546        1335         346.021           100               
GPU 0           0.928        0.412        1260         345.345           100               
GPU 0           0.945        0.578        1185         347.735           100               
GPU 0           0.951        0.603        1380         343.943           100               
GPU 0           0.955        0.542        1335         344.755           100               
GPU 0           0.951        0.525        1380         344.308           100               
GPU 0           0.954        0.548        1335         342.485           100               
GPU 0           0.952        0.528        1305         344.213           100               
GPU 0           0.929        0.433        1350         345.807           100               
GPU 0           0.944        0.569        1200         345.963           100               
#Entity         SMACT        TENSO        SMCLK        POWER             GPUTL             
ID                                                      W                                  
GPU 0           0.956        0.600        1290         345.129           100               
GPU 0           0.950        0.535        1395         345.048           100               
GPU 0           0.955        0.543        1290         343.809           100               
GPU 0           0.952        0.530        1380         347.394           100               
GPU 0           0.954        0.547        1380         343.763           100               
GPU 0           0.927        0.423        1230         345.883           100               
GPU 0           0.945        0.577        1140         347.838           100               
GPU 0           0.955        0.591        1380         345.584           100               
GPU 0           0.952        0.549        1380         344.701           100               
GPU 0           0.953        0.524        1380         344.620           100               
GPU 0           0.953        0.547        1365         344.338           100               
GPU 0           0.954        0.527        1455         345.131           100               
GPU 0           0.925        0.435        1305         347.516           100               
GPU 0           0.945        0.573        1215         346.656           100               
#Entity         SMACT        TENSO        SMCLK        POWER             GPUTL             
ID                                                      W                                  
GPU 0           0.955        0.595        1350         347.352           100               
GPU 0           0.953        0.528        1380         345.263           100               
GPU 0           0.953        0.545        1335         343.268           100               
GPU 0           0.952        0.528        1320         347.944           100               
GPU 0           0.953        0.550        1470         345.349           100               
GPU 0           0.925        0.429        1245         345.853           100               
GPU 0           0.945        0.577        1200         346.799           100               
GPU 0           0.957        0.583        1380         346.428           100               
GPU 0           0.952        0.547        1380         344.132           100               
GPU 0           0.953        0.525        1365         345.544           100               
GPU 0           0.953        0.547        1380         344.975           100               
GPU 0           0.954        0.527        1410         346.234           100               
GPU 0           0.925        0.438        1305         347.811           100               
GPU 0           0.945        0.593        1290         345.657           100               
#Entity         SMACT        TENSO        SMCLK        POWER             GPUTL             
ID                                                      W                                  
GPU 0           0.959        0.571        1320         346.985           100               
GPU 0           0.952        0.528        1380         345.352           100               
GPU 0           0.955        0.545        1335         345.329           100               
GPU 0           0.952        0.529        1350         347.119           100               
GPU 0           0.953        0.547        1365         347.917           100               
GPU 0           0.925        0.442        1275         346.253           100               
GPU 0           0.949        0.609        1230         346.955           100               
GPU 0           0.955        0.541        1380         347.485           100               
GPU 0           0.953        0.546        1335         345.272           100               
GPU 0           0.953        0.527        1335         347.833           100               
GPU 0           0.953        0.548        1350         345.842           100               
GPU 0           0.954        0.527        1350         346.643           100               
GPU 0           0.923        0.450        1290         349.138           100               
GPU 0           0.949        0.611        1335         346.463           100               
#Entity         SMACT        TENSO        SMCLK        POWER             GPUTL             
ID                                                      W                                  
GPU 0           0.956        0.544        1335         345.065           100               
GPU 0           0.954        0.528        1380         345.809           100               
GPU 0           0.953        0.545        1335         343.899           100               
GPU 0           0.952        0.528        1335         346.323           100               
GPU 0           0.939        0.475        1335         346.073           100               
GPU 0           0.935        0.524        1290         346.833           100               
GPU 0           0.953        0.596        1320         344.766           100               
GPU 0           0.953        0.547        1380         346.080           100               
GPU 0           0.953        0.545        1365         343.949           100               
GPU 0           0.953        0.526        1365         346.600           100               
GPU 0           0.953        0.548        1365         344.361           100               
GPU 0           0.927        0.410        1335         344.823           100               
GPU 0           0.944        0.569        1200         348.269           100               
GPU 0           0.951        0.606        1350         344.504           100               
#Entity         SMACT        TENSO        SMCLK        POWER             GPUTL             
ID                                                      W                                  
GPU 0           0.955        0.545        1365         344.290           100               
GPU 0           0.954        0.526        1335         345.751           100               
GPU 0           0.953        0.548        1365         345.277           100               
GPU 0           0.955        0.527        1290         345.482           100               
GPU 0           0.927        0.431        1320         347.230           100               
GPU 0           0.945        0.572        1170         345.961           100               
GPU 0           0.955        0.601        1290         346.268           100               
GPU 0           0.952        0.532        1380         346.382           100               
GPU 0           0.953        0.546        1350         343.920           100               
GPU 0           0.953        0.527        1335         347.634           100               
GPU 0           0.928        0.418        1245         345.027           100               
GPU 0           0.945        0.577        1170         347.867           100               
GPU 0           0.953        0.592        1380         344.874           100               
GPU 0           0.954        0.549        1365         344.039           100               
#Entity         SMACT        TENSO        SMCLK        POWER             GPUTL             
ID                                                      W                                  
GPU 0           0.953        0.525        1320         344.028           100               
GPU 0           0.953        0.549        1365         343.965           100               
GPU 0           0.954        0.525        1485         345.045           100               
GPU 0           0.928        0.434        1305         346.261           100               
GPU 0           0.946        0.574        1200         344.301           100               
GPU 0           0.956        0.597        1320         345.091           100               
GPU 0           0.953        0.530        1365         345.884           100               
GPU 0           0.952        0.546        1350         341.596           100               
GPU 0           0.953        0.530        1305         345.602           100               
GPU 0           0.953        0.543        1470         342.644           100               
GPU 0           0.928        0.431        1290         343.416           100               
GPU 0           0.943        0.574        1230         344.560           100               
GPU 0           0.955        0.586        1365         345.583           100               
GPU 0           0.953        0.548        1380         343.072           100               
#Entity         SMACT        TENSO        SMCLK        POWER             GPUTL             
ID                                                      W                                  
GPU 0           0.954        0.524        1320         344.998           100               
GPU 0           0.953        0.550        1380         344.423           100               
GPU 0           0.956        0.526        1380         344.124           100               
GPU 0           0.922        0.442        1305         346.520           100               
GPU 0           0.946        0.581        1245         344.410           100               
GPU 0           0.957        0.588        1365         345.644           100               
GPU 0           0.953        0.525        1305         345.846           100               
GPU 0           0.952        0.549        1380         343.055           100               
GPU 0           0.957        0.529        1275         344.509           100               
GPU 0           0.950        0.534        1410         344.191           100               
GPU 0           0.926        0.444        1275         343.816           100               
GPU 0           0.948        0.602        1305         343.946           100               
GPU 0           0.954        0.550        1365         345.617           100               
GPU 0           0.953        0.546        1350         343.783           100               
#Entity         SMACT        TENSO        SMCLK        POWER             GPUTL             
ID                                                      W                                  
GPU 0           0.954        0.525        1290         346.344           100               
GPU 0           0.952        0.547        1365         345.895           100               
GPU 0           0.957        0.532        1320         345.171           100               
GPU 0           0.921        0.446        1305         347.402           100               
GPU 0           0.948        0.611        1320         345.788           100               
GPU 0           0.954        0.547        1380         346.379           100               
GPU 0           0.953        0.524        1350         346.211           100               
GPU 0           0.953        0.550        1365         344.523           100               
GPU 0           0.957        0.527        1305         345.943           100               
GPU 0           0.942        0.488        1335         345.071           100               
GPU 0           0.932        0.502        1290         345.087           100               
GPU 0           0.952        0.602        1350         343.487           100               
GPU 0           0.952        0.544        1335         344.849           100               
GPU 0           0.952        0.543        1395         343.689           100               
#Entity         SMACT        TENSO        SMCLK        POWER             GPUTL             
ID                                                      W                                  
GPU 0           0.955        0.527        1230         346.175           100               
GPU 0           0.952        0.538        1395         345.414           100               
GPU 0           0.934        0.428        1290         345.259           100               
GPU 0           0.942        0.563        1215         347.663           100               
GPU 0           0.952        0.598        1320         345.097           100               
GPU 0           0.952        0.552        1395         344.343           100               
GPU 0           0.956        0.527        1230         344.060           100               
GPU 0           0.952        0.539        1395         346.002           100               
GPU 0           0.956        0.539        1275         344.434           100               
GPU 0           0.926        0.423        1350         346.799           100               
GPU 0           0.946        0.570        1110         345.734           100               
GPU 0           0.950        0.614        1380         343.913           100               
GPU 0           0.957        0.533        1320         343.979           100               
GPU 0           0.950        0.531        1380         343.291           100               
#Entity         SMACT        TENSO        SMCLK        POWER             GPUTL             
ID                                                      W                                  
GPU 0           0.955        0.542        1320         344.048           100               
GPU 0           0.953        0.528        1380         344.949           100               
GPU 0           0.928        0.428        1260         344.605           100               
GPU 0           0.944        0.578        1185         347.673           100               
GPU 0           0.955        0.595        1305         345.551           100               
GPU 0           0.952        0.542        1395         345.048           100               
GPU 0           0.956        0.535        1260         343.278           100               
GPU 0           0.951        0.530        1380         347.081           100               
GPU 0           0.954        0.548        1365         343.866           100               
GPU 0           0.924        0.424        1305         347.590           100               
GPU 0           0.944        0.574        1185         346.821           100               
GPU 0           0.952        0.597        1395         345.539           100               
GPU 0           0.956        0.538        1320         345.258           100               
GPU 0           0.952        0.527        1380         344.906           100               
#Entity         SMACT        TENSO        SMCLK        POWER             GPUTL             
ID                                                      W                                  
GPU 0           0.955        0.545        1320         345.272           100               
GPU 0           0.953        0.528        1485         345.411           100               
GPU 0           0.927        0.437        1275         346.332           100               
GPU 0           0.945        0.578        1215         346.781           100               
GPU 0           0.958        0.592        1320         347.212           100               
GPU 0           0.950        0.532        1380         344.298           100               
GPU 0           0.956        0.543        1305         343.857           100               
GPU 0           0.953        0.529        1380         348.222           100               
GPU 0           0.952        0.547        1440         344.738           100               
GPU 0           0.925        0.434        1290         346.574           100               
GPU 0           0.944        0.573        1170         345.220           100               
GPU 0           0.955        0.585        1395         345.651           100               
GPU 0           0.954        0.544        1305         344.091           100               
GPU 0           0.953        0.527        1350         345.360           100               
#Entity         SMACT        TENSO        SMCLK        POWER             GPUTL             
ID                                                      W                                  
GPU 0           0.953        0.548        1350         344.472           100               
GPU 0           0.954        0.527        1425         346.057           100               
GPU 0           0.926        0.441        1305         346.906           100               
GPU 0           0.942        0.588        1290         345.494           100               
GPU 0           0.958        0.575        1320         346.278           100               
GPU 0           0.953        0.528        1380         345.845           100               
GPU 0           0.953        0.546        1335         345.672           100               
GPU 0           0.953        0.527        1335         349.075           100               
GPU 0           0.953        0.550        1350         346.148           100               
GPU 0           0.925        0.440        1215         346.311           100               
GPU 0           0.947        0.602        1290         345.195           100               
GPU 0           0.954        0.549        1335         346.419           100               
GPU 0           0.953        0.549        1365         344.162           100               
GPU 0           0.954        0.524        1305         346.000           100               
#Entity         SMACT        TENSO        SMCLK        POWER             GPUTL             
ID                                                      W                                  
GPU 0           0.952        0.543        1410         344.045           100               
GPU 0           0.957        0.532        1320         345.688           100               
GPU 0           0.921        0.444        1320         346.680           100               
GPU 0           0.949        0.609        1335         344.286           100               
GPU 0           0.955        0.546        1350         344.875           100               
GPU 0           0.953        0.526        1365         345.326           100               
GPU 0           0.952        0.547        1350         344.888           100               
GPU 0           0.955        0.529        1290         346.451           100               
GPU 0           0.941        0.488        1350         346.522           100               
GPU 0           0.931        0.504        1275         346.864           100               
GPU 0           0.954        0.601        1350         345.220           100               
GPU 0           0.950        0.543        1350         345.608           100               
GPU 0           0.953        0.548        1395         343.756           100               
GPU 0           0.954        0.524        1320         346.100           100               
#Entity         SMACT        TENSO        SMCLK        POWER             GPUTL             
ID                                                      W                                  
GPU 0           0.952        0.544        1380         344.261           100               
GPU 0           0.930        0.413        1320         344.156           100               
GPU 0           0.946        0.570        1170         347.394           100               
GPU 0           0.949        0.601        1365         344.379           100               
GPU 0           0.954        0.551        1365         344.538           100               
GPU 0           0.954        0.525        1290         344.995           100               
GPU 0           0.953        0.547        1380         345.158           100               
GPU 0           0.957        0.533        1275         344.421           100               
GPU 0           0.928        0.425        1365         345.750           100               
GPU 0           0.943        0.572        1110         345.975           100               
GPU 0           0.952        0.608        1350         344.367           100               
GPU 0           0.954        0.530        1320         345.491           100               
GPU 0           0.952        0.541        1395         343.636           100               
GPU 0           0.956        0.533        1290         345.760           100               
#Entity         SMACT        TENSO        SMCLK        POWER             GPUTL             
ID                                                      W                                  
GPU 0           0.949        0.536        1410         344.159           100               
GPU 0           0.931        0.428        1305         345.667           100               
GPU 0           0.946        0.572        1110         348.044           100               
GPU 0           0.953        0.598        1320         344.546           100               
GPU 0           0.953        0.541        1410         344.582           100               
GPU 0           0.956        0.534        1245         344.092           100               
GPU 0           0.949        0.540        1365         344.591           100               
GPU 0           0.927        0.431        1290         347.185           100               
GPU 0           0.945        0.575        1140         344.429           100               
GPU 0           0.951        0.601        1380         344.181           100               
GPU 0           0.955        0.540        1320         342.344           100               
GPU 0           0.953        0.527        1380         342.331           100               
GPU 0           0.953        0.546        1335         343.504           100               
GPU 0           0.952        0.528        1485         344.703           100               
#Entity         SMACT        TENSO        SMCLK        POWER             GPUTL             
ID                                                      W                                  
GPU 0           0.930        0.435        1275         343.285           100               
GPU 0           0.943        0.576        1245         345.666           100               
GPU 0           0.958        0.592        1305         344.029           100               
GPU 0           0.950        0.532        1395         343.546           100               
GPU 0           0.956        0.542        1275         341.916           100               
GPU 0           0.951        0.532        1350         346.904           100               
GPU 0           0.953        0.551        1365         343.376           100               
GPU 0           0.926        0.426        1260         344.593           100               
GPU 0           0.944        0.578        1215         344.248           100               
GPU 0           0.957        0.582        1395         345.442           100               
GPU 0           0.953        0.546        1380         343.588           100               
GPU 0           0.953        0.524        1380         345.250           100               
GPU 0           0.953        0.544        1335         344.041           100               
GPU 0           0.953        0.528        1410         345.347           100               
#Entity         SMACT        TENSO        SMCLK        POWER             GPUTL             
ID                                                      W                                  
GPU 0           0.925        0.442        1275         346.136           100               
GPU 0           0.945        0.589        1275         344.805           100               
GPU 0           0.958        0.574        1305         347.505           100               
GPU 0           0.953        0.529        1365         346.029           100               
GPU 0           0.953        0.547        1335         345.540           100               
GPU 0           0.953        0.529        1320         347.499           100               
GPU 0           0.953        0.548        1365         345.890           100               
GPU 0           0.924        0.440        1290         346.404           100               
GPU 0           0.948        0.607        1260         345.064           100               
GPU 0           0.954        0.540        1380         344.951           100               
GPU 0           0.953        0.546        1350         343.091           100               
GPU 0           0.954        0.527        1305         345.865           100               
GPU 0           0.953        0.548        1395         343.015           100               
GPU 0           0.957        0.531        1320         345.574           100               
#Entity         SMACT        TENSO        SMCLK        POWER             GPUTL             
ID                                                      W                                  
GPU 0           0.921        0.445        1305         346.449           100               
GPU 0           0.948        0.610        1320         344.740           100               
GPU 0           0.954        0.549        1380         345.131           100               
GPU 0           0.953        0.526        1335         345.696           100               
GPU 0           0.953        0.548        1365         343.997           100               
GPU 0           0.956        0.527        1260         345.653           100               
GPU 0           0.943        0.495        1350         345.408           100               
GPU 0           0.929        0.498        1260         346.289           100               
GPU 0           0.954        0.605        1350         345.055           100               
GPU 0           0.953        0.543        1335         345.454           100               
GPU 0           0.952        0.542        1395         342.889           100               
GPU 0           0.957        0.531        1260         345.561           100               
GPU 0           0.950        0.534        1395         344.637           100               
GPU 0           0.934        0.430        1320         344.887           100               
#Entity         SMACT        TENSO        SMCLK        POWER             GPUTL             
ID                                                      W                                  
GPU 0           0.943        0.562        1215         347.411           100               
GPU 0           0.950        0.597        1350         344.465           100               
GPU 0           0.952        0.553        1380         344.358           100               
GPU 0           0.953        0.524        1335         344.454           100               
GPU 0           0.953        0.548        1380         345.499           100               
