#Entity         SMACT        TENSO        SMCLK        POWER             GPUTL             
ID                                                      W                                  
GPU 0           N/A          N/A          1335         345.367           94                
GPU 0           0.866        0.406        1350         345.975           94                
GPU 0           0.870        0.512        1350         346.068           100               
GPU 0           0.864        0.407        1410         346.239           100               
GPU 0           0.864        0.407        1455         343.898           100               
GPU 0           0.863        0.407        1335         344.442           100               
GPU 0           0.858        0.397        1335         345.202           100               
GPU 0           0.866        0.435        1335         345.328           100               
GPU 0           0.869        0.483        1320         345.099           100               
GPU 0           0.864        0.406        1455         343.499           100               
GPU 0           0.864        0.406        1425         341.345           100               
GPU 0           0.864        0.401        1335         342.666           100               
GPU 0           0.864        0.405        1350         343.707           100               
GPU 0           0.868        0.447        1350         343.822           100               
GPU 0           0.867        0.470        1365         344.496           100               
#Entity         SMACT        TENSO        SMCLK        POWER             GPUTL             
ID                                                      W                                  
GPU 0           0.864        0.407        1440         342.868           100               
GPU 0           0.865        0.408        1410         343.082           100               
GPU 0           0.861        0.398        1335         344.457           100               
GPU 0           0.863        0.405        1320         344.659           100               
GPU 0           0.868        0.466        1335         345.540           100               
GPU 0           0.865        0.452        1395         344.763           100               
GPU 0           0.865        0.407        1470         344.458           100               
GPU 0           0.865        0.408        1395         343.268           100               
GPU 0           0.861        0.397        1320         344.628           100               
GPU 0           0.863        0.406        1335         344.003           100               
GPU 0           0.869        0.480        1320         344.518           100               
GPU 0           0.865        0.437        1395         344.500           100               
GPU 0           0.865        0.407        1470         342.349           100               
GPU 0           0.864        0.408        1335         342.685           100               
#Entity         SMACT        TENSO        SMCLK        POWER             GPUTL             
ID                                                      W                                  
GPU 0           0.860        0.399        1320         344.531           100               
GPU 0           0.864        0.406        1335         344.851           100               
GPU 0           0.870        0.508        1560         337.614           100               
GPU 0           0.397        0.147        1740         312.854           39                
GPU 0           0.000        0.000        1740         288.145           39                
GPU 0           0.000        0.000        1740         264.708           0                 
GPU 0           0.000        0.000        1755         241.023           0                 
GPU 0           0.000        0.000        1755         217.858           0                 
GPU 0           0.000        0.000        1755         193.842           0                 
GPU 0           0.000        0.000        1755         168.358           0                 
GPU 0           0.000        0.000        1395         164.382           0                 
GPU 0           0.755        0.338        1350         165.480           100               
GPU 0           0.869        0.486        1410         169.778           100               
GPU 0           0.866        0.429        1410         194.392           100               
#Entity         SMACT        TENSO        SMCLK        POWER             GPUTL             
ID                                                      W                                  
GPU 0           0.866        0.408        1485         218.590           100               
GPU 0           0.866        0.406        1380         243.631           100               
GPU 0           0.859        0.398        1350         269.725           100               
GPU 0           0.862        0.403        1365         290.926           100               
GPU 0           0.870        0.480        1350         319.512           100               
GPU 0           0.868        0.438        1365         337.384           100               
GPU 0           0.863        0.413        1470         345.251           100               
GPU 0           0.863        0.408        1335         344.305           100               
GPU 0           0.860        0.398        1320         346.139           100               
GPU 0           0.865        0.408        1320         344.959           100               
GPU 0           0.869        0.510        1305         345.749           100               
GPU 0           0.866        0.408        1440         343.779           100               
GPU 0           0.866        0.409        1455         342.836           100               
GPU 0           0.865        0.408        1335         343.426           100               
#Entity         SMACT        TENSO        SMCLK        POWER             GPUTL             
ID                                                      W                                  
GPU 0           0.859        0.397        1290         343.760           100               
GPU 0           0.866        0.442        1305         344.844           100               
GPU 0           0.866        0.478        1380         344.873           100               
GPU 0           0.863        0.409        1455         343.404           100               
GPU 0           0.865        0.407        1410         342.526           100               
GPU 0           0.861        0.398        1320         343.576           100               
GPU 0           0.863        0.406        1335         343.724           100               
GPU 0           0.868        0.470        1350         344.826           100               
GPU 0           0.866        0.449        1395         344.561           100               
GPU 0           0.865        0.405        1470         343.481           100               
GPU 0           0.865        0.407        1350         342.662           100               
GPU 0           0.858        0.401        1305         344.524           100               
GPU 0           0.864        0.408        1335         345.456           100               
GPU 0           0.869        0.500        1320         345.517           100               
#Entity         SMACT        TENSO        SMCLK        POWER             GPUTL             
ID                                                      W                                  
GPU 0           0.867        0.420        1395         345.697           100               
GPU 0           0.863        0.407        1470         342.909           100               
GPU 0           0.863        0.408        1335         343.674           100               
GPU 0           0.858        0.398        1335         344.945           100               
GPU 0           0.865        0.417        1320         344.081           100               
GPU 0           0.869        0.503        1305         344.649           100               
GPU 0           0.865        0.407        1440         342.959           100               
GPU 0           0.864        0.407        1425         343.276           100               
GPU 0           0.861        0.405        1305         344.250           100               
GPU 0           0.860        0.401        1320         344.214           100               
GPU 0           0.868        0.452        1320         343.536           100               
GPU 0           0.866        0.468        1395         344.361           100               
GPU 0           0.864        0.406        1455         342.338           100               
GPU 0           0.865        0.406        1380         341.630           100               
#Entity         SMACT        TENSO        SMCLK        POWER             GPUTL             
ID                                                      W                                  
GPU 0           0.860        0.399        1335         343.262           100               
GPU 0           0.864        0.405        1320         343.556           100               
GPU 0           0.869        0.476        1320         343.732           100               
GPU 0           0.866        0.442        1395         343.600           100               
GPU 0           0.864        0.408        1455         342.133           100               
GPU 0           0.864        0.408        1350         342.739           100               
GPU 0           0.860        0.397        1320         344.984           100               
GPU 0           0.864        0.406        1320         345.598           100               
GPU 0           0.869        0.503        1305         345.447           100               
GPU 0           0.866        0.418        1395         345.173           100               
GPU 0           0.862        0.410        1455         343.269           100               
GPU 0           0.861        0.406        1320         343.684           100               
GPU 0           0.861        0.401        1320         344.564           100               
GPU 0           0.865        0.429        1335         344.990           100               
#Entity         SMACT        TENSO        SMCLK        POWER             GPUTL             
ID                                                      W                                  
GPU 0           0.868        0.488        1365         344.763           100               
GPU 0           0.864        0.407        1425         343.286           100               
GPU 0           0.866        0.410        1425         342.226           100               
GPU 0           0.861        0.400        1320         343.003           100               
GPU 0           0.863        0.405        1320         343.652           100               
GPU 0           0.866        0.454        1305         344.477           100               
GPU 0           0.866        0.464        1365         344.067           100               
GPU 0           0.865        0.409        1440         343.169           100               
GPU 0           0.863        0.407        1380         342.222           100               
GPU 0           0.860        0.398        1335         343.419           100               
GPU 0           0.864        0.405        1320         344.252           100               
GPU 0           0.868        0.481        1320         344.069           100               
GPU 0           0.866        0.437        1380         344.544           100               
GPU 0           0.864        0.408        1455         342.673           100               
#Entity         SMACT        TENSO        SMCLK        POWER             GPUTL             
ID                                                      W                                  
GPU 0           0.862        0.407        1335         343.585           100               
GPU 0           0.861        0.400        1320         345.559           100               
GPU 0           0.863        0.407        1320         345.171           100               
GPU 0           0.870        0.513        1320         346.167           100               
GPU 0           0.862        0.407        1425         345.161           100               
GPU 0           0.864        0.408        1440         343.621           100               
GPU 0           0.863        0.409        1335         344.102           100               
GPU 0           0.859        0.397        1320         345.173           100               
GPU 0           0.867        0.436        1320         344.839           100               
GPU 0           0.868        0.484        1380         344.572           100               
GPU 0           0.865        0.407        1440         342.342           100               
GPU 0           0.865        0.407        1410         341.825           100               
GPU 0           0.862        0.402        1320         343.155           100               
GPU 0           0.863        0.403        1320         343.796           100               
#Entity         SMACT        TENSO        SMCLK        POWER             GPUTL             
ID                                                      W                                  
GPU 0           0.867        0.462        1335         342.637           100               
GPU 0           0.867        0.457        1395         344.061           100               
GPU 0           0.864        0.406        1455         343.357           100               
GPU 0           0.864        0.408        1365         341.571           100               
GPU 0           0.859        0.398        1320         343.477           100               
GPU 0           0.862        0.496        1350         344.409           100               
GPU 0           0.866        0.423        1395         344.133           100               
GPU 0           0.865        0.409        1470         343.807           100               
GPU 0           0.863        0.408        1305         342.853           100               
GPU 0           0.861        0.399        1320         345.094           100               
GPU 0           0.864        0.413        1320         345.000           100               
GPU 0           0.868        0.506        1305         344.631           100               
GPU 0           0.864        0.408        1425         343.293           100               
GPU 0           0.864        0.408        1440         343.041           100               
#Entity         SMACT        TENSO        SMCLK        POWER             GPUTL             
ID                                                      W                                  
GPU 0           0.864        0.406        1320         344.035           100               
GPU 0           0.861        0.398        1335         344.462           100               
GPU 0           0.866        0.447        1350         344.028           100               
GPU 0           0.868        0.470        1380         344.775           100               
GPU 0           0.866        0.409        1440         343.209           100               
GPU 0           0.864        0.408        1395         342.737           100               
GPU 0           0.860        0.399        1320         344.401           100               
GPU 0           0.864        0.406        1320         344.873           100               
GPU 0           0.868        0.476        1335         345.325           100               
GPU 0           0.866        0.444        1380         345.500           100               
GPU 0           0.864        0.408        1455         343.184           100               
GPU 0           0.865        0.408        1350         343.549           100               
GPU 0           0.858        0.396        1350         345.203           100               
GPU 0           0.862        0.405        1335         345.401           100               
#Entity         SMACT        TENSO        SMCLK        POWER             GPUTL             
ID                                                      W                                  
GPU 0           0.870        0.507        1305         345.698           100               
GPU 0           0.864        0.413        1320         345.745           100               
GPU 0           0.863        0.407        1395         343.915           100               
GPU 0           0.862        0.407        1440         344.009           100               
GPU 0           0.861        0.399        1320         344.802           100               
GPU 0           0.865        0.433        1320         344.380           100               
GPU 0           0.867        0.487        1320         344.433           100               
GPU 0           0.864        0.407        1380         342.789           100               
GPU 0           0.864        0.408        1425         342.128           100               
GPU 0           0.860        0.398        1395         343.201           100               
GPU 0           0.863        0.405        1320         343.612           100               
GPU 0           0.866        0.463        1320         344.706           100               
GPU 0           0.866        0.454        1305         344.591           100               
GPU 0           0.865        0.408        1380         342.771           100               
#Entity         SMACT        TENSO        SMCLK        POWER             GPUTL             
ID                                                      W                                  
GPU 0           0.863        0.408        1440         342.933           100               
GPU 0           0.860        0.400        1335         345.890           100               
GPU 0           0.864        0.407        1305         345.856           100               
GPU 0           0.869        0.503        1320         345.615           100               
GPU 0           0.865        0.421        1320         345.522           100               
GPU 0           0.865        0.407        1395         344.248           100               
GPU 0           0.865        0.408        1455         344.712           100               
GPU 0           0.860        0.398        1305         345.021           100               
GPU 0           0.863        0.419        1320         344.953           100               
GPU 0           0.868        0.500        1335         345.832           100               
GPU 0           0.863        0.409        1335         344.354           100               
GPU 0           0.863        0.408        1425         342.337           100               
GPU 0           0.863        0.401        1395         343.711           100               
GPU 0           0.862        0.405        1320         343.377           100               
#Entity         SMACT        TENSO        SMCLK        POWER             GPUTL             
ID                                                      W                                  
GPU 0           0.867        0.464        1320         344.842           100               
GPU 0           0.866        0.453        1335         344.301           100               
GPU 0           0.864        0.408        1380         342.529           100               
GPU 0           0.863        0.407        1425         342.127           100               
GPU 0           0.859        0.398        1365         343.467           100               
GPU 0           0.864        0.405        1320         344.988           100               
GPU 0           0.868        0.492        1305         344.592           100               
GPU 0           0.864        0.426        1305         345.176           100               
GPU 0           0.865        0.409        1395         344.222           100               
GPU 0           0.861        0.409        1455         344.046           100               
GPU 0           0.859        0.397        1320         343.495           100               
GPU 0           0.864        0.424        1320         343.708           100               
GPU 0           0.868        0.494        1335         344.021           100               
GPU 0           0.865        0.407        1380         344.952           100               
#Entity         SMACT        TENSO        SMCLK        POWER             GPUTL             
ID                                                      W                                  
GPU 0           0.864        0.408        1425         343.457           100               
GPU 0           0.860        0.401        1380         343.503           100               
GPU 0           0.862        0.405        1305         343.134           100               
GPU 0           0.866        0.466        1305         343.732           100               
GPU 0           0.867        0.457        1320         345.285           100               
GPU 0           0.863        0.407        1380         345.279           100               
GPU 0           0.866        0.408        1440         342.963           100               
GPU 0           0.859        0.398        1320         343.195           100               
GPU 0           0.863        0.407        1320         343.997           100               
GPU 0           0.870        0.512        1320         343.579           100               
GPU 0           0.864        0.408        1320         344.842           100               
GPU 0           0.864        0.406        1395         344.207           100               
GPU 0           0.864        0.410        1410         343.201           100               
GPU 0           0.859        0.400        1320         342.698           100               
#Entity         SMACT        TENSO        SMCLK        POWER             GPUTL             
ID                                                      W                                  
GPU 0           0.865        0.444        1350         343.428           100               
GPU 0           0.868        0.474        1350         344.554           100               
GPU 0           0.866        0.408        1350         344.810           100               
GPU 0           0.864        0.407        1410         344.284           100               
GPU 0           0.859        0.400        1395         343.575           100               
GPU 0           0.864        0.404        1335         344.297           100               
GPU 0           0.868        0.472        1320         344.401           100               
GPU 0           0.867        0.446        1320         345.737           100               
GPU 0           0.865        0.409        1365         345.979           100               
GPU 0           0.862        0.408        1440         345.536           100               
GPU 0           0.859        0.399        1320         344.543           100               
GPU 0           0.861        0.405        1320         344.672           100               
GPU 0           0.869        0.512        1290         344.679           100               
GPU 0           0.863        0.408        1305         345.664           100               
#Entity         SMACT        TENSO        SMCLK        POWER             GPUTL             
ID                                                      W                                  
GPU 0           0.864        0.409        1425         344.104           100               
GPU 0           0.861        0.405        1410         343.111           100               
GPU 0           0.862        0.401        1320         343.481           100               
GPU 0           0.866        0.449        1320         343.697           100               
GPU 0           0.867        0.470        1305         343.857           100               
GPU 0           0.866        0.407        1365         344.216           100               
GPU 0           0.862        0.409        1425         343.856           100               
GPU 0           0.860        0.398        1350         342.588           100               
GPU 0           0.865        0.407        1320         343.423           100               
GPU 0           0.869        0.495        1305         343.693           100               
GPU 0           0.866        0.425        1305         344.490           100               
GPU 0           0.865        0.409        1395         344.471           100               
GPU 0           0.862        0.408        1425         343.315           100               
GPU 0           0.858        0.399        1335         342.779           100               
#Entity         SMACT        TENSO        SMCLK        POWER             GPUTL             
ID                                                      W                                  
GPU 0           0.866        0.426        1320         343.007           100               
GPU 0           0.868        0.492        1320         344.348           100               
GPU 0           0.864        0.407        1350         344.495           100               
GPU 0           0.863        0.408        1410         344.064           100               
GPU 0           0.861        0.401        1380         342.640           100               
GPU 0           0.863        0.406        1320         343.326           100               
GPU 0           0.868        0.471        1320         343.865           100               
GPU 0           0.866        0.449        1320         343.758           100               
GPU 0           0.863        0.407        1365         344.546           100               
GPU 0           0.864        0.408        1425         342.893           100               
GPU 0           0.859        0.399        1305         343.184           100               
GPU 0           0.862        0.408        1335         344.209           100               
GPU 0           0.870        0.514        1305         344.128           100               
GPU 0           0.863        0.406        1305         344.932           100               
#Entity         SMACT        TENSO        SMCLK        POWER             GPUTL             
ID                                                      W                                  
GPU 0           0.863        0.408        1425         344.695           100               
GPU 0           0.863        0.408        1410         342.985           100               
GPU 0           0.860        0.398        1320         343.723           100               
GPU 0           0.866        0.451        1320         344.537           100               
GPU 0           0.868        0.468        1305         344.811           100               
GPU 0           0.865        0.407        1350         344.958           100               
GPU 0           0.862        0.409        1425         342.960           100               
GPU 0           0.860        0.399        1350         343.431           100               
GPU 0           0.863        0.404        1305         343.936           100               
GPU 0           0.869        0.500        1305         344.427           100               
GPU 0           0.866        0.424        1305         345.517           100               
GPU 0           0.862        0.409        1395         345.491           100               
GPU 0           0.863        0.408        1440         344.385           100               
GPU 0           0.858        0.397        1320         344.012           100               
#Entity         SMACT        TENSO        SMCLK        POWER             GPUTL             
ID                                                      W                                  
GPU 0           0.864        0.426        1305         343.969           100               
GPU 0           0.867        0.492        1320         344.931           100               
GPU 0           0.865        0.409        1350         345.474           100               
GPU 0           0.863        0.407        1410         344.421           100               
GPU 0           0.860        0.400        1365         342.995           100               
GPU 0           0.862        0.407        1335         343.973           100               
GPU 0           0.867        0.476        1320         344.248           100               
GPU 0           0.867        0.441        1320         344.204           100               
GPU 0           0.862        0.408        1380         345.588           100               
GPU 0           0.865        0.408        1440         344.579           100               
GPU 0           0.858        0.400        1320         344.117           100               
GPU 0           0.862        0.406        1320         345.686           100               
GPU 0           0.870        0.513        1290         345.617           100               
GPU 0           0.864        0.408        1305         345.998           100               
#Entity         SMACT        TENSO        SMCLK        POWER             GPUTL             
ID                                                      W                                  
GPU 0           0.864        0.403        1425         344.722           100               
GPU 0           0.862        0.403        1305         344.532           100               
GPU 0           0.866        0.458        1320         344.779           100               
GPU 0           0.867        0.463        1305         344.332           100               
GPU 0           0.864        0.407        1365         344.435           100               
GPU 0           0.862        0.409        1440         343.440           100               
GPU 0           0.859        0.400        1350         342.659           100               
GPU 0           0.864        0.405        1320         343.957           100               
GPU 0           0.869        0.503        1305         344.993           100               
GPU 0           0.865        0.418        1305         346.352           100               
GPU 0           0.864        0.408        1395         345.728           100               
GPU 0           0.863        0.408        1425         344.728           100               
GPU 0           0.859        0.400        1305         344.126           100               
GPU 0           0.865        0.441        1335         344.537           100               
#Entity         SMACT        TENSO        SMCLK        POWER             GPUTL             
ID                                                      W                                  
GPU 0           0.867        0.479        1305         345.770           100               
GPU 0           0.864        0.407        1380         346.069           100               
GPU 0           0.863        0.407        1425         343.863           100               
GPU 0           0.861        0.399        1365         343.542           100               
GPU 0           0.863        0.406        1305         344.031           100               
GPU 0           0.868        0.489        1305         343.943           100               
GPU 0           0.865        0.432        1320         345.338           100               
GPU 0           0.863        0.408        1380         345.876           100               
GPU 0           0.864        0.408        1425         345.360           100               
GPU 0           0.858        0.400        1305         344.695           100               
GPU 0           0.863        0.424        1305         344.900           100               
GPU 0           0.869        0.498        1320         345.419           100               
GPU 0           0.863        0.409        1350         346.185           100               
GPU 0           0.864        0.408        1410         345.576           100               
#Entity         SMACT        TENSO        SMCLK        POWER             GPUTL             
ID                                                      W                                  
GPU 0           0.860        0.402        1365         343.730           100               
GPU 0           0.862        0.406        1320         344.221           100               
GPU 0           0.868        0.478        1320         344.411           100               
GPU 0           0.865        0.440        1320         345.191           100               
GPU 0           0.864        0.408        1350         345.157           100               
GPU 0           0.865        0.410        1425         342.884           100               
GPU 0           0.859        0.402        1305         343.487           100               
GPU 0           0.863        0.414        1320         344.157           100               
GPU 0           0.869        0.508        1305         344.220           100               
GPU 0           0.863        0.407        1335         344.227           100               
GPU 0           0.864        0.408        1410         344.641           100               
GPU 0           0.863        0.404        1395         343.972           100               
GPU 0           0.863        0.403        1320         344.336           100               
GPU 0           0.867        0.460        1305         344.474           100               
#Entity         SMACT        TENSO        SMCLK        POWER             GPUTL             
ID                                                      W                                  
GPU 0           0.868        0.458        1320         344.922           100               
GPU 0           0.863        0.409        1350         345.140           100               
GPU 0           0.864        0.410        1425         344.246           100               
GPU 0           0.859        0.399        1305         343.278           100               
GPU 0           0.862        0.408        1320         343.815           100               
GPU 0           0.869        0.514        1290         344.186           100               
GPU 0           0.863        0.408        1320         344.508           100               
GPU 0           0.864        0.410        1425         343.792           100               
GPU 0           0.863        0.406        1410         343.565           100               
GPU 0           0.860        0.399        1305         343.435           100               
GPU 0           0.867        0.456        1320         344.224           100               
GPU 0           0.866        0.465        1320         344.408           100               
GPU 0           0.865        0.407        1350         345.125           100               
GPU 0           0.865        0.409        1425         343.281           100               
#Entity         SMACT        TENSO        SMCLK        POWER             GPUTL             
ID                                                      W                                  
GPU 0           0.860        0.401        1305         343.593           100               
GPU 0           0.862        0.408        1320         344.013           100               
GPU 0           0.870        0.513        1305         344.710           100               
GPU 0           0.864        0.409        1320         345.459           100               
GPU 0           0.000        0.000        1395         344.681           100               
GPU 0           0.864        0.410        1395         342.623           100               
GPU 0           0.859        0.399        1320         343.142           100               
GPU 0           0.867        0.460        1320         344.092           100               
GPU 0           0.864        0.409        1305         344.165           100               
GPU 0           0.863        0.408        1335         344.715           100               
GPU 0           0.859        0.401        1410         342.864           100               
GPU 0           0.862        0.407        1320         342.973           100               
GPU 0           0.870        0.510        1335         344.017           100               
GPU 0           0.864        0.410        1320         344.440           100               
#Entity         SMACT        TENSO        SMCLK        POWER             GPUTL             
ID                                                      W                                  
GPU 0           0.864        0.408        1275         345.171           100               
GPU 0           0.864        0.411        1395         344.628           100               
GPU 0           0.858        0.398        1410         342.977           100               
GPU 0           0.866        0.444        1320         343.255           100               
GPU 0           0.867        0.475        1305         344.162           100               
GPU 0           0.864        0.410        1290         345.046           100               
GPU 0           0.863        0.410        1350         344.978           100               
GPU 0           0.857        0.398        1425         343.373           100               
GPU 0           0.863        0.405        1350         343.803           100               
GPU 0           0.870        0.503        1290         344.563           100               
GPU 0           0.863        0.421        1290         344.027           100               
GPU 0           0.864        0.410        1305         344.742           100               
GPU 0           0.864        0.409        1410         345.095           100               
GPU 0           0.858        0.398        1410         343.582           100               
#Entity         SMACT        TENSO        SMCLK        POWER             GPUTL             
ID                                                      W                                  
GPU 0           0.865        0.442        1305         343.824           100               
GPU 0           0.868        0.479        1320         344.417           100               
GPU 0           0.864        0.409        1305         344.840           100               
GPU 0           0.863        0.410        1380         345.388           100               
GPU 0           0.859        0.400        1425         344.892           100               
GPU 0           0.863        0.406        1350         343.112           100               
GPU 0           0.868        0.502        1290         344.007           100               
GPU 0           0.865        0.424        1305         344.360           100               
GPU 0           0.863        0.408        1305         344.692           100               
GPU 0           0.864        0.409        1395         344.882           100               
GPU 0           0.857        0.399        1410         344.119           100               
GPU 0           0.866        0.439        1320         343.745           100               
GPU 0           0.866        0.478        1305         344.673           100               
GPU 0           0.863        0.409        1305         345.057           100               
#Entity         SMACT        TENSO        SMCLK        POWER             GPUTL             
ID                                                      W                                  
GPU 0           0.865        0.408        1380         344.815           100               
GPU 0           0.860        0.400        1425         344.652           100               
GPU 0           0.862        0.406        1350         343.431           100               
GPU 0           0.869        0.498        1305         344.415           100               
GPU 0           0.864        0.427        1305         343.947           100               
GPU 0           0.864        0.409        1305         344.682           100               
GPU 0           0.862        0.407        1395         345.131           100               
GPU 0           0.859        0.401        1410         343.418           100               
GPU 0           0.866        0.439        1305         343.425           100               
GPU 0           0.867        0.482        1320         344.275           100               
GPU 0           0.865        0.407        1320         344.637           100               
GPU 0           0.862        0.407        1350         344.947           100               
GPU 0           0.859        0.400        1410         344.488           100               
GPU 0           0.863        0.407        1335         343.194           100               
#Entity         SMACT        TENSO        SMCLK        POWER             GPUTL             
ID                                                      W                                  
GPU 0           0.869        0.498        1320         344.239           100               
GPU 0           0.864        0.424        1305         343.972           100               
GPU 0           0.863        0.408        1305         343.765           100               
GPU 0           0.863        0.407        1380         344.559           100               
GPU 0           0.859        0.399        1425         343.897           100               
GPU 0           0.865        0.439        1320         343.587           100               
GPU 0           0.868        0.481        1320         344.114           100               
GPU 0           0.862        0.408        1305         344.462           100               
GPU 0           0.864        0.411        1350         344.377           100               
GPU 0           0.860        0.400        1425         342.786           100               
GPU 0           0.862        0.407        1335         342.654           100               
GPU 0           0.869        0.500        1305         343.640           100               
GPU 0           0.865        0.422        1305         344.080           100               
GPU 0           0.863        0.408        1305         344.368           100               
#Entity         SMACT        TENSO        SMCLK        POWER             GPUTL             
ID                                                      W                                  
GPU 0           0.863        0.408        1380         345.148           100               
GPU 0           0.859        0.401        1410         343.424           100               
GPU 0           0.864        0.441        1305         343.671           100               
GPU 0           0.867        0.480        1320         344.059           100               
GPU 0           0.864        0.408        1320         344.920           100               
GPU 0           0.865        0.409        1335         345.679           100               
GPU 0           0.860        0.401        1410         344.252           100               
GPU 0           0.864        0.406        1350         343.961           100               
GPU 0           0.868        0.500        1305         344.316           100               
GPU 0           0.865        0.424        1320         344.158           100               
GPU 0           0.863        0.410        1290         344.156           100               
GPU 0           0.864        0.410        1380         344.566           100               
GPU 0           0.860        0.401        1410         343.033           100               
GPU 0           0.865        0.439        1305         343.772           100               
#Entity         SMACT        TENSO        SMCLK        POWER             GPUTL             
ID                                                      W                                  
GPU 0           0.868        0.483        1320         344.260           100               
GPU 0           0.864        0.408        1320         344.232           100               
GPU 0           0.863        0.409        1335         344.801           100               
GPU 0           0.861        0.402        1410         343.379           100               
GPU 0           0.864        0.406        1350         343.213           100               
GPU 0           0.869        0.499        1305         344.284           100               
GPU 0           0.863        0.408        1305         345.426           100               
GPU 0           0.863        0.408        1380         344.923           100               
GPU 0           0.861        0.399        1425         344.221           100               
GPU 0           0.866        0.439        1320         343.917           100               
GPU 0           0.867        0.481        1305         344.231           100               
GPU 0           0.865        0.410        1320         344.806           100               
GPU 0           0.865        0.409        1335         344.977           100               
GPU 0           0.860        0.402        1410         343.563           100               
#Entity         SMACT        TENSO        SMCLK        POWER             GPUTL             
ID                                                      W                                  
GPU 0           0.864        0.406        1350         343.188           100               
GPU 0           0.869        0.501        1290         343.962           100               
GPU 0           0.865        0.424        1305         343.713           100               
GPU 0           0.863        0.409        1305         344.136           100               
GPU 0           0.866        0.409        1395         344.536           100               
GPU 0           0.861        0.399        1425         342.887           100               
GPU 0           0.865        0.438        1305         343.478           100               
GPU 0           0.867        0.483        1305         344.277           100               
GPU 0           0.865        0.411        1305         343.441           100               
GPU 0           0.864        0.410        1350         344.147           100               
GPU 0           0.859        0.399        1425         343.492           100               
GPU 0           0.863        0.406        1335         342.339           100               
GPU 0           0.869        0.503        1320         343.680           100               
GPU 0           0.864        0.418        1305         344.054           100               
#Entity         SMACT        TENSO        SMCLK        POWER             GPUTL             
ID                                                      W                                  
GPU 0           0.864        0.408        1305         344.898           100               
GPU 0           0.863        0.409        1395         344.519           100               
GPU 0           0.861        0.400        1410         343.720           100               
GPU 0           0.864        0.440        1290         343.578           100               
GPU 0           0.867        0.480        1305         344.757           100               
GPU 0           0.866        0.412        1290         344.631           100               
GPU 0           0.864        0.410        1335         345.237           100               
GPU 0           0.859        0.399        1410         344.273           100               
GPU 0           0.864        0.408        1335         342.519           100               
GPU 0           0.869        0.507        1320         343.359           100               
GPU 0           0.864        0.414        1305         343.593           100               
GPU 0           0.864        0.409        1305         344.531           100               
GPU 0           0.864        0.410        1395         344.088           100               
GPU 0           0.859        0.399        1410         342.045           100               
#Entity         SMACT        TENSO        SMCLK        POWER             GPUTL             
ID                                                      W                                  
GPU 0           0.865        0.449        1305         342.484           100               
GPU 0           0.867        0.473        1305         343.488           100               
GPU 0           0.865        0.408        1305         343.839           100               
GPU 0           0.862        0.408        1350         344.579           100               
GPU 0           0.859        0.401        1425         344.272           100               
GPU 0           0.864        0.408        1305         343.114           100               
GPU 0           0.870        0.513        1320         343.503           100               
GPU 0           0.864        0.411        1290         344.162           100               
GPU 0           0.864        0.411        1305         343.955           100               
GPU 0           0.863        0.409        1395         343.786           100               
GPU 0           0.860        0.398        1410         343.475           100               
GPU 0           0.866        0.454        1305         343.553           100               
GPU 0           0.867        0.467        1305         344.042           100               
GPU 0           0.862        0.409        1305         344.942           100               
#Entity         SMACT        TENSO        SMCLK        POWER             GPUTL             
ID                                                      W                                  
GPU 0           0.865        0.410        1365         344.657           100               
GPU 0           0.858        0.399        1425         344.115           100               
GPU 0           0.863        0.407        1320         343.420           100               
GPU 0           0.870        0.515        1305         343.652           100               
GPU 0           0.863        0.408        1290         344.414           100               
GPU 0           0.864        0.411        1305         345.186           100               
GPU 0           0.863        0.408        1410         344.821           100               
GPU 0           0.861        0.400        1395         344.384           100               
GPU 0           0.866        0.457        1305         344.383           100               
GPU 0           0.867        0.463        1290         344.899           100               
GPU 0           0.865        0.411        1290         344.909           100               
GPU 0           0.864        0.409        1365         345.319           100               
GPU 0           0.859        0.399        1425         343.706           100               
GPU 0           0.863        0.409        1305         343.887           100               
#Entity         SMACT        TENSO        SMCLK        POWER             GPUTL             
ID                                                      W                                  
GPU 0           0.869        0.514        1320         344.541           100               
GPU 0           0.862        0.408        1305         344.617           100               
GPU 0           0.864        0.409        1305         345.210           100               
GPU 0           0.861        0.403        1410         344.468           100               
GPU 0           0.860        0.403        1380         343.972           100               
GPU 0           0.867        0.462        1305         344.128           100               
GPU 0           0.866        0.462        1305         344.279           100               
GPU 0           0.864        0.409        1290         344.993           100               
GPU 0           0.863        0.409        1350         344.754           100               
GPU 0           0.859        0.401        1425         342.660           100               
GPU 0           0.863        0.409        1320         342.706           100               
GPU 0           0.870        0.513        1305         343.593           100               
GPU 0           0.863        0.409        1305         343.884           100               
GPU 0           0.863        0.408        1335         344.563           100               
#Entity         SMACT        TENSO        SMCLK        POWER             GPUTL             
ID                                                      W                                  
GPU 0           0.861        0.404        1410         343.168           100               
GPU 0           0.862        0.404        1365         343.015           100               
GPU 0           0.867        0.474        1320         343.519           100               
GPU 0           0.866        0.446        1305         343.747           100               
GPU 0           0.864        0.412        1275         344.730           100               
GPU 0           0.863        0.410        1365         344.257           100               
GPU 0           0.859        0.401        1425         342.636           100               
GPU 0           0.864        0.423        1305         343.002           100               
GPU 0           0.868        0.498        1320         344.019           100               
GPU 0           0.865        0.410        1305         343.834           100               
GPU 0           0.864        0.410        1350         343.957           100               
GPU 0           0.861        0.400        1350         343.125           100               
GPU 0           0.863        0.406        1365         342.925           100               
GPU 0           0.868        0.486        1350         343.627           100               
#Entity         SMACT        TENSO        SMCLK        POWER             GPUTL             
ID                                                      W                                  
GPU 0           0.864        0.437        1305         343.553           100               
GPU 0           0.863        0.409        1305         344.422           100               
GPU 0           0.865        0.410        1305         345.213           100               
GPU 0           0.860        0.401        1380         344.657           100               
GPU 0           0.866        0.428        1305         344.557           100               
GPU 0           0.868        0.496        1305         345.151           100               
GPU 0           0.865        0.410        1305         345.890           100               
GPU 0           0.863        0.409        1305         345.765           100               
GPU 0           0.859        0.401        1410         344.052           100               
GPU 0           0.863        0.407        1335         343.767           100               
GPU 0           0.868        0.498        1305         344.554           100               
GPU 0           0.866        0.427        1320         344.519           100               
GPU 0           0.864        0.410        1305         344.682           100               
GPU 0           0.863        0.408        1275         344.607           100               
#Entity         SMACT        TENSO        SMCLK        POWER             GPUTL             
ID                                                      W                                  
GPU 0           0.858        0.400        1410         343.110           100               
GPU 0           0.865        0.440        1395         342.952           100               
GPU 0           0.867        0.481        1320         343.226           100               
GPU 0           0.863        0.408        1305         344.327           100               
GPU 0           0.865        0.411        1350         345.217           100               
GPU 0           0.859        0.400        1350         345.458           100               
GPU 0           0.864        0.406        1425         343.681           100               
GPU 0           0.869        0.507        1305         343.173           100               
GPU 0           0.864        0.416        1290         344.112           100               
GPU 0           0.863        0.411        1260         343.547           100               
GPU 0           0.862        0.409        1410         344.224           100               
GPU 0           0.860        0.401        1395         344.340           100               
GPU 0           0.866        0.453        1380         343.715           100               
GPU 0           0.866        0.468        1305         343.495           100               
#Entity         SMACT        TENSO        SMCLK        POWER             GPUTL             
ID                                                      W                                  
GPU 0           0.865        0.409        1305         344.227           100               
GPU 0           0.863        0.411        1305         344.164           100               
GPU 0           0.860        0.400        1350         345.077           100               
GPU 0           0.862        0.408        1425         342.931           100               
GPU 0           0.869        0.514        1305         342.732           100               
GPU 0           0.864        0.411        1305         343.664           100               
GPU 0           0.865        0.412        1320         344.501           100               
GPU 0           0.860        0.405        1335         344.135           100               
GPU 0           0.861        0.403        1380         343.414           100               
GPU 0           0.867        0.467        1305         342.328           100               
GPU 0           0.866        0.456        1305         343.020           100               
GPU 0           0.864        0.408        1320         343.704           100               
GPU 0           0.864        0.409        1275         344.698           100               
GPU 0           0.859        0.401        1365         344.489           100               
#Entity         SMACT        TENSO        SMCLK        POWER             GPUTL             
ID                                                      W                                  
GPU 0           0.863        0.410        1425         343.524           100               
GPU 0           0.869        0.513        1305         342.338           100               
GPU 0           0.863        0.409        1305         343.179           100               
GPU 0           0.864        0.409        1290         344.432           100               
GPU 0           0.861        0.402        1335         344.189           100               
GPU 0           0.863        0.407        1395         344.155           100               
GPU 0           0.867        0.481        1305         342.725           100               
GPU 0           0.864        0.442        1320         343.648           100               
GPU 0           0.862        0.408        1305         343.629           100               
GPU 0           0.862        0.408        1275         345.149           100               
GPU 0           0.859        0.401        1410         345.535           100               
GPU 0           0.865        0.426        1395         343.817           100               
GPU 0           0.863        0.410        1305         343.868           100               
GPU 0           0.862        0.409        1305         344.217           100               
#Entity         SMACT        TENSO        SMCLK        POWER             GPUTL             
ID                                                      W                                  
GPU 0           0.860        0.401        1335         345.157           100               
GPU 0           0.862        0.407        1335         344.553           100               
GPU 0           0.868        0.500        1305         342.544           100               
GPU 0           0.865        0.425        1305         343.663           100               
GPU 0           0.865        0.408        1305         344.008           100               
GPU 0           0.861        0.410        1305         344.549           100               
GPU 0           0.859        0.400        1395         344.267           100               
GPU 0           0.866        0.445        1395         342.541           100               
GPU 0           0.867        0.478        1305         342.892           100               
GPU 0           0.865        0.410        1305         343.692           100               
GPU 0           0.863        0.407        1305         344.936           100               
GPU 0           0.860        0.400        1425         345.528           100               
GPU 0           0.861        0.407        1305         344.948           100               
GPU 0           0.870        0.514        1305         343.443           100               
#Entity         SMACT        TENSO        SMCLK        POWER             GPUTL             
ID                                                      W                                  
GPU 0           0.863        0.411        1320         344.371           100               
GPU 0           0.865        0.408        1275         344.422           100               
GPU 0           0.864        0.411        1305         345.358           100               
GPU 0           0.858        0.398        1395         344.897           100               
GPU 0           0.867        0.462        1305         343.540           100               
GPU 0           0.866        0.460        1305         344.165           100               
GPU 0           0.863        0.410        1305         344.066           100               
GPU 0           0.863        0.407        1350         344.204           100               
GPU 0           0.860        0.403        1365         345.038           100               
GPU 0           0.863        0.408        1425         343.670           100               
GPU 0           0.869        0.514        1305         343.478           100               
GPU 0           0.863        0.413        1305         343.902           100               
GPU 0           0.863        0.409        1320         344.582           100               
GPU 0           0.859        0.401        1335         344.517           100               
#Entity         SMACT        TENSO        SMCLK        POWER             GPUTL             
ID                                                      W                                  
GPU 0           0.862        0.406        1365         343.386           100               
GPU 0           0.867        0.480        1350         342.557           100               
GPU 0           0.867        0.444        1305         344.029           100               
GPU 0           0.864        0.411        1305         344.388           100               
GPU 0           0.865        0.409        1305         345.524           100               
GPU 0           0.861        0.401        1425         345.625           100               
GPU 0           0.864        0.420        1305         344.452           100               
GPU 0           0.867        0.500        1305         343.510           100               
GPU 0           0.864        0.411        1305         344.313           100               
GPU 0           0.863        0.410        1335         344.817           100               
GPU 0           0.860        0.401        1350         345.300           100               
GPU 0           0.862        0.407        1425         344.648           100               
GPU 0           0.868        0.489        1335         342.888           100               
GPU 0           0.865        0.432        1305         344.073           100               
#Entity         SMACT        TENSO        SMCLK        POWER             GPUTL             
ID                                                      W                                  
GPU 0           0.865        0.410        1305         343.868           100               
GPU 0           0.863        0.410        1305         343.722           100               
GPU 0           0.859        0.399        1395         344.144           100               
GPU 0           0.864        0.436        1290         342.709           100               
GPU 0           0.867        0.487        1305         343.073           100               
GPU 0           0.864        0.410        1305         344.283           100               
GPU 0           0.864        0.411        1305         344.000           100               
GPU 0           0.860        0.400        1410         345.067           100               
GPU 0           0.863        0.406        1425         342.931           100               
GPU 0           0.869        0.505        1305         342.505           100               
GPU 0           0.864        0.420        1290         343.417           100               
GPU 0           0.864        0.411        1275         343.263           100               
GPU 0           0.864        0.411        1305         343.580           100               
GPU 0           0.857        0.399        1395         343.980           100               
#Entity         SMACT        TENSO        SMCLK        POWER             GPUTL             
ID                                                      W                                  
GPU 0           0.866        0.454        1380         343.237           100               
GPU 0           0.866        0.469        1290         343.134           100               
GPU 0           0.863        0.409        1305         343.867           100               
GPU 0           0.863        0.410        1350         343.684           100               
GPU 0           0.858        0.399        1350         344.586           100               
GPU 0           0.864        0.408        1305         342.329           100               
GPU 0           0.869        0.512        1305         342.266           100               
GPU 0           0.863        0.412        1290         343.056           100               
GPU 0           0.864        0.411        1305         343.136           100               
GPU 0           0.863        0.402        1335         344.261           100               
GPU 0           0.861        0.405        1395         343.016           100               
GPU 0           0.867        0.473        1305         342.285           100               
GPU 0           0.866        0.448        1305         343.352           100               
GPU 0           0.862        0.411        1275         343.369           100               
#Entity         SMACT        TENSO        SMCLK        POWER             GPUTL             
ID                                                      W                                  
GPU 0           0.862        0.409        1290         344.370           100               
GPU 0           0.860        0.402        1410         344.811           100               
GPU 0           0.864        0.425        1305         342.857           100               
GPU 0           0.869        0.497        1305         343.071           100               
GPU 0           0.863        0.411        1305         344.112           100               
GPU 0           0.864        0.410        1305         344.009           100               
GPU 0           0.857        0.400        1350         344.810           100               
GPU 0           0.863        0.407        1425         344.331           100               
GPU 0           0.869        0.492        1335         343.281           100               
GPU 0           0.867        0.431        1305         344.459           100               
GPU 0           0.864        0.412        1290         344.510           100               
GPU 0           0.863        0.409        1380         345.746           100               
GPU 0           0.858        0.401        1395         344.257           100               
GPU 0           0.865        0.447        1395         343.473           100               
#Entity         SMACT        TENSO        SMCLK        POWER             GPUTL             
ID                                                      W                                  
GPU 0           0.866        0.475        1305         343.337           100               
GPU 0           0.864        0.410        1305         344.340           100               
GPU 0           0.863        0.408        1305         344.872           100               
GPU 0           0.860        0.401        1350         344.943           100               
GPU 0           0.864        0.407        1425         342.881           100               
GPU 0           0.870        0.514        1305         342.423           100               
GPU 0           0.862        0.412        1305         343.645           100               
GPU 0           0.865        0.408        1260         343.509           100               
GPU 0           0.862        0.409        1395         344.414           100               
GPU 0           0.860        0.401        1395         344.268           100               
GPU 0           0.867        0.463        1305         343.510           100               
GPU 0           0.865        0.458        1305         343.369           100               
GPU 0           0.864        0.409        1305         344.206           100               
GPU 0           0.863        0.408        1275         344.481           100               
#Entity         SMACT        TENSO        SMCLK        POWER             GPUTL             
ID                                                      W                                  
GPU 0           0.859        0.402        1365         345.117           100               
GPU 0           0.863        0.409        1425         343.293           100               
GPU 0           0.869        0.513        1305         343.463           100               
GPU 0           0.864        0.410        1290         344.364           100               
GPU 0           0.862        0.409        1305         344.751           100               
GPU 0           0.861        0.401        1335         345.213           100               
GPU 0           0.860        0.407        1395         344.080           100               
GPU 0           0.868        0.484        1350         343.057           100               
GPU 0           0.865        0.441        1305         344.530           100               
GPU 0           0.864        0.409        1305         344.475           100               
GPU 0           0.863        0.408        1275         345.636           100               
GPU 0           0.859        0.400        1410         345.912           100               
GPU 0           0.866        0.426        1395         343.664           100               
GPU 0           0.868        0.498        1305         343.294           100               
#Entity         SMACT        TENSO        SMCLK        POWER             GPUTL             
ID                                                      W                                  
GPU 0           0.861        0.410        1305         344.163           100               
GPU 0           0.863        0.409        1335         344.208           100               
GPU 0           0.861        0.402        1335         344.931           100               
GPU 0           0.862        0.406        1425         343.539           100               
GPU 0           0.868        0.499        1290         342.936           100               
GPU 0           0.864        0.425        1305         344.294           100               
GPU 0           0.863        0.411        1305         343.914           100               
GPU 0           0.862        0.409        1395         345.030           100               
GPU 0           0.861        0.402        1380         344.971           100               
GPU 0           0.864        0.442        1290         344.034           100               
GPU 0           0.867        0.480        1305         343.706           100               
GPU 0           0.862        0.410        1305         344.420           100               
GPU 0           0.864        0.408        1335         344.654           100               
GPU 0           0.858        0.401        1350         345.713           100               
#Entity         SMACT        TENSO        SMCLK        POWER             GPUTL             
ID                                                      W                                  
GPU 0           0.862        0.408        1425         343.515           100               
GPU 0           0.870        0.516        1290         343.356           100               
GPU 0           0.861        0.409        1290         344.092           100               
GPU 0           0.864        0.412        1305         344.407           100               
GPU 0           0.862        0.405        1335         344.773           100               
GPU 0           0.861        0.404        1380         343.934           100               
GPU 0           0.867        0.466        1350         343.672           100               
GPU 0           0.866        0.456        1305         343.619           100               
GPU 0           0.865        0.409        1290         344.308           100               
GPU 0           0.862        0.412        1305         344.908           100               
GPU 0           0.859        0.401        1425         345.259           100               
GPU 0           0.864        0.415        1290         344.318           100               
GPU 0           0.868        0.508        1290         343.252           100               
GPU 0           0.863        0.411        1305         343.655           100               
#Entity         SMACT        TENSO        SMCLK        POWER             GPUTL             
ID                                                      W                                  
GPU 0           0.862        0.411        1320         343.563           100               
GPU 0           0.861        0.406        1395         343.607           100               
GPU 0           0.868        0.486        1335         343.093           100               
GPU 0           0.865        0.438        1290         344.115           100               
GPU 0           0.863        0.410        1275         344.365           100               
GPU 0           0.863        0.412        1305         344.227           100               
GPU 0           0.859        0.399        1380         344.517           100               
GPU 0           0.864        0.437        1395         343.070           100               
GPU 0           0.867        0.485        1290         343.708           100               
GPU 0           0.867        0.412        1305         344.657           100               
GPU 0           0.864        0.410        1350         344.845           100               
GPU 0           0.858        0.399        1350         345.009           100               
GPU 0           0.863        0.407        1440         344.240           100               
GPU 0           0.869        0.506        1305         342.962           100               
#Entity         SMACT        TENSO        SMCLK        POWER             GPUTL             
ID                                                      W                                  
GPU 0           0.864        0.416        1275         344.056           100               
GPU 0           0.863        0.412        1275         344.288           100               
GPU 0           0.862        0.409        1305         344.494           100               
GPU 0           0.859        0.399        1395         344.429           100               
GPU 0           0.867        0.459        1305         343.469           100               
GPU 0           0.866        0.464        1305         343.394           100               
GPU 0           0.862        0.410        1290         343.919           100               
GPU 0           0.863        0.408        1275         344.170           100               
GPU 0           0.858        0.401        1350         345.235           100               
GPU 0           0.863        0.408        1425         343.187           100               
GPU 0           0.869        0.516        1290         343.225           100               
GPU 0           0.864        0.411        1290         344.445           100               
GPU 0           0.864        0.409        1305         344.571           100               
GPU 0           0.860        0.402        1335         345.249           100               
#Entity         SMACT        TENSO        SMCLK        POWER             GPUTL             
ID                                                      W                                  
GPU 0           0.862        0.408        1395         344.144           100               
GPU 0           0.868        0.484        1335         343.344           100               
GPU 0           0.865        0.441        1290         344.640           100               
GPU 0           0.863        0.409        1305         344.733           100               
GPU 0           0.862        0.411        1275         345.842           100               
GPU 0           0.859        0.400        1380         345.517           100               
GPU 0           0.865        0.434        1290         343.545           100               
GPU 0           0.866        0.489        1305         343.376           100               
GPU 0           0.865        0.410        1290         344.039           100               
GPU 0           0.865        0.413        1305         344.410           100               
GPU 0           0.859        0.399        1350         344.600           100               
GPU 0           0.863        0.407        1320         342.936           100               
GPU 0           0.869        0.511        1305         342.243           100               
GPU 0           0.862        0.413        1305         343.669           100               
#Entity         SMACT        TENSO        SMCLK        POWER             GPUTL             
ID                                                      W                                  
GPU 0           0.863        0.411        1305         343.120           100               
GPU 0           0.864        0.407        1305         344.623           100               
GPU 0           0.858        0.399        1395         343.685           100               
GPU 0           0.868        0.456        1380         343.674           100               
GPU 0           0.866        0.467        1305         343.978           100               
GPU 0           0.865        0.412        1290         344.485           100               
GPU 0           0.864        0.411        1275         344.737           100               
GPU 0           0.858        0.399        1335         345.544           100               
GPU 0           0.863        0.408        1290         344.973           100               
GPU 0           0.870        0.516        1305         343.493           100               
GPU 0           0.862        0.410        1275         344.435           100               
GPU 0           0.863        0.410        1305         344.403           100               
GPU 0           0.860        0.401        1350         344.633           100               
GPU 0           0.865        0.407        1410         344.364           100               
#Entity         SMACT        TENSO        SMCLK        POWER             GPUTL             
ID                                                      W                                  
GPU 0           0.867        0.483        1350         342.449           100               
GPU 0           0.865        0.441        1305         343.792           100               
GPU 0           0.864        0.407        1290         344.508           100               
GPU 0           0.864        0.411        1275         344.477           100               
GPU 0           0.858        0.401        1410         345.878           100               
GPU 0           0.865        0.431        1395         344.660           100               
GPU 0           0.867        0.492        1305         343.760           100               
GPU 0           0.864        0.409        1305         344.565           100               
GPU 0           0.864        0.411        1305         345.059           100               
GPU 0           0.858        0.400        1350         345.422           100               
GPU 0           0.864        0.406        1425         344.015           100               
GPU 0           0.869        0.506        1305         343.659           100               
GPU 0           0.862        0.417        1290         344.661           100               
GPU 0           0.863        0.412        1305         344.696           100               
#Entity         SMACT        TENSO        SMCLK        POWER             GPUTL             
ID                                                      W                                  
GPU 0           0.863        0.409        1395         345.691           100               
GPU 0           0.859        0.399        1380         344.591           100               
GPU 0           0.866        0.457        1380         344.128           100               
GPU 0           0.865        0.464        1305         344.057           100               
GPU 0           0.864        0.411        1305         344.823           100               
GPU 0           0.863        0.410        1305         344.758           100               
GPU 0           0.861        0.401        1350         345.466           100               
GPU 0           0.862        0.407        1290         344.727           100               
GPU 0           0.869        0.515        1290         343.555           100               
GPU 0           0.863        0.413        1290         344.411           100               
GPU 0           0.861        0.408        1305         344.315           100               
GPU 0           0.858        0.402        1335         344.665           100               
GPU 0           0.863        0.406        1395         344.944           100               
GPU 0           0.868        0.484        1290         343.152           100               
#Entity         SMACT        TENSO        SMCLK        POWER             GPUTL             
ID                                                      W                                  
GPU 0           0.866        0.440        1305         344.222           100               
GPU 0           0.864        0.409        1290         344.598           100               
GPU 0           0.863        0.412        1275         345.573           100               
GPU 0           0.859        0.400        1380         345.178           100               
GPU 0           0.863        0.434        1290         343.076           100               
GPU 0           0.867        0.488        1305         342.933           100               
GPU 0           0.864        0.410        1290         343.397           100               
GPU 0           0.863        0.411        1305         343.873           100               
GPU 0           0.860        0.400        1335         344.915           100               
GPU 0           0.862        0.406        1425         344.192           100               
GPU 0           0.869        0.511        1305         343.005           100               
GPU 0           0.864        0.414        1290         344.055           100               
GPU 0           0.862        0.412        1305         343.506           100               
GPU 0           0.863        0.409        1275         343.859           100               
#Entity         SMACT        TENSO        SMCLK        POWER             GPUTL             
ID                                                      W                                  
GPU 0           0.861        0.400        1395         343.521           100               
GPU 0           0.866        0.459        1290         342.968           100               
GPU 0           0.866        0.463        1305         343.889           100               
GPU 0           0.864        0.411        1305         344.411           100               
GPU 0           0.865        0.409        1275         344.353           100               
GPU 0           0.859        0.401        1365         345.420           100               
GPU 0           0.865        0.407        1425         343.788           100               
GPU 0           0.869        0.515        1305         343.766           100               
GPU 0           0.864        0.413        1305         344.922           100               
GPU 0           0.864        0.410        1305         344.979           100               
GPU 0           0.859        0.400        1410         345.286           100               
GPU 0           0.862        0.408        1410         345.128           100               
GPU 0           0.867        0.482        1290         343.849           100               
GPU 0           0.865        0.444        1305         344.603           100               
#Entity         SMACT        TENSO        SMCLK        POWER             GPUTL             
ID                                                      W                                  
GPU 0           0.863        0.408        1305         344.894           100               
GPU 0           0.864        0.411        1275         345.876           100               
GPU 0           0.859        0.401        1410         345.958           100               
GPU 0           0.863        0.434        1395         343.304           100               
GPU 0           0.867        0.486        1305         343.659           100               
GPU 0           0.864        0.410        1305         344.247           100               
GPU 0           0.864        0.411        1305         345.123           100               
GPU 0           0.859        0.400        1350         345.231           100               
GPU 0           0.863        0.406        1335         343.622           100               
GPU 0           0.869        0.509        1305         343.330           100               
GPU 0           0.863        0.416        1305         344.135           100               
GPU 0           0.863        0.410        1305         344.210           100               
GPU 0           0.863        0.410        1275         343.771           100               
GPU 0           0.860        0.400        1380         343.895           100               
#Entity         SMACT        TENSO        SMCLK        POWER             GPUTL             
ID                                                      W                                  
GPU 0           0.867        0.460        1290         343.345           100               
GPU 0           0.866        0.464        1305         343.706           100               
GPU 0           0.862        0.410        1305         344.144           100               
GPU 0           0.864        0.408        1275         345.353           100               
GPU 0           0.859        0.401        1425         345.183           100               
GPU 0           0.862        0.408        1425         344.579           100               
GPU 0           0.869        0.516        1290         343.450           100               
GPU 0           0.864        0.411        1305         344.408           100               
GPU 0           0.863        0.409        1305         345.003           100               
GPU 0           0.858        0.400        1335         344.965           100               
GPU 0           0.864        0.408        1365         344.364           100               
GPU 0           0.867        0.483        1335         343.457           100               
GPU 0           0.866        0.443        1320         344.417           100               
GPU 0           0.863        0.409        1305         344.642           100               
#Entity         SMACT        TENSO        SMCLK        POWER             GPUTL             
ID                                                      W                                  
GPU 0           0.864        0.411        1305         344.995           100               
GPU 0           0.857        0.400        1275         345.684           100               
GPU 0           0.866        0.430        1380         344.843           100               
GPU 0           0.868        0.494        1380         343.647           100               
GPU 0           0.864        0.409        1305         344.399           100               
GPU 0           0.863        0.401        1275         345.736           100               
GPU 0           0.862        0.407        1335         345.450           100               
GPU 0           0.869        0.506        1425         344.034           100               
GPU 0           0.863        0.419        1320         344.875           100               
GPU 0           0.865        0.411        1305         344.677           100               
GPU 0           0.863        0.409        1290         345.734           100               
GPU 0           0.857        0.400        1320         345.147           100               
GPU 0           0.866        0.457        1380         344.465           100               
GPU 0           0.865        0.466        1365         344.484           100               
#Entity         SMACT        TENSO        SMCLK        POWER             GPUTL             
ID                                                      W                                  
GPU 0           0.864        0.410        1305         344.955           100               
GPU 0           0.863        0.410        1290         344.490           100               
GPU 0           0.859        0.401        1305         345.349           100               
GPU 0           0.862        0.408        1350         344.923           100               
GPU 0           0.869        0.514        1410         343.700           100               
GPU 0           0.862        0.412        1305         344.177           100               
GPU 0           0.863        0.409        1305         343.982           100               
GPU 0           0.859        0.402        1290         344.743           100               
GPU 0           0.862        0.406        1335         343.551           100               
GPU 0           0.869        0.481        1410         342.929           100               
GPU 0           0.865        0.444        1320         343.931           100               
GPU 0           0.865        0.410        1305         343.983           100               
GPU 0           0.862        0.408        1290         344.765           100               
GPU 0           0.858        0.401        1275         345.329           100               
#Entity         SMACT        TENSO        SMCLK        POWER             GPUTL             
ID                                                      W                                  
GPU 0           0.865        0.428        1380         343.453           100               
GPU 0           0.867        0.495        1395         343.677           100               
GPU 0           0.863        0.409        1305         344.007           100               
GPU 0           0.864        0.409        1305         345.101           100               
GPU 0           0.858        0.401        1305         346.111           100               
GPU 0           0.863        0.407        1335         345.946           100               
GPU 0           0.868        0.502        1425         343.392           100               
GPU 0           0.865        0.422        1305         343.250           100               
GPU 0           0.864        0.411        1305         343.907           100               
GPU 0           0.864        0.411        1290         343.893           100               
GPU 0           0.859        0.399        1320         344.119           100               
GPU 0           0.865        0.456        1380         343.957           100               
GPU 0           0.865        0.468        1350         343.020           100               
GPU 0           0.864        0.411        1305         343.300           100               
#Entity         SMACT        TENSO        SMCLK        POWER             GPUTL             
ID                                                      W                                  
GPU 0           0.863        0.409        1305         343.701           100               
GPU 0           0.858        0.399        1320         344.740           100               
GPU 0           0.861        0.408        1335         345.508           100               
GPU 0           0.869        0.515        1410         343.699           100               
GPU 0           0.863        0.412        1305         343.538           100               
GPU 0           0.863        0.410        1305         344.445           100               
GPU 0           0.860        0.403        1305         345.075           100               
GPU 0           0.862        0.405        1335         345.172           100               
GPU 0           0.867        0.478        1395         345.035           100               
GPU 0           0.866        0.446        1335         343.583           100               
GPU 0           0.863        0.410        1305         344.448           100               
GPU 0           0.865        0.410        1275         345.133           100               
GPU 0           0.859        0.401        1260         345.105           100               
GPU 0           0.864        0.433        1395         344.558           100               
#Entity         SMACT        TENSO        SMCLK        POWER             GPUTL             
ID                                                      W                                  
GPU 0           0.868        0.491        1395         344.321           100               
GPU 0           0.863        0.408        1305         343.775           100               
GPU 0           0.864        0.409        1305         344.927           100               
GPU 0           0.858        0.402        1305         345.319           100               
GPU 0           0.862        0.407        1350         345.857           100               
GPU 0           0.868        0.498        1425         344.179           100               
GPU 0           0.864        0.426        1290         343.872           100               
GPU 0           0.863        0.409        1290         344.781           100               
GPU 0           0.863        0.414        1290         344.656           100               
GPU 0           0.859        0.399        1305         345.370           100               
GPU 0           0.866        0.456        1395         344.320           100               
GPU 0           0.867        0.467        1350         342.906           100               
GPU 0           0.866        0.412        1305         343.693           100               
GPU 0           0.862        0.410        1305         344.470           100               
#Entity         SMACT        TENSO        SMCLK        POWER             GPUTL             
ID                                                      W                                  
GPU 0           0.858        0.399        1320         344.808           100               
GPU 0           0.863        0.408        1350         345.078           100               
GPU 0           0.869        0.514        1425         343.277           100               
GPU 0           0.864        0.412        1290         342.952           100               
GPU 0           0.863        0.410        1305         343.677           100               
GPU 0           0.859        0.401        1305         344.339           100               
GPU 0           0.862        0.407        1335         344.826           100               
GPU 0           0.867        0.479        1410         343.658           100               
GPU 0           0.866        0.444        1320         343.127           100               
GPU 0           0.863        0.410        1290         344.146           100               
GPU 0           0.864        0.409        1275         344.877           100               
GPU 0           0.859        0.402        1260         345.363           100               
GPU 0           0.864        0.433        1395         344.352           100               
GPU 0           0.868        0.489        1380         343.786           100               
#Entity         SMACT        TENSO        SMCLK        POWER             GPUTL             
ID                                                      W                                  
GPU 0           0.862        0.410        1305         343.738           100               
GPU 0           0.862        0.410        1305         344.602           100               
GPU 0           0.859        0.400        1275         345.192           100               
GPU 0           0.864        0.408        1335         345.153           100               
GPU 0           0.869        0.510        1425         343.347           100               
GPU 0           0.863        0.414        1305         343.075           100               
GPU 0           0.864        0.412        1290         343.637           100               
GPU 0           0.862        0.410        1320         343.687           100               
GPU 0           0.859        0.399        1335         344.631           100               
GPU 0           0.866        0.456        1395         344.051           100               
GPU 0           0.867        0.465        1365         343.597           100               
GPU 0           0.865        0.409        1305         343.701           100               
GPU 0           0.863        0.410        1290         343.951           100               
GPU 0           0.859        0.400        1305         345.254           100               
#Entity         SMACT        TENSO        SMCLK        POWER             GPUTL             
ID                                                      W                                  
GPU 0           0.863        0.408        1350         345.732           100               
GPU 0           0.869        0.515        1410         344.801           100               
GPU 0           0.865        0.413        1290         343.227           100               
GPU 0           0.864        0.409        1305         344.406           100               
GPU 0           0.859        0.400        1305         344.987           100               
GPU 0           0.862        0.408        1335         344.643           100               
GPU 0           0.868        0.485        1410         343.611           100               
GPU 0           0.865        0.440        1320         343.451           100               
GPU 0           0.862        0.408        1290         344.491           100               
GPU 0           0.863        0.413        1290         345.177           100               
GPU 0           0.859        0.400        1260         346.066           100               
GPU 0           0.866        0.436        1380         344.633           100               
GPU 0           0.867        0.488        1365         343.175           100               
GPU 0           0.863        0.412        1290         343.744           100               
#Entity         SMACT        TENSO        SMCLK        POWER             GPUTL             
ID                                                      W                                  
GPU 0           0.862        0.409        1290         344.398           100               
GPU 0           0.859        0.401        1290         344.651           100               
GPU 0           0.862        0.408        1350         345.382           100               
GPU 0           0.870        0.515        1410         343.263           100               
GPU 0           0.862        0.411        1305         343.124           100               
GPU 0           0.863        0.411        1305         343.360           100               
GPU 0           0.861        0.403        1305         343.999           100               
GPU 0           0.860        0.403        1335         344.986           100               
GPU 0           0.867        0.468        1380         344.913           100               
GPU 0           0.865        0.456        1335         343.343           100               
GPU 0           0.864        0.410        1275         343.919           100               
GPU 0           0.862        0.410        1305         344.437           100               
GPU 0           0.859        0.401        1260         344.530           100               
GPU 0           0.866        0.433        1395         344.004           100               
#Entity         SMACT        TENSO        SMCLK        POWER             GPUTL             
ID                                                      W                                  
GPU 0           0.868        0.491        1395         343.634           100               
GPU 0           0.862        0.409        1320         343.659           100               
GPU 0           0.864        0.408        1305         344.121           100               
GPU 0           0.858        0.400        1305         344.432           100               
GPU 0           0.865        0.408        1335         344.326           100               
GPU 0           0.869        0.497        1425         343.204           100               
GPU 0           0.863        0.428        1305         343.209           100               
GPU 0           0.862        0.409        1290         344.641           100               
GPU 0           0.863        0.412        1275         344.259           100               
GPU 0           0.858        0.399        1305         344.825           100               
GPU 0           0.866        0.454        1395         344.071           100               
GPU 0           0.865        0.469        1365         342.242           100               
GPU 0           0.862        0.409        1305         342.850           100               
GPU 0           0.863        0.410        1305         343.608           100               
#Entity         SMACT        TENSO        SMCLK        POWER             GPUTL             
ID                                                      W                                  
GPU 0           0.860        0.400        1305         344.932           100               
GPU 0           0.862        0.408        1350         344.507           100               
GPU 0           0.869        0.513        1410         343.694           100               
GPU 0           0.862        0.412        1290         342.514           100               
GPU 0           0.865        0.413        1305         343.808           100               
GPU 0           0.863        0.401        1305         344.730           100               
GPU 0           0.860        0.406        1335         345.461           100               
GPU 0           0.867        0.472        1395         344.075           100               
GPU 0           0.866        0.451        1335         343.699           100               
GPU 0           0.863        0.409        1305         345.065           100               
GPU 0           0.863        0.411        1275         345.034           100               
GPU 0           0.858        0.400        1290         346.032           100               
GPU 0           0.863        0.420        1350         345.723           100               
GPU 0           0.868        0.504        1380         344.280           100               
#Entity         SMACT        TENSO        SMCLK        POWER             GPUTL             
ID                                                      W                                  
GPU 0           0.861        0.410        1305         343.635           100               
GPU 0           0.862        0.408        1305         344.089           100               
GPU 0           0.859        0.407        1305         345.256           100               
GPU 0           0.869        0.502        1425         343.155           100               
GPU 0           0.865        0.423        1320         342.659           100               
GPU 0           0.863        0.408        1305         343.895           100               
GPU 0           0.863        0.412        1275         344.119           100               
GPU 0           0.857        0.399        1305         344.011           100               
GPU 0           0.866        0.454        1395         344.067           100               
GPU 0           0.866        0.469        1335         343.601           100               
GPU 0           0.863        0.412        1305         343.850           100               
GPU 0           0.862        0.408        1290         343.907           100               
GPU 0           0.859        0.402        1305         344.717           100               
GPU 0           0.863        0.406        1350         345.347           100               
#Entity         SMACT        TENSO        SMCLK        POWER             GPUTL             
ID                                                      W                                  
GPU 0           0.869        0.514        1410         344.256           100               
GPU 0           0.862        0.412        1290         342.960           100               
GPU 0           0.863        0.409        1290         343.721           100               
GPU 0           0.860        0.401        1305         344.697           100               
GPU 0           0.863        0.407        1335         344.826           100               
GPU 0           0.868        0.486        1395         344.593           100               
GPU 0           0.865        0.439        1290         343.638           100               
GPU 0           0.863        0.411        1290         344.084           100               
GPU 0           0.863        0.411        1305         344.501           100               
GPU 0           0.858        0.399        1290         344.534           100               
GPU 0           0.865        0.437        1380         344.383           100               
GPU 0           0.867        0.486        1380         342.900           100               
GPU 0           0.865        0.411        1290         343.320           100               
GPU 0           0.861        0.410        1305         343.909           100               
#Entity         SMACT        TENSO        SMCLK        POWER             GPUTL             
ID                                                      W                                  
GPU 0           0.859        0.399        1305         344.594           100               
GPU 0           0.864        0.409        1335         345.152           100               
GPU 0           0.869        0.510        1410         343.609           100               
GPU 0           0.862        0.415        1290         343.519           100               
GPU 0           0.863        0.410        1305         344.165           100               
GPU 0           0.861        0.408        1305         344.059           100               
GPU 0           0.861        0.402        1335         344.606           100               
GPU 0           0.867        0.464        1395         344.472           100               
GPU 0           0.867        0.460        1350         343.171           100               
GPU 0           0.864        0.409        1305         344.501           100               
GPU 0           0.861        0.408        1275         344.707           100               
GPU 0           0.860        0.402        1290         345.112           100               
GPU 0           0.864        0.414        1365         345.421           100               
GPU 0           0.868        0.509        1380         343.139           100               
#Entity         SMACT        TENSO        SMCLK        POWER             GPUTL             
ID                                                      W                                  
GPU 0           0.864        0.412        1305         343.241           100               
GPU 0           0.861        0.409        1305         344.067           100               
GPU 0           0.859        0.401        1305         344.984           100               
GPU 0           0.864        0.407        1335         345.523           100               
GPU 0           0.868        0.491        1410         345.064           100               
GPU 0           0.864        0.431        1305         343.569           100               
GPU 0           0.863        0.412        1290         344.396           100               
GPU 0           0.862        0.409        1290         344.304           100               
GPU 0           0.858        0.401        1275         344.026           100               
GPU 0           0.865        0.448        1380         344.011           100               
GPU 0           0.868        0.478        1350         343.184           100               
GPU 0           0.864        0.409        1305         344.143           100               
GPU 0           0.864        0.409        1305         344.609           100               
GPU 0           0.860        0.401        1305         345.504           100               
#Entity         SMACT        TENSO        SMCLK        POWER             GPUTL             
ID                                                      W                                  
GPU 0           0.862        0.409        1350         345.037           100               
GPU 0           0.870        0.516        1410         343.193           100               
GPU 0           0.862        0.409        1290         343.387           100               
GPU 0           0.863        0.413        1305         343.820           100               
GPU 0           0.861        0.403        1305         344.351           100               
GPU 0           0.861        0.405        1320         345.024           100               
GPU 0           0.867        0.476        1395         344.509           100               
GPU 0           0.866        0.448        1335         343.289           100               
GPU 0           0.864        0.410        1305         343.860           100               
GPU 0           0.862        0.408        1305         344.423           100               
GPU 0           0.860        0.402        1305         345.582           100               
GPU 0           0.863        0.425        1380         344.553           100               
GPU 0           0.868        0.498        1395         342.815           100               
GPU 0           0.863        0.411        1305         343.703           100               
#Entity         SMACT        TENSO        SMCLK        POWER             GPUTL             
ID                                                      W                                  
GPU 0           0.864        0.409        1290         344.724           100               
GPU 0           0.859        0.401        1290         345.120           100               
GPU 0           0.864        0.407        1335         345.180           100               
GPU 0           0.869        0.504        1425         343.400           100               
GPU 0           0.864        0.421        1305         343.300           100               
GPU 0           0.863        0.412        1290         344.122           100               
GPU 0           0.862        0.410        1290         344.245           100               
GPU 0           0.858        0.400        1335         344.630           100               
GPU 0           0.867        0.457        1380         344.185           100               
GPU 0           0.866        0.466        1350         344.175           100               
GPU 0           0.864        0.410        1290         343.875           100               
GPU 0           0.862        0.411        1305         344.545           100               
GPU 0           0.859        0.398        1290         346.337           100               
GPU 0           0.861        0.407        1335         346.145           100               
#Entity         SMACT        TENSO        SMCLK        POWER             GPUTL             
ID                                                      W                                  
GPU 0           0.869        0.515        1395         345.232           100               
GPU 0           0.863        0.413        1290         343.977           100               
GPU 0           0.864        0.410        1290         344.485           100               
GPU 0           0.858        0.402        1290         345.301           100               
GPU 0           0.863        0.408        1350         345.339           100               
GPU 0           0.867        0.485        1410         344.269           100               
GPU 0           0.864        0.439        1320         343.264           100               
GPU 0           0.864        0.409        1290         344.747           100               
GPU 0           0.863        0.413        1290         344.858           100               
GPU 0           0.860        0.399        1290         345.361           100               
GPU 0           0.864        0.436        1380         344.298           100               
GPU 0           0.867        0.487        1365         343.751           100               
GPU 0           0.864        0.412        1305         343.375           100               
GPU 0           0.864        0.409        1305         344.463           100               
#Entity         SMACT        TENSO        SMCLK        POWER             GPUTL             
ID                                                      W                                  
GPU 0           0.860        0.400        1305         345.064           100               
GPU 0           0.864        0.409        1335         345.641           100               
GPU 0           0.870        0.516        1410         343.682           100               
GPU 0           0.864        0.412        1305         343.760           100               
GPU 0           0.863        0.409        1290         344.342           100               
GPU 0           0.861        0.406        1305         344.585           100               
GPU 0           0.860        0.403        1335         345.159           100               
GPU 0           0.867        0.467        1395         345.070           100               
GPU 0           0.865        0.454        1335         344.087           100               
GPU 0           0.862        0.409        1290         344.696           100               
GPU 0           0.865        0.412        1290         344.793           100               
GPU 0           0.859        0.400        1290         345.246           100               
GPU 0           0.864        0.417        1350         345.235           100               
GPU 0           0.868        0.507        1395         344.027           100               
#Entity         SMACT        TENSO        SMCLK        POWER             GPUTL             
ID                                                      W                                  
GPU 0           0.863        0.412        1305         343.012           100               
GPU 0           0.863        0.409        1290         344.063           100               
GPU 0           0.859        0.401        1320         344.408           100               
GPU 0           0.863        0.406        1335         345.242           100               
GPU 0           0.868        0.494        1410         343.696           100               
GPU 0           0.864        0.431        1305         343.129           100               
GPU 0           0.861        0.411        1290         344.290           100               
GPU 0           0.862        0.408        1305         344.068           100               
GPU 0           0.860        0.400        1275         345.413           100               
GPU 0           0.865        0.445        1380         344.515           100               
GPU 0           0.868        0.480        1365         343.426           100               
GPU 0           0.863        0.409        1305         343.850           100               
GPU 0           0.862        0.409        1290         345.106           100               
GPU 0           0.858        0.401        1290         345.450           100               
#Entity         SMACT        TENSO        SMCLK        POWER             GPUTL             
ID                                                      W                                  
GPU 0           0.864        0.408        1350         345.186           100               
GPU 0           0.869        0.515        1425         343.370           100               
GPU 0           0.863        0.410        1305         343.226           100               
GPU 0           0.863        0.412        1305         344.233           100               
GPU 0           0.861        0.401        1305         344.705           100               
GPU 0           0.861        0.405        1335         345.709           100               
GPU 0           0.867        0.470        1395         344.649           100               
GPU 0           0.865        0.454        1335         344.376           100               
GPU 0           0.864        0.410        1290         344.637           100               
GPU 0           0.863        0.411        1290         344.868           100               
GPU 0           0.858        0.401        1260         346.352           100               
GPU 0           0.864        0.427        1380         344.994           100               
GPU 0           0.866        0.495        1395         344.005           100               
GPU 0           0.863        0.409        1305         344.089           100               
#Entity         SMACT        TENSO        SMCLK        POWER             GPUTL             
ID                                                      W                                  
GPU 0           0.862        0.409        1305         344.323           100               
GPU 0           0.859        0.400        1305         344.702           100               
GPU 0           0.863        0.408        1335         345.329           100               
GPU 0           0.869        0.499        1425         343.549           100               
GPU 0           0.864        0.427        1305         343.285           100               
GPU 0           0.862        0.409        1305         344.630           100               
GPU 0           0.863        0.410        1275         344.500           100               
GPU 0           0.858        0.401        1305         345.117           100               
GPU 0           0.863        0.453        1380         344.646           100               
GPU 0           0.867        0.470        1365         343.157           100               
GPU 0           0.862        0.410        1305         344.024           100               
GPU 0           0.865        0.411        1305         344.295           100               
GPU 0           0.859        0.400        1275         344.874           100               
GPU 0           0.862        0.408        1335         345.281           100               
#Entity         SMACT        TENSO        SMCLK        POWER             GPUTL             
ID                                                      W                                  
GPU 0           0.869        0.514        1410         344.559           100               
GPU 0           0.863        0.413        1305         343.275           100               
GPU 0           0.862        0.409        1305         343.871           100               
GPU 0           0.863        0.406        1335         344.991           100               
GPU 0           0.867        0.483        1410         343.723           100               
GPU 0           0.866        0.443        1305         343.002           100               
GPU 0           0.862        0.409        1305         344.290           100               
GPU 0           0.863        0.411        1290         344.604           100               
GPU 0           0.858        0.399        1260         345.527           100               
GPU 0           0.865        0.437        1380         344.216           100               
GPU 0           0.867        0.486        1380         342.759           100               
GPU 0           0.863        0.411        1305         343.678           100               
GPU 0           0.863        0.409        1290         344.092           100               
GPU 0           0.860        0.401        1305         345.014           100               
#Entity         SMACT        TENSO        SMCLK        POWER             GPUTL             
ID                                                      W                                  
GPU 0           0.863        0.407        1335         345.467           100               
GPU 0           0.869        0.515        1425         343.070           100               
GPU 0           0.861        0.410        1305         343.284           100               
GPU 0           0.864        0.410        1305         344.003           100               
GPU 0           0.861        0.407        1305         344.118           100               
GPU 0           0.863        0.404        1320         344.713           100               
GPU 0           0.868        0.465        1395         344.675           100               
GPU 0           0.867        0.459        1350         342.966           100               
GPU 0           0.862        0.408        1305         344.232           100               
GPU 0           0.866        0.411        1290         344.656           100               
GPU 0           0.859        0.402        1275         344.967           100               
GPU 0           0.863        0.417        1350         345.202           100               
GPU 0           0.868        0.506        1395         343.128           100               
GPU 0           0.865        0.412        1305         343.020           100               
