#Entity         SMACT        TENSO        SMCLK        POWER             GPUTL             
ID                                                      W                                  
GPU 0           N/A          N/A          1140         347.484           95                
GPU 0           0.957        0.662        1155         348.728           95                
GPU 0           0.957        0.666        1200         348.276           100               
GPU 0           0.966        0.714        1185         346.765           100               
GPU 0           0.959        0.605        1275         348.082           100               
GPU 0           0.961        0.646        1200         347.475           100               
GPU 0           0.959        0.613        1245         346.854           100               
GPU 0           0.963        0.638        1215         345.747           100               
GPU 0           0.958        0.617        1290         345.033           100               
GPU 0           0.935        0.510        1185         349.046           100               
GPU 0           0.956        0.662        1155         347.331           100               
GPU 0           0.958        0.698        1140         346.478           100               
GPU 0           0.963        0.651        1200         346.033           100               
GPU 0           0.960        0.647        1200         345.634           100               
GPU 0           0.960        0.612        1245         347.367           100               
#Entity         SMACT        TENSO        SMCLK        POWER             GPUTL             
ID                                                      W                                  
GPU 0           0.961        0.647        1200         345.799           100               
GPU 0           0.961        0.605        1275         346.427           100               
GPU 0           0.960        0.650        1305         344.702           100               
GPU 0           0.932        0.493        1185         346.745           100               
GPU 0           0.956        0.665        1185         347.212           100               
GPU 0           0.960        0.707        1155         345.492           100               
GPU 0           0.962        0.644        1215         345.405           100               
GPU 0           0.961        0.623        1140         346.116           100               
GPU 0           0.959        0.633        1245         346.506           100               
GPU 0           0.962        0.630        1155         346.755           100               
GPU 0           0.959        0.629        1245         345.578           100               
GPU 0           0.961        0.622        1245         345.500           100               
GPU 0           0.936        0.518        1185         348.079           100               
GPU 0           0.956        0.667        1110         347.613           100               
#Entity         SMACT        TENSO        SMCLK        POWER             GPUTL             
ID                                                      W                                  
GPU 0           0.960        0.713        1170         345.077           100               
GPU 0           0.964        0.635        1080         346.103           100               
GPU 0           0.958        0.614        1140         346.868           100               
GPU 0           0.962        0.632        1110         345.931           100               
GPU 0           0.957        0.633        1215         345.821           100               
GPU 0           0.963        0.636        1170         344.668           100               
GPU 0           0.958        0.622        1215         345.044           100               
GPU 0           0.931        0.510        1200         345.400           100               
GPU 0           0.955        0.668        1065         346.914           100               
GPU 0           0.964        0.701        1185         344.680           100               
GPU 0           0.961        0.631        1275         347.087           100               
GPU 0           0.962        0.651        1200         345.693           100               
GPU 0           0.960        0.602        1230         346.569           100               
GPU 0           0.962        0.647        1170         346.588           100               
#Entity         SMACT        TENSO        SMCLK        POWER             GPUTL             
ID                                                      W                                  
GPU 0           0.960        0.631        1230         348.423           100               
GPU 0           0.929        0.507        1200         346.910           100               
GPU 0           0.956        0.668        1185         347.870           100               
GPU 0           0.963        0.703        1095         347.293           100               
GPU 0           0.959        0.634        1155         344.891           100               
GPU 0           0.960        0.619        1245         345.183           100               
GPU 0           0.959        0.637        1200         345.786           100               
GPU 0           0.961        0.613        1215         344.627           100               
GPU 0           0.961        0.647        1215         345.465           100               
GPU 0           0.959        0.604        1140         345.381           100               
GPU 0           0.932        0.538        1200         345.535           100               
GPU 0           0.956        0.670        1170         345.221           100               
GPU 0           0.964        0.706        1095         346.386           100               
GPU 0           0.963        0.637        1200         345.881           100               
#Entity         SMACT        TENSO        SMCLK        POWER             GPUTL             
ID                                                      W                                  
GPU 0           0.958        0.619        1170         345.696           100               
GPU 0           0.963        0.637        1215         345.875           100               
GPU 0           0.958        0.621        1185         345.499           100               
GPU 0           0.963        0.632        1245         345.859           100               
GPU 0           0.948        0.560        1140         344.682           100               
GPU 0           0.940        0.587        1200         344.299           100               
GPU 0           0.955        0.672        1200         345.880           100               
GPU 0           0.965        0.712        1155         346.511           100               
GPU 0           0.960        0.606        1185         343.456           100               
GPU 0           0.961        0.651        1260         346.297           100               
GPU 0           0.960        0.604        1170         344.074           100               
GPU 0           0.960        0.651        1245         345.550           100               
GPU 0           0.961        0.607        1170         344.824           100               
GPU 0           0.938        0.522        1215         343.433           100               
#Entity         SMACT        TENSO        SMCLK        POWER             GPUTL             
ID                                                      W                                  
GPU 0           0.951        0.636        1155         345.191           100               
GPU 0           0.955        0.675        1200         345.638           100               
GPU 0           0.967        0.701        1170         346.760           100               
GPU 0           0.958        0.622        1200         346.325           100               
GPU 0           0.963        0.633        1245         347.189           100               
GPU 0           0.958        0.617        1185         346.287           100               
GPU 0           0.963        0.636        1245         347.283           100               
GPU 0           0.958        0.622        1170         346.808           100               
GPU 0           0.934        0.495        1230         345.183           100               
GPU 0           0.956        0.663        1170         348.065           100               
GPU 0           0.955        0.670        1200         346.998           100               
GPU 0           0.964        0.682        1170         347.703           100               
GPU 0           0.961        0.651        1275         347.645           100               
GPU 0           0.960        0.607        1185         347.144           100               
#Entity         SMACT        TENSO        SMCLK        POWER             GPUTL             
ID                                                      W                                  
GPU 0           0.962        0.647        1230         348.449           100               
GPU 0           0.959        0.611        1200         347.330           100               
GPU 0           0.962        0.641        1245         348.648           100               
GPU 0           0.931        0.493        1305         346.560           100               
GPU 0           0.955        0.663        1170         349.985           100               
GPU 0           0.955        0.680        1185         348.052           100               
GPU 0           0.965        0.683        1125         347.406           100               
GPU 0           0.963        0.639        1230         345.468           100               
GPU 0           0.958        0.621        1140         346.227           100               
GPU 0           0.963        0.636        1230         345.282           100               
GPU 0           0.958        0.620        1170         345.877           100               
GPU 0           0.964        0.635        1245         345.949           100               
GPU 0           0.932        0.494        1395         344.419           100               
GPU 0           0.955        0.663        1185         347.959           100               
#Entity         SMACT        TENSO        SMCLK        POWER             GPUTL             
ID                                                      W                                  
GPU 0           0.956        0.689        1155         347.066           100               
GPU 0           0.967        0.688        1155         346.211           100               
GPU 0           0.960        0.619        1170         344.620           100               
GPU 0           0.960        0.636        1155         346.406           100               
GPU 0           0.962        0.623        1230         345.065           100               
GPU 0           0.960        0.638        1185         346.751           100               
GPU 0           0.961        0.613        1185         344.941           100               
GPU 0           0.935        0.508        1380         343.125           100               
GPU 0           0.957        0.661        1170         347.456           100               
GPU 0           0.957        0.671        1200         345.488           100               
GPU 0           0.967        0.688        1170         346.703           100               
GPU 0           0.957        0.627        1140         346.701           100               
GPU 0           0.962        0.643        1200         346.521           100               
GPU 0           0.959        0.613        1200         346.498           100               
#Entity         SMACT        TENSO        SMCLK        POWER             GPUTL             
ID                                                      W                                  
GPU 0           0.963        0.641        1230         347.201           100               
GPU 0           0.959        0.621        1170         347.012           100               
GPU 0           0.937        0.506        1275         345.358           100               
GPU 0           0.956        0.669        1200         349.516           100               
GPU 0           0.958        0.686        1170         347.515           100               
GPU 0           0.965        0.663        1140         344.783           100               
GPU 0           0.960        0.638        1140         343.394           100               
GPU 0           0.962        0.630        1215         343.231           100               
GPU 0           0.957        0.627        1110         344.691           100               
GPU 0           0.963        0.638        1245         344.163           100               
GPU 0           0.958        0.618        1185         345.246           100               
GPU 0           0.934        0.514        1320         342.818           100               
GPU 0           0.957        0.663        1155         346.010           100               
GPU 0           0.958        0.698        1170         345.269           100               
#Entity         SMACT        TENSO        SMCLK        POWER             GPUTL             
ID                                                      W                                  
GPU 0           0.963        0.652        1155         343.085           100               
GPU 0           0.960        0.646        1170         343.553           100               
GPU 0           0.961        0.621        1170         344.028           100               
GPU 0           0.960        0.634        1140         344.498           100               
GPU 0           0.963        0.629        1230         344.357           100               
GPU 0           0.959        0.629        1140         345.743           100               
GPU 0           0.935        0.510        1350         343.414           100               
GPU 0           0.956        0.661        1185         346.492           100               
GPU 0           0.960        0.642        1125         346.136           100               
GPU 0           0.962        0.643        1230         345.914           100               
GPU 0           0.959        0.613        1155         346.453           100               
GPU 0           0.960        0.647        1215         347.550           100               
GPU 0           0.959        0.609        1170         346.563           100               
GPU 0           0.961        0.651        1260         347.961           100               
#Entity         SMACT        TENSO        SMCLK        POWER             GPUTL             
ID                                                      W                                  
GPU 0           0.931        0.494        1305         346.909           100               
GPU 0           0.956        0.665        1140         349.838           100               
GPU 0           0.960        0.712        1155         349.229           100               
GPU 0           0.960        0.641        1140         346.506           100               
GPU 0           0.962        0.623        1245         346.103           100               
GPU 0           0.958        0.634        1140         346.806           100               
GPU 0           0.962        0.630        1230         347.188           100               
GPU 0           0.958        0.628        1125         347.079           100               
GPU 0           0.963        0.641        1230         346.632           100               
GPU 0           0.929        0.503        1305         346.200           100               
GPU 0           0.955        0.666        1200         348.427           100               
GPU 0           0.961        0.710        1140         347.775           100               
GPU 0           0.963        0.647        1230         345.027           100               
GPU 0           0.959        0.607        1170         344.677           100               
#Entity         SMACT        TENSO        SMCLK        POWER             GPUTL             
ID                                                      W                                  
GPU 0           0.961        0.649        1260         346.445           100               
GPU 0           0.960        0.608        1170         344.828           100               
GPU 0           0.960        0.653        1230         346.199           100               
GPU 0           0.960        0.609        1155         345.280           100               
GPU 0           0.932        0.525        1275         346.313           100               
GPU 0           0.955        0.666        1155         347.485           100               
GPU 0           0.960        0.716        1110         346.260           100               
GPU 0           0.963        0.644        1215         343.488           100               
GPU 0           0.958        0.613        1170         344.583           100               
GPU 0           0.961        0.645        1230         345.119           100               
GPU 0           0.959        0.610        1185         343.955           100               
GPU 0           0.962        0.650        1230         345.393           100               
GPU 0           0.959        0.608        1170         344.517           100               
GPU 0           0.931        0.524        1200         345.680           100               
#Entity         SMACT        TENSO        SMCLK        POWER             GPUTL             
ID                                                      W                                  
GPU 0           0.956        0.665        1155         347.038           100               
GPU 0           0.962        0.719        1125         347.717           100               
GPU 0           0.963        0.635        1215         346.581           100               
GPU 0           0.957        0.624        1125         348.257           100               
GPU 0           0.963        0.643        1200         346.944           100               
GPU 0           0.958        0.617        1155         346.290           100               
GPU 0           0.961        0.643        1230         347.196           100               
GPU 0           0.959        0.613        1170         346.392           100               
GPU 0           0.932        0.517        1230         346.042           100               
GPU 0           0.954        0.671        1200         347.962           100               
GPU 0           0.962        0.711        1065         347.944           100               
GPU 0           0.962        0.626        1170         345.622           100               
GPU 0           0.960        0.635        1095         346.948           100               
GPU 0           0.962        0.620        1125         346.874           100               
#Entity         SMACT        TENSO        SMCLK        POWER             GPUTL             
ID                                                      W                                  
GPU 0           0.960        0.635        1020         348.392           100               
GPU 0           0.962        0.634        1200         346.399           100               
GPU 0           0.957        0.628        1125         346.847           100               
GPU 0           0.934        0.513        1245         345.387           100               
GPU 0           0.955        0.670        1155         347.452           100               
GPU 0           0.962        0.711        1020         347.069           100               
GPU 0           0.962        0.631        1185         344.874           100               
GPU 0           0.961        0.638        1155         347.277           100               
GPU 0           0.960        0.610        1125         346.553           100               
GPU 0           0.960        0.650        1170         347.699           100               
GPU 0           0.959        0.606        1050         346.308           100               
GPU 0           0.959        0.641        1110         345.918           100               
GPU 0           0.930        0.522        1215         344.766           100               
GPU 0           0.956        0.667        1155         345.525           100               
#Entity         SMACT        TENSO        SMCLK        POWER             GPUTL             
ID                                                      W                                  
GPU 0           0.962        0.711        1020         345.866           100               
GPU 0           0.961        0.633        1170         343.155           100               
GPU 0           0.961        0.638        1170         346.315           100               
GPU 0           0.960        0.608        1125         345.370           100               
GPU 0           0.961        0.650        1200         346.183           100               
GPU 0           0.960        0.602        1095         346.045           100               
GPU 0           0.961        0.655        1140         347.084           100               
GPU 0           0.929        0.501        1140         347.268           100               
GPU 0           0.955        0.672        1155         348.095           100               
GPU 0           0.963        0.694        1095         349.329           100               
GPU 0           0.959        0.642        1170         347.046           100               
GPU 0           0.961        0.646        1245         349.437           100               
GPU 0           0.959        0.613        1200         348.307           100               
GPU 0           0.962        0.638        1230         349.104           100               
#Entity         SMACT        TENSO        SMCLK        POWER             GPUTL             
ID                                                      W                                  
GPU 0           0.958        0.620        1140         349.284           100               
GPU 0           0.962        0.640        1185         348.166           100               
GPU 0           0.927        0.513        1170         347.466           100               
GPU 0           0.956        0.678        1125         347.545           100               
GPU 0           0.964        0.698        1095         346.795           100               
GPU 0           0.959        0.642        1065         344.878           100               
GPU 0           0.963        0.638        1140         346.388           100               
GPU 0           0.958        0.615        1140         345.134           100               
GPU 0           0.962        0.645        1245         344.358           100               
GPU 0           0.959        0.615        1170         345.385           100               
GPU 0           0.963        0.638        1200         343.422           100               
GPU 0           0.933        0.517        1140         344.654           100               
GPU 0           0.956        0.670        1125         345.353           100               
GPU 0           0.964        0.706        1065         345.365           100               
#Entity         SMACT        TENSO        SMCLK        POWER             GPUTL             
ID                                                      W                                  
GPU 0           0.957        0.638        1110         344.975           100               
GPU 0           0.963        0.632        1140         347.004           100               
GPU 0           0.957        0.623        1080         347.827           100               
GPU 0           0.962        0.636        1095         346.676           100               
GPU 0           0.957        0.617        1095         346.840           100               
GPU 0           0.963        0.632        1125         345.662           100               
GPU 0           0.929        0.510        1125         346.581           100               
GPU 0           0.955        0.670        1170         347.324           100               
GPU 0           0.964        0.705        1050         347.202           100               
GPU 0           0.960        0.641        1110         346.038           100               
GPU 0           0.962        0.622        1185         347.969           100               
GPU 0           0.958        0.633        1110         348.367           100               
GPU 0           0.962        0.623        1170         347.716           100               
GPU 0           0.959        0.632        1095         348.653           100               
#Entity         SMACT        TENSO        SMCLK        POWER             GPUTL             
ID                                                      W                                  
GPU 0           0.962        0.628        1155         348.108           100               
GPU 0           0.931        0.516        1110         350.069           100               
GPU 0           0.956        0.673        1095         349.706           100               
GPU 0           0.965        0.696        1080         349.029           100               
GPU 0           0.960        0.654        1170         346.750           100               
GPU 0           0.960        0.615        1170         348.022           100               
GPU 0           0.959        0.639        1170         346.511           100               
GPU 0           0.963        0.624        1230         347.964           100               
GPU 0           0.960        0.634        1125         345.134           100               
GPU 0           0.962        0.636        1200         345.817           100               
GPU 0           0.930        0.516        1170         347.977           100               
GPU 0           0.955        0.669        1200         347.128           100               
GPU 0           0.964        0.698        1125         347.075           100               
GPU 0           0.961        0.651        1080         346.990           100               
#Entity         SMACT        TENSO        SMCLK        POWER             GPUTL             
ID                                                      W                                  
GPU 0           0.959        0.609        1125         347.896           100               
GPU 0           0.959        0.640        1110         347.276           100               
GPU 0           0.962        0.622        1155         349.575           100               
GPU 0           0.959        0.633        1095         347.766           100               
GPU 0           0.962        0.627        1125         347.077           100               
GPU 0           0.929        0.517        1095         349.243           100               
GPU 0           0.955        0.672        1125         349.583           100               
GPU 0           0.963        0.696        1095         348.654           100               
GPU 0           0.960        0.655        1215         346.881           100               
GPU 0           0.960        0.606        1200         346.363           100               
GPU 0           0.959        0.647        1170         346.279           100               
GPU 0           0.960        0.616        1230         347.354           100               
GPU 0           0.959        0.640        1170         346.455           100               
GPU 0           0.962        0.622        1200         344.596           100               
#Entity         SMACT        TENSO        SMCLK        POWER             GPUTL             
ID                                                      W                                  
GPU 0           0.931        0.525        1185         349.173           100               
GPU 0           0.957        0.672        1170         347.709           100               
GPU 0           0.964        0.701        1035         346.987           100               
GPU 0           0.962        0.657        1080         347.132           100               
GPU 0           0.959        0.607        1170         346.649           100               
GPU 0           0.959        0.640        1170         345.073           100               
GPU 0           0.962        0.638        1200         345.330           100               
GPU 0           0.957        0.626        1170         345.174           100               
GPU 0           0.962        0.514        1125         345.649           100               
GPU 0           0.955        0.666        1170         344.903           100               
GPU 0           0.964        0.702        1110         345.310           100               
GPU 0           0.959        0.640        1125         343.503           100               
GPU 0           0.961        0.623        1170         344.987           100               
GPU 0           0.959        0.632        1080         344.048           100               
#Entity         SMACT        TENSO        SMCLK        POWER             GPUTL             
ID                                                      W                                  
GPU 0           0.962        0.634        1125         346.720           100               
GPU 0           0.955        0.627        1080         345.724           100               
GPU 0           0.961        0.638        1050         344.826           100               
GPU 0           0.930        0.513        1095         346.454           100               
GPU 0           0.956        0.671        1155         345.543           100               
GPU 0           0.964        0.706        1140         345.682           100               
GPU 0           0.959        0.636        1170         342.267           100               
GPU 0           0.963        0.638        1230         344.635           100               
GPU 0           0.957        0.622        1140         343.322           100               
GPU 0           0.961        0.645        1185         344.622           100               
GPU 0           0.960        0.612        1140         343.771           100               
GPU 0           0.959        0.653        1125         343.995           100               
GPU 0           0.933        0.504        1170         345.249           100               
GPU 0           0.956        0.677        1170         345.261           100               
#Entity         SMACT        TENSO        SMCLK        POWER             GPUTL             
ID                                                      W                                  
GPU 0           0.964        0.694        1095         345.483           100               
GPU 0           0.958        0.642        1200         344.048           100               
GPU 0           0.961        0.643        1140         346.486           100               
GPU 0           0.958        0.611        1200         345.639           100               
GPU 0           0.962        0.648        1125         344.865           100               
GPU 0           0.960        0.608        1170         346.183           100               
GPU 0           0.961        0.655        1200         346.438           100               
GPU 0           0.931        0.506        1185         347.442           100               
GPU 0           0.955        0.673        1140         348.007           100               
GPU 0           0.964        0.699        1140         346.088           100               
GPU 0           0.958        0.637        1095         346.254           100               
GPU 0           0.962        0.643        1170         346.483           100               
GPU 0           0.959        0.613        1230         345.715           100               
GPU 0           0.961        0.651        1230         346.329           100               
#Entity         SMACT        TENSO        SMCLK        POWER             GPUTL             
ID                                                      W                                  
GPU 0           0.960        0.607        1170         345.730           100               
GPU 0           0.961        0.656        1215         345.688           100               
GPU 0           0.930        0.500        1155         346.278           100               
GPU 0           0.954        0.675        1200         346.456           100               
GPU 0           0.964        0.693        1095         345.505           100               
GPU 0           0.958        0.642        1170         344.901           100               
GPU 0           0.963        0.641        1110         345.509           100               
GPU 0           0.959        0.615        1200         346.163           100               
GPU 0           0.961        0.651        1140         347.199           100               
GPU 0           0.960        0.607        1140         346.517           100               
GPU 0           0.960        0.655        1215         346.479           100               
GPU 0           0.930        0.502        1170         346.423           100               
GPU 0           0.955        0.673        1170         347.691           100               
GPU 0           0.966        0.700        1110         346.719           100               
#Entity         SMACT        TENSO        SMCLK        POWER             GPUTL             
ID                                                      W                                  
GPU 0           0.959        0.642        1140         345.021           100               
GPU 0           0.962        0.641        1140         346.523           100               
GPU 0           0.959        0.613        1215         345.542           100               
GPU 0           0.961        0.651        1095         346.678           100               
GPU 0           0.960        0.607        1185         346.116           100               
GPU 0           0.961        0.656        1215         346.233           100               
GPU 0           0.932        0.499        1170         346.204           100               
GPU 0           0.955        0.674        1170         347.710           100               
GPU 0           0.965        0.700        1140         346.510           100               
GPU 0           0.958        0.640        1095         345.713           100               
GPU 0           0.962        0.637        1080         347.751           100               
GPU 0           0.957        0.616        1080         347.415           100               
GPU 0           0.961        0.645        1035         348.042           100               
GPU 0           0.959        0.607        1155         347.645           100               
#Entity         SMACT        TENSO        SMCLK        POWER             GPUTL             
ID                                                      W                                  
GPU 0           0.960        0.650        1005         348.057           100               
GPU 0           0.929        0.507        1140         348.909           100               
GPU 0           0.957        0.669        1095         347.671           100               
GPU 0           0.965        0.705        1080         346.979           100               
GPU 0           0.957        0.638        1110         344.594           100               
GPU 0           0.964        0.632        1140         345.836           100               
GPU 0           0.958        0.625        1095         345.619           100               
GPU 0           0.963        0.636        1080         346.633           100               
GPU 0           0.957        0.618        1110         345.880           100               
GPU 0           0.961        0.643        1080         345.070           100               
GPU 0           0.929        0.505        1185         345.055           100               
GPU 0           0.956        0.672        1185         344.430           100               
GPU 0           0.964        0.700        1155         345.007           100               
GPU 0           0.958        0.642        1155         342.374           100               
#Entity         SMACT        TENSO        SMCLK        POWER             GPUTL             
ID                                                      W                                  
GPU 0           0.962        0.638        1155         344.096           100               
GPU 0           0.958        0.615        1155         343.944           100               
GPU 0           0.962        0.648        1215         345.311           100               
GPU 0           0.960        0.610        1140         344.102           100               
GPU 0           0.960        0.653        1215         344.089           100               
GPU 0           0.928        0.501        1125         344.216           100               
GPU 0           0.955        0.675        1185         345.145           100               
GPU 0           0.964        0.694        1125         345.930           100               
GPU 0           0.958        0.642        1200         344.858           100               
GPU 0           0.961        0.648        1200         346.951           100               
GPU 0           0.959        0.608        1215         346.606           100               
GPU 0           0.961        0.655        1245         347.536           100               
GPU 0           0.960        0.604        1200         346.994           100               
GPU 0           0.959        0.648        1200         347.016           100               
#Entity         SMACT        TENSO        SMCLK        POWER             GPUTL             
ID                                                      W                                  
GPU 0           0.932        0.509        1155         346.988           100               
GPU 0           0.956        0.669        1140         348.471           100               
GPU 0           0.964        0.701        1155         349.233           100               
GPU 0           0.960        0.637        1155         348.436           100               
GPU 0           0.960        0.656        1125         349.101           100               
GPU 0           0.959        0.607        1185         348.530           100               
GPU 0           0.959        0.644        1170         348.063           100               
GPU 0           0.962        0.622        1230         347.814           100               
GPU 0           0.959        0.633        1155         347.049           100               
GPU 0           0.931        0.518        1200         348.149           100               
GPU 0           0.955        0.662        1155         348.766           100               
GPU 0           0.964        0.703        1080         349.071           100               
GPU 0           0.959        0.638        1185         346.485           100               
GPU 0           0.960        0.646        1200         345.816           100               
#Entity         SMACT        TENSO        SMCLK        POWER             GPUTL             
ID                                                      W                                  
GPU 0           0.961        0.620        1170         346.535           100               
GPU 0           0.959        0.633        1140         345.223           100               
GPU 0           0.963        0.636        1200         347.124           100               
GPU 0           0.957        0.627        1155         345.894           100               
GPU 0           0.931        0.510        1200         346.885           100               
GPU 0           0.956        0.673        1200         348.837           100               
GPU 0           0.963        0.709        1035         348.278           100               
GPU 0           0.962        0.633        1170         346.814           100               
GPU 0           0.959        0.634        1140         345.702           100               
GPU 0           0.962        0.635        1185         348.168           100               
GPU 0           0.957        0.624        1065         347.806           100               
GPU 0           0.963        0.642        1080         348.919           100               
GPU 0           0.959        0.610        1125         347.726           100               
GPU 0           0.930        0.520        1095         348.544           100               
#Entity         SMACT        TENSO        SMCLK        POWER             GPUTL             
ID                                                      W                                  
GPU 0           0.955        0.670        1155         347.599           100               
GPU 0           0.961        0.713        1095         346.760           100               
GPU 0           0.963        0.641        1110         346.038           100               
GPU 0           0.957        0.617        1155         344.744           100               
GPU 0           0.961        0.652        1125         345.842           100               
GPU 0           0.961        0.608        1155         345.083           100               
GPU 0           0.961        0.652        1125         346.256           100               
GPU 0           0.960        0.614        1140         345.632           100               
GPU 0           0.933        0.517        1200         346.217           100               
GPU 0           0.956        0.674        1125         346.073           100               
GPU 0           0.961        0.714        1095         345.783           100               
GPU 0           0.963        0.653        1230         345.069           100               
GPU 0           0.960        0.603        1170         345.152           100               
GPU 0           0.960        0.650        1155         344.337           100               
#Entity         SMACT        TENSO        SMCLK        POWER             GPUTL             
ID                                                      W                                  
GPU 0           0.961        0.620        1155         344.989           100               
GPU 0           0.959        0.634        1155         344.414           100               
GPU 0           0.962        0.633        1200         344.599           100               
GPU 0           0.929        0.510        1155         345.335           100               
GPU 0           0.954        0.667        1170         345.580           100               
GPU 0           0.961        0.710        1125         347.103           100               
GPU 0           0.963        0.647        1185         347.626           100               
GPU 0           0.960        0.619        1200         348.851           100               
GPU 0           0.959        0.634        1155         346.400           100               
GPU 0           0.963        0.637        1185         348.338           100               
GPU 0           0.957        0.627        1155         347.731           100               
GPU 0           0.961        0.646        1200         348.607           100               
GPU 0           0.932        0.497        1275         347.803           100               
GPU 0           0.955        0.669        1155         348.053           100               
#Entity         SMACT        TENSO        SMCLK        POWER             GPUTL             
ID                                                      W                                  
GPU 0           0.961        0.638        1110         346.474           100               
GPU 0           0.964        0.631        1095         348.336           100               
GPU 0           0.958        0.622        1110         345.776           100               
GPU 0           0.961        0.650        1110         347.257           100               
GPU 0           0.959        0.612        1185         345.638           100               
GPU 0           0.959        0.644        1170         344.828           100               
GPU 0           0.933        0.506        1305         346.218           100               
GPU 0           0.955        0.663        1140         346.837           100               
GPU 0           0.958        0.699        1095         348.196           100               
GPU 0           0.964        0.656        1200         345.955           100               
GPU 0           0.960        0.644        1185         346.444           100               
GPU 0           0.960        0.620        1170         345.961           100               
GPU 0           0.959        0.633        1125         344.954           100               
GPU 0           0.962        0.642        1185         345.421           100               
#Entity         SMACT        TENSO        SMCLK        POWER             GPUTL             
ID                                                      W                                  
GPU 0           0.958        0.620        1185         345.824           100               
GPU 0           0.929        0.511        1260         345.931           100               
GPU 0           0.956        0.664        1155         346.998           100               
GPU 0           0.959        0.678        1140         347.730           100               
GPU 0           0.966        0.678        1185         346.445           100               
GPU 0           0.959        0.627        1155         346.255           100               
GPU 0           0.963        0.643        1185         346.194           100               
GPU 0           0.957        0.622        1155         345.567           100               
GPU 0           0.962        0.650        1125         346.555           100               
GPU 0           0.959        0.609        1200         345.692           100               
GPU 0           0.930        0.509        1305         344.942           100               
GPU 0           0.956        0.664        1125         348.665           100               
GPU 0           0.957        0.666        1155         347.910           100               
GPU 0           0.965        0.711        1125         345.305           100               
#Entity         SMACT        TENSO        SMCLK        POWER             GPUTL             
ID                                                      W                                  
GPU 0           0.960        0.609        1170         345.519           100               
GPU 0           0.960        0.654        1125         347.570           100               
GPU 0           0.960        0.605        1200         346.504           100               
GPU 0           0.960        0.648        1140         346.206           100               
GPU 0           0.960        0.621        1185         346.951           100               
GPU 0           0.931        0.503        1230         346.451           100               
GPU 0           0.956        0.670        1170         348.977           100               
GPU 0           0.955        0.687        1050         348.548           100               
GPU 0           0.966        0.681        1110         345.074           100               
GPU 0           0.962        0.625        1215         346.563           100               
GPU 0           0.957        0.626        1155         346.100           100               
GPU 0           0.963        0.641        1185         346.074           100               
GPU 0           0.957        0.624        1125         345.980           100               
GPU 0           0.962        0.643        1200         346.400           100               
#Entity         SMACT        TENSO        SMCLK        POWER             GPUTL             
ID                                                      W                                  
GPU 0           0.935        0.489        1245         345.064           100               
GPU 0           0.956        0.673        1140         347.926           100               
GPU 0           0.956        0.675        1140         348.032           100               
GPU 0           0.964        0.690        1155         344.464           100               
GPU 0           0.962        0.649        1215         345.461           100               
GPU 0           0.961        0.609        1185         344.987           100               
GPU 0           0.960        0.652        1215         345.571           100               
GPU 0           0.960        0.611        1200         345.188           100               
GPU 0           0.959        0.640        1155         343.567           100               
GPU 0           0.933        0.491        1350         342.517           100               
GPU 0           0.955        0.668        1155         345.395           100               
GPU 0           0.956        0.666        1170         346.085           100               
GPU 0           0.965        0.698        1095         344.852           100               
GPU 0           0.959        0.637        1110         345.658           100               
#Entity         SMACT        TENSO        SMCLK        POWER             GPUTL             
ID                                                      W                                  
GPU 0           0.961        0.621        1110         347.621           100               
GPU 0           0.958        0.635        1125         345.333           100               
GPU 0           0.961        0.646        1155         344.172           100               
GPU 0           0.959        0.609        1200         344.580           100               
GPU 0           0.938        0.522        1350         343.666           100               
GPU 0           0.952        0.643        1155         347.528           100               
GPU 0           0.955        0.672        1200         347.525           100               
GPU 0           0.965        0.712        1095         347.061           100               
GPU 0           0.959        0.614        1185         345.977           100               
GPU 0           0.961        0.655        1170         346.737           100               
GPU 0           0.960        0.604        1140         345.361           100               
GPU 0           0.960        0.649        1125         346.354           100               
GPU 0           0.961        0.619        1170         347.886           100               
GPU 0           0.946        0.562        1110         344.988           100               
#Entity         SMACT        TENSO        SMCLK        POWER             GPUTL             
ID                                                      W                                  
GPU 0           0.944        0.606        1185         348.950           100               
GPU 0           0.957        0.668        1155         347.924           100               
GPU 0           0.966        0.719        1095         345.951           100               
GPU 0           0.960        0.613        1200         344.183           100               
GPU 0           0.959        0.636        1155         344.307           100               
GPU 0           0.963        0.633        1215         344.800           100               
GPU 0           0.956        0.631        1125         343.704           100               
GPU 0           0.962        0.640        1125         343.256           100               
GPU 0           0.955        0.593        1110         340.960           100               
GPU 0           0.934        0.559        1155         345.108           100               
GPU 0           0.956        0.668        1140         345.105           100               
GPU 0           0.964        0.708        1050         344.899           100               
GPU 0           0.962        0.646        1065         345.152           100               
GPU 0           0.960        0.610        1140         346.074           100               
#Entity         SMACT        TENSO        SMCLK        POWER             GPUTL             
ID                                                      W                                  
GPU 0           0.961        0.654        1200         347.509           100               
GPU 0           0.960        0.609        1140         345.303           100               
GPU 0           0.959        0.642        1140         345.837           100               
GPU 0           0.963        0.630        1185         345.192           100               
GPU 0           0.930        0.521        1155         347.600           100               
GPU 0           0.955        0.670        1185         348.492           100               
GPU 0           0.965        0.706        1035         348.065           100               
GPU 0           0.960        0.642        1125         347.389           100               
GPU 0           0.961        0.622        1140         348.147           100               
GPU 0           0.958        0.630        1065         346.883           100               
GPU 0           0.962        0.642        1095         346.778           100               
GPU 0           0.957        0.619        1095         347.692           100               
GPU 0           0.961        0.647        1110         346.806           100               
GPU 0           0.933        0.506        1140         346.978           100               
#Entity         SMACT        TENSO        SMCLK        POWER             GPUTL             
ID                                                      W                                  
GPU 0           0.955        0.675        1155         347.202           100               
GPU 0           0.964        0.693        1110         347.356           100               
GPU 0           0.959        0.643        1170         345.942           100               
GPU 0           0.963        0.644        1155         347.727           100               
GPU 0           0.960        0.615        1125         347.426           100               
GPU 0           0.962        0.651        1110         348.943           100               
GPU 0           0.961        0.611        1125         347.808           100               
GPU 0           0.961        0.648        1140         347.552           100               
GPU 0           0.931        0.511        1170         349.240           100               
GPU 0           0.955        0.675        1095         348.973           100               
GPU 0           0.964        0.723        1005         347.903           100               
GPU 0           0.964        0.638        1125         347.347           100               
GPU 0           0.957        0.621        1110         347.492           100               
GPU 0           0.963        0.636        1095         347.696           100               
#Entity         SMACT        TENSO        SMCLK        POWER             GPUTL             
ID                                                      W                                  
GPU 0           0.958        0.626        1155         347.249           100               
GPU 0           0.963        0.636        1080         348.101           100               
GPU 0           0.958        0.616        1095         348.414           100               
GPU 0           0.932        0.521        1125         347.569           100               
GPU 0           0.955        0.673        1125         347.863           100               
GPU 0           0.960        0.721        1080         347.005           100               
GPU 0           0.963        0.651        1125         347.502           100               
GPU 0           0.961        0.604        1095         348.190           100               
GPU 0           0.961        0.650        1140         348.593           100               
GPU 0           0.959        0.607        1065         347.896           100               
GPU 0           0.960        0.644        1140         347.632           100               
GPU 0           0.960        0.610        960          347.733           100               
GPU 0           0.930        0.524        1125         347.028           100               
GPU 0           0.956        0.674        1050         348.925           100               
#Entity         SMACT        TENSO        SMCLK        POWER             GPUTL             
ID                                                      W                                  
GPU 0           0.960        0.716        1110         347.723           100               
GPU 0           0.962        0.644        1140         348.290           100               
GPU 0           0.960        0.618        1065         348.341           100               
GPU 0           0.959        0.633        1170         347.169           100               
GPU 0           0.962        0.627        1095         347.195           100               
GPU 0           0.957        0.631        1200         345.246           100               
GPU 0           0.962        0.640        1125         345.791           100               
GPU 0           0.928        0.502        1170         344.883           100               
GPU 0           0.957        0.671        1140         346.813           100               
GPU 0           0.961        0.717        1020         347.858           100               
GPU 0           0.962        0.641        1140         346.578           100               
GPU 0           0.963        0.640        1080         348.012           100               
GPU 0           0.960        0.612        1125         348.464           100               
GPU 0           0.962        0.653        1065         350.158           100               
#Entity         SMACT        TENSO        SMCLK        POWER             GPUTL             
ID                                                      W                                  
GPU 0           0.960        0.611        1035         347.677           100               
GPU 0           0.960        0.642        1125         348.441           100               
GPU 0           0.932        0.503        1125         349.650           100               
GPU 0           0.956        0.662        1110         350.953           100               
GPU 0           0.960        0.706        990          351.472           100               
GPU 0           0.964        0.644        1035         348.325           100               
GPU 0           0.962        0.622        1065         349.279           100               
GPU 0           0.959        0.632        1125         348.355           100               
GPU 0           0.963        0.638        1095         347.699           100               
GPU 0           0.957        0.625        1110         349.200           100               
GPU 0           0.935        0.511        1110         349.200           100               
GPU 0           0.955        0.667        1095         349.141           100               
GPU 0           0.960        0.681        1035         348.425           100               
GPU 0           0.965        0.674        1035         345.353           100               
#Entity         SMACT        TENSO        SMCLK        POWER             GPUTL             
ID                                                      W                                  
GPU 0           0.957        0.632        1125         346.425           100               
GPU 0           0.961        0.643        1095         345.224           100               
GPU 0           0.959        0.609        1155         345.742           100               
GPU 0           0.962        0.652        1080         346.050           100               
GPU 0           0.959        0.610        1020         345.792           100               
GPU 0           0.934        0.507        1140         345.881           100               
GPU 0           0.957        0.669        1095         347.118           100               
GPU 0           0.957        0.668        1020         347.143           100               
GPU 0           0.967        0.708        1065         345.666           100               
GPU 0           0.959        0.611        1035         345.636           100               
GPU 0           0.960        0.644        1140         346.551           100               
GPU 0           0.962        0.622        1005         348.109           100               
GPU 0           0.958        0.629        1125         347.518           100               
GPU 0           0.963        0.643        1080         346.763           100               
#Entity         SMACT        TENSO        SMCLK        POWER             GPUTL             
ID                                                      W                                  
GPU 0           0.930        0.496        1140         347.605           100               
GPU 0           0.958        0.661        1080         349.810           100               
GPU 0           0.955        0.688        1020         350.792           100               
GPU 0           0.967        0.678        1125         348.085           100               
GPU 0           0.962        0.640        1080         348.843           100               
GPU 0           0.957        0.621        1140         349.137           100               
GPU 0           0.962        0.647        1065         347.796           100               
GPU 0           0.960        0.611        1065         346.927           100               
GPU 0           0.960        0.648        1125         348.609           100               
GPU 0           0.931        0.488        1170         347.480           100               
GPU 0           0.957        0.663        1095         350.080           100               
GPU 0           0.956        0.674        1050         349.784           100               
GPU 0           0.966        0.687        1125         347.555           100               
GPU 0           0.962        0.650        1065         347.472           100               
#Entity         SMACT        TENSO        SMCLK        POWER             GPUTL             
ID                                                      W                                  
GPU 0           0.960        0.610        1050         347.370           100               
GPU 0           0.960        0.647        1140         348.391           100               
GPU 0           0.961        0.619        1035         348.970           100               
GPU 0           0.959        0.631        1125         348.328           100               
GPU 0           0.936        0.496        1200         346.639           100               
GPU 0           0.956        0.668        1095         349.237           100               
GPU 0           0.957        0.667        1035         348.002           100               
GPU 0           0.967        0.697        1035         345.897           100               
GPU 0           0.959        0.632        1140         346.184           100               
GPU 0           0.963        0.636        1050         347.150           100               
GPU 0           0.957        0.627        1140         347.643           100               
GPU 0           0.962        0.643        1080         346.652           100               
GPU 0           0.959        0.608        1095         347.912           100               
GPU 0           0.940        0.532        1230         347.146           100               
#Entity         SMACT        TENSO        SMCLK        POWER             GPUTL             
ID                                                      W                                  
GPU 0           0.951        0.635        1065         350.781           100               
GPU 0           0.956        0.672        1035         350.509           100               
GPU 0           0.967        0.720        1065         347.580           100               
GPU 0           0.960        0.609        1110         348.780           100               
GPU 0           0.961        0.654        1110         348.658           100               
GPU 0           0.961        0.609        1035         347.139           100               
GPU 0           0.960        0.642        1140         347.573           100               
GPU 0           0.962        0.626        1005         348.083           100               
GPU 0           0.949        0.572        1170         345.521           100               
GPU 0           0.944        0.596        1095         349.333           100               
GPU 0           0.955        0.670        1080         348.917           100               
GPU 0           0.966        0.712        1110         346.842           100               
GPU 0           0.961        0.619        1065         346.563           100               
GPU 0           0.960        0.633        1140         346.998           100               
#Entity         SMACT        TENSO        SMCLK        POWER             GPUTL             
ID                                                      W                                  
GPU 0           0.964        0.637        1080         346.861           100               
GPU 0           0.957        0.627        1140         347.220           100               
GPU 0           0.963        0.641        1080         347.262           100               
GPU 0           0.954        0.586        1260         344.710           100               
GPU 0           0.938        0.565        1065         348.820           100               
GPU 0           0.957        0.668        1080         348.867           100               
GPU 0           0.964        0.706        1110         346.952           100               
GPU 0           0.961        0.648        1065         346.671           100               
GPU 0           0.959        0.612        1050         346.823           100               
GPU 0           0.960        0.644        1140         348.406           100               
GPU 0           0.961        0.620        1050         347.363           100               
GPU 0           0.959        0.633        1125         347.203           100               
GPU 0           0.963        0.632        1245         346.413           100               
GPU 0           0.930        0.517        1080         349.515           100               
#Entity         SMACT        TENSO        SMCLK        POWER             GPUTL             
ID                                                      W                                  
GPU 0           0.956        0.672        1110         350.254           100               
GPU 0           0.966        0.709        1005         346.971           100               
GPU 0           0.959        0.645        1185         346.482           100               
GPU 0           0.962        0.644        1125         344.980           100               
GPU 0           0.959        0.614        1155         344.837           100               
GPU 0           0.960        0.647        1215         344.953           100               
GPU 0           0.962        0.616        1095         344.653           100               
GPU 0           0.959        0.639        1170         342.891           100               
GPU 0           0.930        0.521        1170         345.902           100               
GPU 0           0.956        0.667        1170         345.097           100               
GPU 0           0.963        0.711        1095         343.858           100               
GPU 0           0.962        0.633        1080         345.890           100               
GPU 0           0.957        0.629        1110         346.491           100               
GPU 0           0.961        0.641        1080         347.408           100               
#Entity         SMACT        TENSO        SMCLK        POWER             GPUTL             
ID                                                      W                                  
GPU 0           0.958        0.617        1185         348.046           100               
GPU 0           0.961        0.656        1155         346.806           100               
GPU 0           0.959        0.607        1080         344.907           100               
GPU 0           0.933        0.523        1200         347.392           100               
GPU 0           0.955        0.673        1170         347.191           100               
GPU 0           0.961        0.713        1125         346.529           100               
GPU 0           0.962        0.644        1080         346.413           100               
GPU 0           0.960        0.605        1095         347.121           100               
GPU 0           0.961        0.652        1155         347.684           100               
GPU 0           0.961        0.617        1095         345.255           100               
GPU 0           0.958        0.641        1200         344.591           100               
GPU 0           0.960        0.640        1125         343.753           100               
GPU 0           0.932        0.498        1185         344.790           100               
GPU 0           0.956        0.673        1155         345.407           100               
#Entity         SMACT        TENSO        SMCLK        POWER             GPUTL             
ID                                                      W                                  
GPU 0           0.962        0.712        1065         345.879           100               
GPU 0           0.961        0.638        1170         346.371           100               
GPU 0           0.962        0.636        1110         346.198           100               
GPU 0           0.957        0.619        1140         346.051           100               
GPU 0           0.963        0.643        1065         345.891           100               
GPU 0           0.960        0.615        1020         346.352           100               
GPU 0           0.959        0.642        1110         346.002           100               
GPU 0           0.931        0.503        1095         347.606           100               
GPU 0           0.957        0.673        1080         347.458           100               
GPU 0           0.960        0.686        1035         346.697           100               
GPU 0           0.964        0.668        1080         344.814           100               
GPU 0           0.959        0.632        1140         344.949           100               
GPU 0           0.963        0.628        1065         345.099           100               
GPU 0           0.960        0.629        1110         344.983           100               
#Entity         SMACT        TENSO        SMCLK        POWER             GPUTL             
ID                                                      W                                  
GPU 0           0.963        0.643        1065         344.559           100               
GPU 0           0.958        0.617        1080         345.850           100               
GPU 0           0.931        0.509        1110         347.894           100               
GPU 0           0.957        0.671        1065         348.060           100               
GPU 0           0.957        0.667        1005         350.051           100               
GPU 0           0.966        0.710        1065         348.537           100               
GPU 0           0.960        0.610        1110         349.352           100               
GPU 0           0.960        0.653        1125         349.956           100               
GPU 0           0.961        0.603        1125         350.111           100               
GPU 0           0.961        0.654        1095         348.846           100               
GPU 0           0.933        0.510        1155         348.341           100               
GPU 0           0.955        0.670        1155         349.609           100               
GPU 0           0.955        0.691        1065         349.941           100               
GPU 0           0.966        0.675        1185         346.298           100               
#Entity         SMACT        TENSO        SMCLK        POWER             GPUTL             
ID                                                      W                                  
GPU 0           0.963        0.637        1065         348.716           100               
GPU 0           0.958        0.622        1125         349.673           100               
GPU 0           0.963        0.644        1155         347.547           100               
GPU 0           0.960        0.613        1215         346.781           100               
GPU 0           0.961        0.653        1140         346.089           100               
GPU 0           0.932        0.488        1155         346.236           100               
GPU 0           0.955        0.667        1140         348.012           100               
GPU 0           0.955        0.676        1125         348.959           100               
GPU 0           0.966        0.686        1155         347.457           100               
GPU 0           0.960        0.652        1200         349.687           100               
GPU 0           0.960        0.613        1110         348.559           100               
GPU 0           0.959        0.639        1200         346.964           100               
GPU 0           0.962        0.631        1125         348.376           100               
GPU 0           0.957        0.629        1200         348.285           100               
#Entity         SMACT        TENSO        SMCLK        POWER             GPUTL             
ID                                                      W                                  
GPU 0           0.930        0.496        1230         345.946           100               
GPU 0           0.955        0.665        1170         349.355           100               
GPU 0           0.955        0.672        1035         349.018           100               
GPU 0           0.967        0.716        1125         344.933           100               
GPU 0           0.959        0.613        1125         346.895           100               
GPU 0           0.961        0.655        1110         347.153           100               
GPU 0           0.958        0.602        1050         347.249           100               
GPU 0           0.959        0.645        1170         347.166           100               
GPU 0           0.962        0.630        1140         346.170           100               
GPU 0           0.945        0.569        1290         344.932           100               
GPU 0           0.941        0.589        1140         348.236           100               
GPU 0           0.955        0.675        1185         347.752           100               
GPU 0           0.964        0.705        1155         347.466           100               
GPU 0           0.962        0.627        1125         348.993           100               
#Entity         SMACT        TENSO        SMCLK        POWER             GPUTL             
ID                                                      W                                  
GPU 0           0.957        0.629        1200         348.366           100               
GPU 0           0.962        0.642        1155         348.154           100               
GPU 0           0.958        0.617        1200         348.218           100               
GPU 0           0.961        0.653        1155         348.161           100               
GPU 0           0.959        0.609        1320         346.402           100               
GPU 0           0.929        0.534        1185         351.268           100               
GPU 0           0.956        0.671        1155         349.446           100               
GPU 0           0.965        0.701        1095         347.529           100               
GPU 0           0.960        0.649        1140         347.788           100               
GPU 0           0.960        0.616        1020         347.035           100               
GPU 0           0.959        0.634        1125         347.563           100               
GPU 0           0.962        0.628        1065         347.010           100               
GPU 0           0.957        0.630        1125         346.570           100               
GPU 0           0.962        0.646        1155         344.249           100               
#Entity         SMACT        TENSO        SMCLK        POWER             GPUTL             
ID                                                      W                                  
GPU 0           0.931        0.511        1140         348.437           100               
GPU 0           0.955        0.678        1170         345.879           100               
GPU 0           0.965        0.694        1110         344.939           100               
GPU 0           0.959        0.641        1215         347.202           100               
GPU 0           0.963        0.648        1125         346.187           100               
GPU 0           0.960        0.611        1155         346.271           100               
GPU 0           0.959        0.650        1200         346.865           100               
GPU 0           0.960        0.618        1110         345.711           100               
GPU 0           0.959        0.633        1170         343.255           100               
GPU 0           0.930        0.519        1155         347.385           100               
GPU 0           0.956        0.673        1125         346.435           100               
GPU 0           0.963        0.721        1080         345.638           100               
GPU 0           0.963        0.643        1095         345.897           100               
GPU 0           0.959        0.616        1170         346.555           100               
#Entity         SMACT        TENSO        SMCLK        POWER             GPUTL             
ID                                                      W                                  
GPU 0           0.962        0.651        1140         344.054           100               
GPU 0           0.960        0.613        1140         343.716           100               
GPU 0           0.960        0.643        1200         344.047           100               
GPU 0           0.962        0.624        1095         343.641           100               
GPU 0           0.928        0.516        1140         345.397           100               
GPU 0           0.956        0.668        1155         345.695           100               
GPU 0           0.961        0.714        1140         347.861           100               
GPU 0           0.961        0.645        1185         348.506           100               
GPU 0           0.962        0.629        1140         347.975           100               
GPU 0           0.957        0.631        1200         348.215           100               
GPU 0           0.962        0.645        1140         347.223           100               
GPU 0           0.960        0.612        1155         348.014           100               
GPU 0           0.960        0.653        1140         348.582           100               
GPU 0           0.933        0.495        1155         348.485           100               
#Entity         SMACT        TENSO        SMCLK        POWER             GPUTL             
ID                                                      W                                  
GPU 0           0.956        0.670        1170         350.696           100               
GPU 0           0.961        0.705        1050         350.368           100               
GPU 0           0.964        0.650        1065         347.983           100               
GPU 0           0.960        0.644        1140         348.086           100               
GPU 0           0.961        0.620        1065         348.935           100               
GPU 0           0.959        0.631        1125         348.305           100               
GPU 0           0.963        0.644        1095         348.559           100               
GPU 0           0.958        0.618        1110         349.488           100               
GPU 0           0.934        0.511        1095         349.591           100               
GPU 0           0.956        0.667        1080         350.339           100               
GPU 0           0.959        0.679        1020         349.322           100               
GPU 0           0.966        0.686        1065         347.845           100               
GPU 0           0.958        0.625        1140         349.331           100               
GPU 0           0.963        0.647        1080         348.962           100               
#Entity         SMACT        TENSO        SMCLK        POWER             GPUTL             
ID                                                      W                                  
GPU 0           0.960        0.608        1095         349.128           100               
GPU 0           0.961        0.653        1080         350.452           100               
GPU 0           0.960        0.616        1005         349.595           100               
GPU 0           0.930        0.498        1125         349.362           100               
GPU 0           0.954        0.665        1080         350.045           100               
GPU 0           0.956        0.686        975          349.265           100               
GPU 0           0.967        0.689        1125         346.961           100               
GPU 0           0.961        0.620        1020         348.258           100               
GPU 0           0.958        0.634        1140         347.318           100               
GPU 0           0.963        0.641        1080         347.151           100               
GPU 0           0.957        0.617        1140         348.170           100               
GPU 0           0.962        0.649        1050         346.822           100               
GPU 0           0.935        0.491        1185         345.325           100               
GPU 0           0.955        0.668        1140         346.958           100               
#Entity         SMACT        TENSO        SMCLK        POWER             GPUTL             
ID                                                      W                                  
GPU 0           0.955        0.675        1155         348.577           100               
GPU 0           0.965        0.684        1170         347.214           100               
GPU 0           0.960        0.653        1170         347.633           100               
GPU 0           0.960        0.613        1125         347.269           100               
GPU 0           0.960        0.640        1185         348.022           100               
GPU 0           0.962        0.637        1170         347.798           100               
GPU 0           0.957        0.625        1200         347.795           100               
GPU 0           0.936        0.499        1230         345.057           100               
GPU 0           0.954        0.659        1170         349.601           100               
GPU 0           0.955        0.677        1080         350.126           100               
GPU 0           0.966        0.716        1110         345.029           100               
GPU 0           0.960        0.611        1125         346.596           100               
GPU 0           0.961        0.655        1110         347.233           100               
GPU 0           0.960        0.607        1050         346.789           100               
#Entity         SMACT        TENSO        SMCLK        POWER             GPUTL             
ID                                                      W                                  
GPU 0           0.960        0.642        1125         347.629           100               
GPU 0           0.962        0.625        1035         348.205           100               
GPU 0           0.948        0.572        1155         345.464           100               
GPU 0           0.944        0.599        1080         349.325           100               
GPU 0           0.956        0.673        1110         349.334           100               
GPU 0           0.965        0.706        1110         349.197           100               
GPU 0           0.962        0.626        1080         350.237           100               
GPU 0           0.957        0.628        1125         350.007           100               
GPU 0           0.963        0.645        1080         348.742           100               
GPU 0           0.958        0.614        1155         349.963           100               
GPU 0           0.962        0.651        1065         348.995           100               
GPU 0           0.958        0.603        1245         346.921           100               
GPU 0           0.930        0.545        1080         351.725           100               
GPU 0           0.957        0.673        1065         350.813           100               
#Entity         SMACT        TENSO        SMCLK        POWER             GPUTL             
ID                                                      W                                  
GPU 0           0.966        0.706        1005         347.432           100               
GPU 0           0.960        0.640        1140         345.034           100               
GPU 0           0.962        0.650        1140         342.290           100               
GPU 0           0.959        0.613        1155         343.254           100               
GPU 0           0.960        0.652        1185         343.713           100               
GPU 0           0.960        0.618        1125         343.382           100               
GPU 0           0.959        0.633        1170         339.689           100               
GPU 0           0.931        0.523        1200         346.153           100               
GPU 0           0.956        0.665        1140         344.493           100               
GPU 0           0.963        0.716        1095         344.142           100               
GPU 0           0.962        0.631        1080         347.430           100               
GPU 0           0.959        0.632        1110         348.688           100               
GPU 0           0.962        0.642        1095         348.372           100               
GPU 0           0.958        0.649        1125         348.278           100               
#Entity         SMACT        TENSO        SMCLK        POWER             GPUTL             
ID                                                      W                                  
GPU 0           0.960        0.610        990          346.840           100               
GPU 0           0.934        0.529        1110         349.627           100               
GPU 0           0.957        0.669        1095         348.286           100               
GPU 0           0.962        0.715        1050         347.321           100               
GPU 0           0.962        0.653        1110         345.235           100               
GPU 0           0.959        0.607        1065         344.354           100               
GPU 0           0.960        0.641        1125         344.361           100               
GPU 0           0.963        0.632        1080         345.283           100               
GPU 0           0.957        0.627        1125         344.784           100               
GPU 0           0.962        0.642        1065         345.003           100               
GPU 0           0.930        0.505        1110         345.843           100               
GPU 0           0.955        0.669        1155         343.648           100               
GPU 0           0.960        0.707        1005         346.084           100               
GPU 0           0.960        0.638        1185         344.332           100               
#Entity         SMACT        TENSO        SMCLK        POWER             GPUTL             
ID                                                      W                                  
GPU 0           0.961        0.648        1155         344.220           100               
GPU 0           0.959        0.610        1155         344.095           100               
GPU 0           0.959        0.648        1185         345.010           100               
GPU 0           0.960        0.619        1110         343.586           100               
GPU 0           0.960        0.633        1170         343.990           100               
GPU 0           0.932        0.510        1185         344.148           100               
GPU 0           0.956        0.673        1125         343.291           100               
GPU 0           0.959        0.685        1080         345.949           100               
GPU 0           0.963        0.673        1155         341.442           100               
GPU 0           0.957        0.635        1200         341.816           100               
GPU 0           0.961        0.642        1170         341.643           100               
GPU 0           0.959        0.608        1185         343.548           100               
GPU 0           0.960        0.657        1170         342.837           100               
GPU 0           0.959        0.607        1080         342.281           100               
#Entity         SMACT        TENSO        SMCLK        POWER             GPUTL             
ID                                                      W                                  
GPU 0           0.932        0.507        1215         343.310           100               
GPU 0           0.956        0.669        1125         344.568           100               
GPU 0           0.956        0.687        1050         346.249           100               
GPU 0           0.966        0.687        1170         344.664           100               
GPU 0           0.961        0.626        1080         345.943           100               
GPU 0           0.957        0.628        1080         347.358           100               
GPU 0           0.963        0.642        1140         346.437           100               
GPU 0           0.958        0.613        1095         346.824           100               
GPU 0           0.961        0.649        1065         346.991           100               
GPU 0           0.931        0.489        1110         346.850           100               
GPU 0           0.955        0.668        1200         347.506           100               
GPU 0           0.955        0.673        1065         348.004           100               
GPU 0           0.965        0.685        1140         345.277           100               
GPU 0           0.960        0.656        1215         346.035           100               
#Entity         SMACT        TENSO        SMCLK        POWER             GPUTL             
ID                                                      W                                  
GPU 0           0.959        0.607        1140         343.986           100               
GPU 0           0.959        0.641        1125         344.900           100               
GPU 0           0.960        0.642        1215         344.864           100               
GPU 0           0.957        0.618        1110         345.964           100               
GPU 0           0.934        0.502        1185         342.978           100               
GPU 0           0.954        0.658        1170         346.743           100               
GPU 0           0.955        0.675        1065         347.488           100               
GPU 0           0.965        0.714        1170         343.538           100               
GPU 0           0.959        0.611        1095         347.537           100               
GPU 0           0.962        0.648        1110         348.013           100               
GPU 0           0.960        0.609        1050         349.616           100               
GPU 0           0.961        0.651        1170         348.802           100               
GPU 0           0.962        0.626        1170         348.945           100               
GPU 0           0.947        0.568        1215         346.013           100               
#Entity         SMACT        TENSO        SMCLK        POWER             GPUTL             
ID                                                      W                                  
GPU 0           0.941        0.596        1140         349.239           100               
GPU 0           0.956        0.676        1125         349.256           100               
GPU 0           0.965        0.707        1170         348.009           100               
GPU 0           0.962        0.627        1170         349.076           100               
GPU 0           0.958        0.627        1125         348.575           100               
GPU 0           0.962        0.642        1200         347.127           100               
GPU 0           0.958        0.621        1110         346.848           100               
GPU 0           0.961        0.655        1185         347.358           100               
GPU 0           0.959        0.612        1215         345.900           100               
GPU 0           0.929        0.526        1170         349.005           100               
GPU 0           0.955        0.673        1065         349.191           100               
GPU 0           0.965        0.702        1125         345.123           100               
GPU 0           0.959        0.648        1185         347.071           100               
GPU 0           0.960        0.612        1095         347.375           100               
#Entity         SMACT        TENSO        SMCLK        POWER             GPUTL             
ID                                                      W                                  
GPU 0           0.961        0.643        1140         348.238           100               
GPU 0           0.960        0.619        1080         346.671           100               
GPU 0           0.958        0.630        1065         346.051           100               
GPU 0           0.962        0.648        1200         345.305           100               
GPU 0           0.928        0.515        1080         348.841           100               
GPU 0           0.956        0.671        1095         347.169           100               
GPU 0           0.964        0.698        1110         343.925           100               
GPU 0           0.958        0.636        1170         344.456           100               
GPU 0           0.959        0.649        1200         343.715           100               
GPU 0           0.959        0.608        1185         344.029           100               
GPU 0           0.959        0.653        1215         344.157           100               
GPU 0           0.959        0.611        1140         343.748           100               
GPU 0           0.959        0.638        1335         342.586           100               
GPU 0           0.932        0.521        1140         346.197           100               
#Entity         SMACT        TENSO        SMCLK        POWER             GPUTL             
ID                                                      W                                  
GPU 0           0.957        0.674        1125         346.484           100               
GPU 0           0.963        0.717        1095         345.372           100               
GPU 0           0.963        0.637        1110         346.980           100               
GPU 0           0.958        0.625        1065         347.311           100               
GPU 0           0.962        0.642        1140         347.783           100               
GPU 0           0.959        0.612        1095         347.500           100               
GPU 0           0.961        0.650        1095         347.204           100               
GPU 0           0.960        0.609        1170         346.211           100               
GPU 0           0.929        0.519        1170         349.391           100               
GPU 0           0.955        0.673        1125         348.165           100               
GPU 0           0.960        0.718        1110         345.800           100               
GPU 0           0.962        0.644        1200         347.239           100               
GPU 0           0.959        0.619        1140         345.402           100               
GPU 0           0.959        0.633        1125         345.775           100               
#Entity         SMACT        TENSO        SMCLK        POWER             GPUTL             
ID                                                      W                                  
GPU 0           0.962        0.641        1215         345.570           100               
GPU 0           0.957        0.623        1110         345.266           100               
GPU 0           0.961        0.643        1155         343.143           100               
GPU 0           0.929        0.499        1140         346.517           100               
GPU 0           0.956        0.673        1125         345.493           100               
GPU 0           0.961        0.710        1095         345.231           100               
GPU 0           0.963        0.641        1110         346.495           100               
GPU 0           0.962        0.649        1095         347.405           100               
GPU 0           0.960        0.613        1080         345.138           100               
GPU 0           0.959        0.639        1080         345.776           100               
GPU 0           0.963        0.637        1140         346.180           100               
GPU 0           0.956        0.624        1005         344.806           100               
GPU 0           0.931        0.502        1110         347.434           100               
GPU 0           0.956        0.674        1095         347.445           100               
#Entity         SMACT        TENSO        SMCLK        POWER             GPUTL             
ID                                                      W                                  
GPU 0           0.958        0.675        1140         348.325           100               
GPU 0           0.966        0.686        1110         349.089           100               
GPU 0           0.959        0.624        1065         349.843           100               
GPU 0           0.964        0.639        1080         348.572           100               
GPU 0           0.959        0.621        1095         348.132           100               
GPU 0           0.960        0.645        1125         349.922           100               
GPU 0           0.961        0.620        1065         349.779           100               
GPU 0           0.930        0.504        1110         350.664           100               
GPU 0           0.955        0.671        1110         349.781           100               
GPU 0           0.956        0.692        1065         349.674           100               
GPU 0           0.966        0.675        1125         350.022           100               
GPU 0           0.961        0.621        1095         349.568           100               
GPU 0           0.958        0.632        1110         349.614           100               
GPU 0           0.962        0.627        1080         349.392           100               
#Entity         SMACT        TENSO        SMCLK        POWER             GPUTL             
ID                                                      W                                  
GPU 0           0.957        0.634        1005         351.073           100               
GPU 0           0.962        0.646        1140         349.230           100               
GPU 0           0.931        0.486        1185         347.557           100               
GPU 0           0.954        0.670        1140         347.009           100               
GPU 0           0.956        0.673        1080         346.473           100               
GPU 0           0.965        0.684        1170         345.168           100               
GPU 0           0.961        0.658        1185         346.539           100               
GPU 0           0.961        0.608        1170         345.066           100               
GPU 0           0.960        0.620        1140         343.466           100               
GPU 0           0.958        0.632        1110         343.498           100               
GPU 0           0.933        0.498        1215         343.467           100               
GPU 0           0.954        0.667        1125         345.935           100               
GPU 0           0.957        0.672        1035         345.758           100               
GPU 0           0.967        0.719        1170         344.565           100               
#Entity         SMACT        TENSO        SMCLK        POWER             GPUTL             
ID                                                      W                                  
GPU 0           0.959        0.612        1095         346.754           100               
GPU 0           0.961        0.647        1125         347.382           100               
GPU 0           0.959        0.607        1095         346.873           100               
GPU 0           0.961        0.657        1125         347.054           100               
GPU 0           0.960        0.606        1050         346.821           100               
GPU 0           0.949        0.571        1155         345.016           100               
GPU 0           0.947        0.606        1140         347.995           100               
GPU 0           0.956        0.675        1140         348.706           100               
GPU 0           0.964        0.706        1125         347.328           100               
GPU 0           0.963        0.636        1200         349.226           100               
GPU 0           0.957        0.629        1140         347.949           100               
GPU 0           0.962        0.638        1185         347.586           100               
GPU 0           0.958        0.613        1155         347.027           100               
GPU 0           0.960        0.657        1185         346.511           100               
#Entity         SMACT        TENSO        SMCLK        POWER             GPUTL             
ID                                                      W                                  
GPU 0           0.960        0.611        1215         346.282           100               
GPU 0           0.928        0.528        1140         349.648           100               
GPU 0           0.955        0.675        1080         349.705           100               
GPU 0           0.965        0.705        1125         345.031           100               
GPU 0           0.960        0.641        1125         347.379           100               
GPU 0           0.963        0.627        1095         347.435           100               
GPU 0           0.959        0.630        1080         348.227           100               
GPU 0           0.964        0.636        1110         348.441           100               
GPU 0           0.958        0.627        1020         348.264           100               
GPU 0           0.963        0.646        1185         346.353           100               
GPU 0           0.931        0.509        1110         348.332           100               
GPU 0           0.955        0.672        1095         349.192           100               
GPU 0           0.964        0.699        1155         347.182           100               
GPU 0           0.960        0.639        1110         349.153           100               
#Entity         SMACT        TENSO        SMCLK        POWER             GPUTL             
ID                                                      W                                  
GPU 0           0.961        0.653        1155         350.034           100               
GPU 0           0.960        0.606        1095         348.480           100               
GPU 0           0.961        0.645        1185         347.911           100               
GPU 0           0.960        0.625        1185         347.129           100               
GPU 0           0.957        0.633        1350         344.782           100               
GPU 0           0.932        0.511        1155         349.525           100               
GPU 0           0.956        0.674        1110         350.901           100               
GPU 0           0.964        0.722        1065         347.716           100               
GPU 0           0.963        0.648        1140         348.761           100               
GPU 0           0.960        0.611        1125         348.193           100               
GPU 0           0.961        0.657        1185         347.461           100               
GPU 0           0.959        0.609        1125         345.024           100               
GPU 0           0.959        0.639        1110         344.721           100               
GPU 0           0.962        0.645        1185         342.867           100               
#Entity         SMACT        TENSO        SMCLK        POWER             GPUTL             
ID                                                      W                                  
GPU 0           0.930        0.506        1125         347.380           100               
GPU 0           0.955        0.666        1140         345.723           100               
GPU 0           0.961        0.716        1095         345.342           100               
GPU 0           0.962        0.638        1110         347.239           100               
GPU 0           0.962        0.647        1125         348.351           100               
GPU 0           0.959        0.608        1110         347.130           100               
GPU 0           0.960        0.654        1125         347.993           100               
GPU 0           0.960        0.607        1035         347.425           100               
GPU 0           0.959        0.641        1050         345.202           100               
GPU 0           0.933        0.504        1110         348.343           100               
GPU 0           0.955        0.670        1080         348.252           100               
GPU 0           0.960        0.684        1065         347.667           100               
GPU 0           0.963        0.670        1110         345.157           100               
GPU 0           0.957        0.624        1065         344.808           100               
#Entity         SMACT        TENSO        SMCLK        POWER             GPUTL             
ID                                                      W                                  
GPU 0           0.961        0.644        1140         344.803           100               
GPU 0           0.957        0.617        1050         345.219           100               
GPU 0           0.960        0.642        1110         345.471           100               
GPU 0           0.958        0.609        1035         345.394           100               
GPU 0           0.929        0.513        1095         348.877           100               
GPU 0           0.956        0.660        1080         348.034           100               
GPU 0           0.957        0.670        1050         349.273           100               
GPU 0           0.964        0.702        1110         348.769           100               
GPU 0           0.958        0.615        1155         348.598           100               
GPU 0           0.960        0.649        1200         350.259           100               
GPU 0           0.960        0.620        1170         348.945           100               
GPU 0           0.959        0.634        1125         347.787           100               
GPU 0           0.962        0.639        1155         347.885           100               
GPU 0           0.929        0.497        1155         348.760           100               
#Entity         SMACT        TENSO        SMCLK        POWER             GPUTL             
ID                                                      W                                  
GPU 0           0.957        0.667        1125         349.997           100               
GPU 0           0.957        0.681        1080         348.794           100               
GPU 0           0.964        0.689        1110         345.063           100               
GPU 0           0.962        0.642        1095         346.955           100               
GPU 0           0.960        0.613        1125         346.159           100               
GPU 0           0.961        0.649        1140         347.120           100               
GPU 0           0.960        0.610        1065         347.937           100               
GPU 0           0.959        0.641        1110         347.657           100               
GPU 0           0.932        0.489        1110         347.374           100               
GPU 0           0.955        0.665        1080         347.366           100               
GPU 0           0.955        0.667        975          348.910           100               
GPU 0           0.965        0.695        1065         346.172           100               
GPU 0           0.959        0.638        1110         347.167           100               
GPU 0           0.961        0.647        1170         345.458           100               
#Entity         SMACT        TENSO        SMCLK        POWER             GPUTL             
ID                                                      W                                  
GPU 0           0.959        0.613        1155         347.265           100               
GPU 0           0.961        0.659        1185         346.624           100               
GPU 0           0.960        0.608        1125         344.997           100               
GPU 0           0.945        0.560        1215         344.696           100               
GPU 0           0.945        0.613        1155         346.350           100               
GPU 0           0.956        0.668        1110         346.408           100               
GPU 0           0.964        0.714        1170         342.626           100               
GPU 0           0.961        0.621        1155         342.696           100               
GPU 0           0.957        0.635        1140         342.795           100               
GPU 0           0.962        0.643        1185         344.946           100               
GPU 0           0.958        0.612        1155         344.213           100               
GPU 0           0.960        0.657        1185         344.496           100               
GPU 0           0.959        0.614        1230         343.796           100               
GPU 0           0.932        0.528        1185         346.662           100               
#Entity         SMACT        TENSO        SMCLK        POWER             GPUTL             
ID                                                      W                                  
GPU 0           0.955        0.673        1035         346.176           100               
GPU 0           0.966        0.701        1125         344.472           100               
GPU 0           0.961        0.650        1140         347.864           100               
GPU 0           0.961        0.619        1095         346.948           100               
GPU 0           0.960        0.631        1080         346.991           100               
GPU 0           0.963        0.647        1110         347.212           100               
GPU 0           0.960        0.613        1095         346.772           100               
GPU 0           0.961        0.656        1215         346.057           100               
GPU 0           0.928        0.500        1080         349.763           100               
GPU 0           0.956        0.676        1155         347.848           100               
GPU 0           0.964        0.704        1125         346.877           100               
GPU 0           0.958        0.639        1155         346.315           100               
GPU 0           0.960        0.643        1185         345.681           100               
GPU 0           0.961        0.627        1170         347.116           100               
#Entity         SMACT        TENSO        SMCLK        POWER             GPUTL             
ID                                                      W                                  
GPU 0           0.957        0.635        1155         346.684           100               
GPU 0           0.961        0.640        1185         347.183           100               
GPU 0           0.959        0.611        1305         345.329           100               
GPU 0           0.932        0.523        1110         348.970           100               
GPU 0           0.956        0.673        1125         347.138           100               
GPU 0           0.962        0.718        975          347.439           100               
GPU 0           0.962        0.647        1140         346.730           100               
GPU 0           0.958        0.606        1080         347.429           100               
GPU 0           0.960        0.653        1110         346.735           100               
GPU 0           0.959        0.605        1050         345.337           100               
GPU 0           0.958        0.639        1080         346.034           100               
GPU 0           0.962        0.633        1125         344.674           100               
GPU 0           0.929        0.511        1125         347.040           100               
GPU 0           0.956        0.673        1125         344.493           100               
#Entity         SMACT        TENSO        SMCLK        POWER             GPUTL             
ID                                                      W                                  
GPU 0           0.962        0.714        1080         345.926           100               
GPU 0           0.961        0.640        1155         342.950           100               
GPU 0           0.961        0.649        1185         344.832           100               
GPU 0           0.959        0.610        1140         343.705           100               
GPU 0           0.959        0.645        1185         343.910           100               
GPU 0           0.961        0.626        1155         345.657           100               
GPU 0           0.957        0.503        1110         345.701           100               
GPU 0           0.954        0.673        1155         346.478           100               
GPU 0           0.959        0.679        1125         346.782           100               
GPU 0           0.964        0.679        1170         344.088           100               
GPU 0           0.956        0.629        1170         344.921           100               
GPU 0           0.961        0.642        1185         345.330           100               
GPU 0           0.959        0.610        1140         345.955           100               
GPU 0           0.960        0.657        1185         346.631           100               
#Entity         SMACT        TENSO        SMCLK        POWER             GPUTL             
ID                                                      W                                  
GPU 0           0.960        0.613        1110         344.343           100               
GPU 0           0.931        0.504        1185         347.429           100               
GPU 0           0.955        0.665        1125         346.834           100               
GPU 0           0.956        0.690        1050         347.523           100               
GPU 0           0.967        0.686        1140         346.764           100               
GPU 0           0.962        0.626        1095         347.652           100               
GPU 0           0.957        0.627        1035         348.666           100               
GPU 0           0.962        0.640        1125         349.181           100               
GPU 0           0.958        0.619        1035         348.223           100               
GPU 0           0.961        0.648        1095         347.849           100               
GPU 0           0.935        0.488        1125         348.820           100               
GPU 0           0.955        0.669        1155         347.781           100               
GPU 0           0.955        0.671        1095         347.137           100               
GPU 0           0.965        0.686        1170         344.820           100               
#Entity         SMACT        TENSO        SMCLK        POWER             GPUTL             
ID                                                      W                                  
GPU 0           0.961        0.657        1200         346.888           100               
GPU 0           0.960        0.609        1140         345.583           100               
GPU 0           0.959        0.642        1170         345.659           100               
GPU 0           0.961        0.627        1170         345.556           100               
GPU 0           0.957        0.634        1095         344.683           100               
GPU 0           0.933        0.493        1185         344.368           100               
GPU 0           0.955        0.667        1170         346.422           100               
GPU 0           0.956        0.673        1050         346.758           100               
GPU 0           0.966        0.714        1170         345.014           100               
GPU 0           0.958        0.610        1080         346.664           100               
GPU 0           0.961        0.652        1125         346.947           100               
GPU 0           0.960        0.606        1065         348.082           100               
GPU 0           0.960        0.649        1155         347.536           100               
GPU 0           0.963        0.630        1155         347.233           100               
#Entity         SMACT        TENSO        SMCLK        POWER             GPUTL             
ID                                                      W                                  
GPU 0           0.949        0.583        1215         345.487           100               
GPU 0           0.936        0.581        1140         348.094           100               
GPU 0           0.955        0.669        1110         348.474           100               
GPU 0           0.963        0.709        1155         345.406           100               
GPU 0           0.963        0.651        1140         349.368           100               
GPU 0           0.961        0.608        1170         347.814           100               
GPU 0           0.960        0.655        1215         349.188           100               
GPU 0           0.959        0.607        1125         345.881           100               
GPU 0           0.959        0.640        1110         345.714           100               
GPU 0           0.960        0.645        1260         345.039           100               
GPU 0           0.928        0.516        1155         347.965           100               
GPU 0           0.955        0.672        1140         347.471           100               
GPU 0           0.964        0.697        1170         343.700           100               
GPU 0           0.959        0.642        1065         347.559           100               
#Entity         SMACT        TENSO        SMCLK        POWER             GPUTL             
ID                                                      W                                  
GPU 0           0.963        0.636        1140         346.543           100               
GPU 0           0.958        0.619        1005         347.150           100               
GPU 0           0.962        0.642        1095         345.394           100               
GPU 0           0.959        0.617        1095         344.682           100               
GPU 0           0.959        0.642        1260         344.271           100               
GPU 0           0.928        0.517        1125         347.284           100               
GPU 0           0.955        0.672        1140         345.534           100               
GPU 0           0.963        0.721        1080         344.036           100               
GPU 0           0.963        0.644        1170         346.953           100               
GPU 0           0.959        0.617        1110         345.308           100               
GPU 0           0.963        0.638        1140         346.949           100               
GPU 0           0.960        0.618        1080         345.317           100               
GPU 0           0.962        0.645        1095         345.766           100               
GPU 0           0.960        0.615        1170         344.384           100               
#Entity         SMACT        TENSO        SMCLK        POWER             GPUTL             
ID                                                      W                                  
GPU 0           0.933        0.520        1125         347.573           100               
GPU 0           0.956        0.675        1140         347.036           100               
GPU 0           0.961        0.714        1080         347.609           100               
GPU 0           0.961        0.642        1125         350.131           100               
GPU 0           0.963        0.626        1095         349.710           100               
GPU 0           0.958        0.630        1155         347.774           100               
GPU 0           0.961        0.644        1230         347.373           100               
GPU 0           0.957        0.617        1125         346.280           100               
GPU 0           0.961        0.649        1155         344.403           100               
GPU 0           0.931        0.492        1155         350.100           100               
GPU 0           0.955        0.678        1125         348.905           100               
GPU 0           0.961        0.703        1080         347.523           100               
GPU 0           0.964        0.650        1110         346.169           100               
GPU 0           0.960        0.643        1155         346.795           100               
#Entity         SMACT        TENSO        SMCLK        POWER             GPUTL             
ID                                                      W                                  
GPU 0           0.961        0.626        1155         343.956           100               
GPU 0           0.957        0.632        1110         344.904           100               
GPU 0           0.962        0.642        1200         344.687           100               
GPU 0           0.959        0.616        1110         344.544           100               
GPU 0           0.933        0.511        1110         348.389           100               
GPU 0           0.957        0.669        1125         345.886           100               
GPU 0           0.958        0.674        1080         348.193           100               
GPU 0           0.966        0.699        1185         348.015           100               
GPU 0           0.959        0.615        1125         349.468           100               
GPU 0           0.960        0.657        1185         347.910           100               
GPU 0           0.959        0.615        1140         346.776           100               
GPU 0           0.959        0.631        1110         347.170           100               
