#Entity         SMACT        TENSO        SMCLK        POWER             GPUTL             
ID                                                      W                                  
GPU 0           N/A          N/A          1215         346.932           100               
GPU 0           0.948        0.643        1170         344.661           100               
GPU 0           0.945        0.590        1260         345.647           100               
GPU 0           0.934        0.519        1380         344.632           100               
GPU 0           0.929        0.560        1230         347.284           100               
GPU 0           0.948        0.628        1230         345.632           100               
GPU 0           0.945        0.591        1260         345.381           100               
GPU 0           0.922        0.465        1380         345.110           100               
GPU 0           0.941        0.636        1155         348.285           100               
GPU 0           0.950        0.622        1245         346.396           100               
GPU 0           0.943        0.578        1260         345.490           100               
GPU 0           0.923        0.476        1395         347.169           100               
GPU 0           0.946        0.661        1125         346.588           100               
GPU 0           0.945        0.589        1245         346.885           100               
GPU 0           0.944        0.578        1260         345.458           100               
#Entity         SMACT        TENSO        SMCLK        POWER             GPUTL             
ID                                                      W                                  
GPU 0           0.922        0.485        1305         346.777           100               
GPU 0           0.947        0.649        1155         346.369           100               
GPU 0           0.945        0.591        1260         345.332           100               
GPU 0           0.944        0.590        1230         344.742           100               
GPU 0           0.919        0.486        1245         346.381           100               
GPU 0           0.950        0.643        1185         345.983           100               
GPU 0           0.944        0.585        1290         346.999           100               
GPU 0           0.942        0.568        1230         343.614           100               
GPU 0           0.924        0.520        1245         345.987           100               
GPU 0           0.949        0.636        1230         345.688           100               
GPU 0           0.943        0.579        1275         346.379           100               
GPU 0           0.921        0.467        1380         344.367           100               
GPU 0           0.941        0.633        1185         348.578           100               
GPU 0           0.949        0.630        1245         345.629           100               
#Entity         SMACT        TENSO        SMCLK        POWER             GPUTL             
ID                                                      W                                  
GPU 0           0.945        0.584        1260         346.703           100               
GPU 0           0.921        0.469        1335         345.013           100               
GPU 0           0.944        0.654        1080         347.082           100               
GPU 0           0.945        0.592        1290         346.398           100               
GPU 0           0.944        0.590        1260         346.375           100               
GPU 0           0.922        0.474        1290         346.274           100               
GPU 0           0.948        0.652        1125         346.056           100               
GPU 0           0.944        0.589        1290         347.392           100               
GPU 0           0.944        0.587        1260         344.952           100               
GPU 0           0.921        0.488        1245         346.317           100               
GPU 0           0.948        0.652        1140         344.116           100               
GPU 0           0.946        0.583        1245         346.487           100               
GPU 0           0.945        0.585        1245         343.011           100               
GPU 0           0.920        0.500        1245         346.186           100               
#Entity         SMACT        TENSO        SMCLK        POWER             GPUTL             
ID                                                      W                                  
GPU 0           0.949        0.635        1260         344.346           100               
GPU 0           0.945        0.592        1230         346.046           100               
GPU 0           0.921        0.457        1410         344.032           100               
GPU 0           0.941        0.630        1215         346.805           100               
GPU 0           0.949        0.628        1230         345.884           100               
GPU 0           0.944        0.585        1260         345.353           100               
GPU 0           0.922        0.473        1410         346.089           100               
GPU 0           0.943        0.643        1125         345.995           100               
GPU 0           0.948        0.612        1245         345.236           100               
GPU 0           0.944        0.579        1260         346.585           100               
GPU 0           0.920        0.480        1260         347.551           100               
GPU 0           0.947        0.656        1170         346.404           100               
GPU 0           0.945        0.594        1260         347.342           100               
GPU 0           0.945        0.583        1215         345.468           100               
#Entity         SMACT        TENSO        SMCLK        POWER             GPUTL             
ID                                                      W                                  
GPU 0           0.917        0.487        1215         346.529           100               
GPU 0           0.949        0.650        1185         346.869           100               
GPU 0           0.944        0.585        1290         347.458           100               
GPU 0           0.946        0.591        1230         344.381           100               
GPU 0           0.919        0.494        1245         346.027           100               
GPU 0           0.948        0.648        1215         343.655           100               
GPU 0           0.945        0.582        1245         345.810           100               
GPU 0           0.930        0.512        1380         342.633           100               
GPU 0           0.931        0.569        1230         346.103           100               
GPU 0           0.948        0.631        1245         344.399           100               
GPU 0           0.945        0.595        1245         344.857           100               
GPU 0           0.922        0.460        1380         344.031           100               
GPU 0           0.941        0.639        1215         346.377           100               
GPU 0           0.950        0.616        1260         346.183           100               
#Entity         SMACT        TENSO        SMCLK        POWER             GPUTL             
ID                                                      W                                  
GPU 0           0.943        0.583        1275         346.148           100               
GPU 0           0.923        0.475        1290         347.501           100               
GPU 0           0.946        0.660        1080         347.653           100               
GPU 0           0.946        0.593        1245         349.161           100               
GPU 0           0.944        0.578        1260         347.398           100               
GPU 0           0.919        0.483        1215         348.608           100               
GPU 0           0.947        0.655        1185         347.549           100               
GPU 0           0.945        0.589        1290         348.204           100               
GPU 0           0.945        0.591        1215         346.201           100               
GPU 0           0.919        0.486        1215         348.246           100               
GPU 0           0.950        0.643        1185         348.155           100               
GPU 0           0.943        0.584        1290         348.203           100               
GPU 0           0.941        0.566        1245         344.796           100               
GPU 0           0.923        0.521        1155         347.374           100               
#Entity         SMACT        TENSO        SMCLK        POWER             GPUTL             
ID                                                      W                                  
GPU 0           0.949        0.643        1215         344.964           100               
GPU 0           0.945        0.590        1215         345.500           100               
GPU 0           0.923        0.458        1410         344.544           100               
GPU 0           0.941        0.628        1245         347.158           100               
GPU 0           0.949        0.624        1245         345.304           100               
GPU 0           0.945        0.591        1245         345.199           100               
GPU 0           0.920        0.467        1395         345.067           100               
GPU 0           0.945        0.655        1125         346.658           100               
GPU 0           0.945        0.590        1290         346.462           100               
GPU 0           0.945        0.587        1245         346.245           100               
GPU 0           0.922        0.479        1260         348.749           100               
GPU 0           0.947        0.659        1125         348.095           100               
GPU 0           0.945        0.591        1245         348.830           100               
GPU 0           0.945        0.582        1245         347.657           100               
#Entity         SMACT        TENSO        SMCLK        POWER             GPUTL             
ID                                                      W                                  
GPU 0           0.919        0.490        1260         349.272           100               
GPU 0           0.947        0.646        1215         347.647           100               
GPU 0           0.945        0.591        1290         346.960           100               
GPU 0           0.945        0.594        1215         344.979           100               
GPU 0           0.920        0.491        1245         347.713           100               
GPU 0           0.949        0.640        1215         346.647           100               
GPU 0           0.943        0.583        1260         346.303           100               
GPU 0           0.929        0.503        1335         344.990           100               
GPU 0           0.934        0.592        1185         347.304           100               
GPU 0           0.950        0.636        1245         345.086           100               
GPU 0           0.945        0.596        1215         344.658           100               
GPU 0           0.921        0.457        1350         344.811           100               
GPU 0           0.941        0.640        1245         347.785           100               
GPU 0           0.949        0.606        1260         346.252           100               
#Entity         SMACT        TENSO        SMCLK        POWER             GPUTL             
ID                                                      W                                  
GPU 0           0.945        0.590        1245         345.374           100               
GPU 0           0.922        0.473        1395         346.383           100               
GPU 0           0.946        0.661        1155         346.873           100               
GPU 0           0.945        0.591        1245         347.057           100               
GPU 0           0.945        0.581        1245         345.859           100               
GPU 0           0.921        0.485        1245         347.770           100               
GPU 0           0.946        0.649        1125         346.481           100               
GPU 0           0.945        0.593        1290         347.027           100               
GPU 0           0.945        0.589        1215         346.654           100               
GPU 0           0.919        0.485        1215         346.936           100               
GPU 0           0.947        0.653        1155         345.494           100               
GPU 0           0.944        0.580        1230         346.974           100               
GPU 0           0.944        0.584        1290         344.405           100               
GPU 0           0.920        0.503        1185         347.377           100               
#Entity         SMACT        TENSO        SMCLK        POWER             GPUTL             
ID                                                      W                                  
GPU 0           0.948        0.636        1185         346.417           100               
GPU 0           0.945        0.593        1230         346.386           100               
GPU 0           0.923        0.475        1215         346.045           100               
GPU 0           0.938        0.616        1185         348.415           100               
GPU 0           0.950        0.632        1245         346.190           100               
GPU 0           0.943        0.580        1275         347.061           100               
GPU 0           0.924        0.472        1335         346.845           100               
GPU 0           0.944        0.641        1125         347.480           100               
GPU 0           0.947        0.618        1245         346.248           100               
GPU 0           0.945        0.586        1245         346.712           100               
GPU 0           0.919        0.474        1350         347.386           100               
GPU 0           0.948        0.660        1095         347.248           100               
GPU 0           0.945        0.593        1275         347.264           100               
GPU 0           0.943        0.583        1260         345.884           100               
#Entity         SMACT        TENSO        SMCLK        POWER             GPUTL             
ID                                                      W                                  
GPU 0           0.921        0.482        1215         347.214           100               
GPU 0           0.947        0.655        1110         346.469           100               
GPU 0           0.945        0.584        1245         345.636           100               
GPU 0           0.919        0.492        1245         347.337           100               
GPU 0           0.948        0.641        1170         346.157           100               
GPU 0           0.945        0.591        1275         346.071           100               
GPU 0           0.942        0.564        1260         344.846           100               
GPU 0           0.924        0.523        1200         346.960           100               
GPU 0           0.948        0.642        1245         344.859           100               
GPU 0           0.945        0.594        1245         344.947           100               
GPU 0           0.922        0.462        1410         344.304           100               
GPU 0           0.940        0.624        1215         346.612           100               
GPU 0           0.950        0.628        1245         344.904           100               
GPU 0           0.943        0.588        1260         344.889           100               
#Entity         SMACT        TENSO        SMCLK        POWER             GPUTL             
ID                                                      W                                  
GPU 0           0.922        0.474        1320         345.345           100               
GPU 0           0.945        0.642        1155         346.198           100               
GPU 0           0.947        0.614        1245         345.088           100               
GPU 0           0.946        0.583        1245         346.280           100               
GPU 0           0.920        0.479        1245         347.839           100               
GPU 0           0.947        0.660        1110         347.319           100               
GPU 0           0.946        0.592        1275         347.302           100               
GPU 0           0.945        0.589        1260         346.030           100               
GPU 0           0.922        0.483        1245         347.067           100               
GPU 0           0.948        0.656        1155         346.456           100               
GPU 0           0.945        0.592        1245         346.277           100               
GPU 0           0.945        0.582        1260         345.934           100               
GPU 0           0.918        0.490        1215         347.021           100               
GPU 0           0.948        0.640        1185         346.518           100               
#Entity         SMACT        TENSO        SMCLK        POWER             GPUTL             
ID                                                      W                                  
GPU 0           0.944        0.588        1275         346.933           100               
GPU 0           0.940        0.554        1185         344.624           100               
GPU 0           0.923        0.540        1185         347.657           100               
GPU 0           0.950        0.643        1185         346.501           100               
GPU 0           0.945        0.579        1275         347.371           100               
GPU 0           0.919        0.465        1275         345.365           100               
GPU 0           0.941        0.627        1200         347.745           100               
GPU 0           0.949        0.631        1275         345.033           100               
GPU 0           0.945        0.589        1245         345.689           100               
GPU 0           0.921        0.465        1425         345.812           100               
GPU 0           0.945        0.654        1110         347.746           100               
GPU 0           0.945        0.592        1275         345.721           100               
GPU 0           0.945        0.590        1245         344.618           100               
GPU 0           0.921        0.476        1275         345.726           100               
#Entity         SMACT        TENSO        SMCLK        POWER             GPUTL             
ID                                                      W                                  
GPU 0           0.948        0.653        1110         344.327           100               
GPU 0           0.946        0.589        1290         345.755           100               
GPU 0           0.943        0.583        1275         343.686           100               
GPU 0           0.919        0.487        1290         346.618           100               
GPU 0           0.948        0.651        1155         344.393           100               
GPU 0           0.945        0.580        1305         346.752           100               
GPU 0           0.942        0.569        1275         342.638           100               
GPU 0           0.921        0.512        1200         346.073           100               
GPU 0           0.949        0.640        1245         344.286           100               
GPU 0           0.946        0.592        1245         345.050           100               
GPU 0           0.921        0.457        1410         343.653           100               
GPU 0           0.942        0.631        1200         346.432           100               
GPU 0           0.949        0.624        1275         345.575           100               
GPU 0           0.945        0.592        1245         344.726           100               
#Entity         SMACT        TENSO        SMCLK        POWER             GPUTL             
ID                                                      W                                  
GPU 0           0.923        0.468        1320         346.121           100               
GPU 0           0.946        0.656        1200         347.097           100               
GPU 0           0.945        0.592        1260         346.580           100               
GPU 0           0.944        0.589        1245         345.865           100               
GPU 0           0.920        0.479        1230         348.086           100               
GPU 0           0.947        0.661        1140         346.076           100               
GPU 0           0.945        0.592        1245         346.669           100               
GPU 0           0.945        0.580        1230         346.796           100               
GPU 0           0.920        0.489        1200         348.209           100               
GPU 0           0.947        0.646        1230         346.822           100               
GPU 0           0.945        0.592        1275         346.711           100               
GPU 0           0.946        0.579        1245         344.397           100               
GPU 0           0.919        0.498        1185         345.577           100               
GPU 0           0.948        0.638        1245         345.831           100               
#Entity         SMACT        TENSO        SMCLK        POWER             GPUTL             
ID                                                      W                                  
GPU 0           0.944        0.589        1275         345.829           100               
GPU 0           0.926        0.487        1215         344.646           100               
GPU 0           0.938        0.606        1170         347.899           100               
GPU 0           0.950        0.629        1230         346.691           100               
GPU 0           0.943        0.580        1275         346.220           100               
GPU 0           0.922        0.474        1365         346.108           100               
GPU 0           0.944        0.640        1140         347.973           100               
GPU 0           0.947        0.616        1245         345.750           100               
GPU 0           0.945        0.579        1230         348.292           100               
GPU 0           0.921        0.485        1230         347.874           100               
GPU 0           0.946        0.656        1170         348.742           100               
GPU 0           0.944        0.587        1260         348.940           100               
GPU 0           0.945        0.592        1230         347.271           100               
GPU 0           0.921        0.481        1230         347.890           100               
#Entity         SMACT        TENSO        SMCLK        POWER             GPUTL             
ID                                                      W                                  
GPU 0           0.948        0.649        1185         347.956           100               
GPU 0           0.944        0.585        1290         349.971           100               
GPU 0           0.945        0.591        1230         346.298           100               
GPU 0           0.920        0.491        1230         348.066           100               
GPU 0           0.948        0.644        1200         346.555           100               
GPU 0           0.945        0.581        1245         348.503           100               
GPU 0           0.931        0.516        1350         344.790           100               
GPU 0           0.931        0.575        1200         348.023           100               
GPU 0           0.949        0.632        1215         345.945           100               
GPU 0           0.945        0.592        1230         347.039           100               
GPU 0           0.921        0.459        1365         344.921           100               
GPU 0           0.942        0.636        1110         346.851           100               
GPU 0           0.948        0.614        1275         345.793           100               
GPU 0           0.946        0.593        1230         345.518           100               
#Entity         SMACT        TENSO        SMCLK        POWER             GPUTL             
ID                                                      W                                  
GPU 0           0.923        0.472        1305         345.777           100               
GPU 0           0.948        0.659        1095         344.900           100               
GPU 0           0.945        0.596        1245         346.278           100               
GPU 0           0.944        0.580        1245         344.978           100               
GPU 0           0.920        0.483        1245         345.819           100               
GPU 0           0.947        0.651        1170         343.896           100               
GPU 0           0.945        0.590        1290         345.100           100               
GPU 0           0.945        0.586        1215         345.197           100               
GPU 0           0.919        0.491        1200         346.412           100               
GPU 0           0.948        0.645        1185         345.846           100               
GPU 0           0.943        0.583        1305         345.388           100               
GPU 0           0.940        0.556        1215         344.650           100               
GPU 0           0.921        0.533        1200         347.127           100               
GPU 0           0.949        0.645        1200         345.832           100               
#Entity         SMACT        TENSO        SMCLK        POWER             GPUTL             
ID                                                      W                                  
GPU 0           0.946        0.584        1215         347.397           100               
GPU 0           0.919        0.460        1260         345.809           100               
GPU 0           0.941        0.630        1200         349.235           100               
GPU 0           0.948        0.623        1275         346.541           100               
GPU 0           0.945        0.591        1245         346.091           100               
GPU 0           0.921        0.465        1425         347.095           100               
GPU 0           0.946        0.656        1110         350.002           100               
GPU 0           0.945        0.592        1275         348.172           100               
GPU 0           0.944        0.588        1245         348.219           100               
GPU 0           0.921        0.478        1230         350.409           100               
GPU 0           0.947        0.662        1110         348.244           100               
GPU 0           0.945        0.592        1275         349.309           100               
GPU 0           0.945        0.579        1245         348.664           100               
GPU 0           0.918        0.489        1260         349.883           100               
#Entity         SMACT        TENSO        SMCLK        POWER             GPUTL             
ID                                                      W                                  
GPU 0           0.947        0.650        1155         347.840           100               
GPU 0           0.945        0.591        1260         346.795           100               
GPU 0           0.945        0.585        1245         344.457           100               
GPU 0           0.918        0.495        1230         346.872           100               
GPU 0           0.949        0.639        1215         346.821           100               
GPU 0           0.944        0.587        1275         346.131           100               
GPU 0           0.928        0.496        1215         344.116           100               
GPU 0           0.935        0.597        1200         346.905           100               
GPU 0           0.948        0.634        1230         344.165           100               
GPU 0           0.946        0.584        1245         345.761           100               
GPU 0           0.921        0.467        1365         345.568           100               
GPU 0           0.942        0.628        1170         347.404           100               
GPU 0           0.948        0.624        1290         346.480           100               
GPU 0           0.945        0.591        1245         344.833           100               
#Entity         SMACT        TENSO        SMCLK        POWER             GPUTL             
ID                                                      W                                  
GPU 0           0.921        0.470        1305         345.671           100               
GPU 0           0.948        0.654        1110         345.737           100               
GPU 0           0.946        0.593        1245         346.937           100               
GPU 0           0.943        0.582        1275         345.709           100               
GPU 0           0.922        0.482        1260         347.250           100               
GPU 0           0.947        0.656        1170         344.425           100               
GPU 0           0.946        0.592        1245         345.752           100               
GPU 0           0.945        0.581        1260         344.311           100               
GPU 0           0.918        0.491        1170         346.610           100               
GPU 0           0.948        0.646        1170         345.622           100               
GPU 0           0.944        0.588        1305         345.093           100               
GPU 0           0.939        0.548        1275         343.861           100               
GPU 0           0.926        0.541        1230         345.952           100               
GPU 0           0.949        0.642        1185         345.361           100               
#Entity         SMACT        TENSO        SMCLK        POWER             GPUTL             
ID                                                      W                                  
GPU 0           0.945        0.580        1230         347.328           100               
GPU 0           0.919        0.466        1410         344.451           100               
GPU 0           0.942        0.630        1110         346.220           100               
GPU 0           0.949        0.630        1290         344.468           100               
GPU 0           0.944        0.590        1275         344.035           100               
GPU 0           0.922        0.463        1275         345.265           100               
GPU 0           0.946        0.658        1125         347.467           100               
GPU 0           0.945        0.593        1230         346.133           100               
GPU 0           0.944        0.588        1230         345.936           100               
GPU 0           0.921        0.482        1230         346.780           100               
GPU 0           0.947        0.657        1200         345.261           100               
GPU 0           0.945        0.581        1275         346.308           100               
GPU 0           0.917        0.488        1200         347.723           100               
GPU 0           0.947        0.647        1230         346.817           100               
#Entity         SMACT        TENSO        SMCLK        POWER             GPUTL             
ID                                                      W                                  
GPU 0           0.944        0.587        1305         346.415           100               
GPU 0           0.944        0.589        1380         345.177           100               
GPU 0           0.918        0.493        1185         347.483           100               
GPU 0           0.949        0.643        1245         346.699           100               
GPU 0           0.944        0.581        1245         347.353           100               
GPU 0           0.930        0.503        1320         345.695           100               
GPU 0           0.934        0.592        1125         348.449           100               
GPU 0           0.949        0.636        1275         345.780           100               
GPU 0           0.945        0.591        1215         346.979           100               
GPU 0           0.922        0.461        1260         346.246           100               
GPU 0           0.941        0.641        1110         348.212           100               
GPU 0           0.949        0.616        1245         345.789           100               
GPU 0           0.943        0.584        1275         345.699           100               
GPU 0           0.920        0.476        1245         346.819           100               
#Entity         SMACT        TENSO        SMCLK        POWER             GPUTL             
ID                                                      W                                  
GPU 0           0.947        0.658        1155         346.864           100               
GPU 0           0.945        0.591        1245         347.917           100               
GPU 0           0.944        0.581        1230         346.472           100               
GPU 0           0.920        0.484        1200         348.810           100               
GPU 0           0.948        0.653        1185         345.938           100               
GPU 0           0.945        0.592        1275         347.617           100               
GPU 0           0.944        0.590        1260         344.426           100               
GPU 0           0.920        0.485        1200         346.741           100               
GPU 0           0.949        0.658        1230         345.804           100               
GPU 0           0.946        0.585        1215         345.887           100               
GPU 0           0.944        0.582        1410         344.314           100               
GPU 0           0.917        0.497        1200         347.323           100               
GPU 0           0.948        0.640        1260         345.634           100               
GPU 0           0.945        0.590        1245         345.646           100               
#Entity         SMACT        TENSO        SMCLK        POWER             GPUTL             
ID                                                      W                                  
GPU 0           0.925        0.480        1290         346.197           100               
GPU 0           0.938        0.616        1140         347.293           100               
GPU 0           0.950        0.633        1245         346.870           100               
GPU 0           0.944        0.580        1260         347.876           100               
GPU 0           0.922        0.475        1260         349.880           100               
GPU 0           0.944        0.641        1170         348.487           100               
GPU 0           0.946        0.617        1275         348.251           100               
GPU 0           0.946        0.582        1200         346.682           100               
GPU 0           0.919        0.477        1200         348.094           100               
GPU 0           0.947        0.661        1140         345.947           100               
GPU 0           0.945        0.594        1230         348.082           100               
GPU 0           0.943        0.581        1245         345.558           100               
GPU 0           0.920        0.485        1200         347.480           100               
GPU 0           0.947        0.652        1230         345.773           100               
#Entity         SMACT        TENSO        SMCLK        POWER             GPUTL             
ID                                                      W                                  
GPU 0           0.944        0.593        1275         344.779           100               
GPU 0           0.945        0.587        1275         344.072           100               
GPU 0           0.920        0.490        1170         347.999           100               
GPU 0           0.950        0.646        1215         345.788           100               
GPU 0           0.943        0.585        1245         347.235           100               
GPU 0           0.942        0.574        1410         345.676           100               
GPU 0           0.922        0.516        1170         348.199           100               
GPU 0           0.948        0.641        1260         347.151           100               
GPU 0           0.944        0.594        1245         345.920           100               
GPU 0           0.924        0.462        1320         346.737           100               
GPU 0           0.939        0.625        1140         347.702           100               
GPU 0           0.950        0.630        1245         346.750           100               
GPU 0           0.943        0.586        1275         346.700           100               
GPU 0           0.921        0.470        1245         347.579           100               
#Entity         SMACT        TENSO        SMCLK        POWER             GPUTL             
ID                                                      W                                  
GPU 0           0.945        0.645        1140         345.905           100               
GPU 0           0.946        0.616        1275         347.314           100               
GPU 0           0.946        0.585        1200         346.337           100               
GPU 0           0.921        0.477        1200         348.410           100               
GPU 0           0.947        0.662        1155         346.251           100               
GPU 0           0.945        0.592        1215         347.532           100               
GPU 0           0.943        0.582        1260         346.121           100               
GPU 0           0.922        0.484        1200         348.056           100               
GPU 0           0.947        0.656        1230         346.229           100               
GPU 0           0.945        0.593        1245         346.175           100               
GPU 0           0.945        0.585        1260         345.261           100               
GPU 0           0.919        0.491        1200         348.214           100               
GPU 0           0.947        0.641        1200         346.027           100               
GPU 0           0.945        0.588        1260         346.988           100               
#Entity         SMACT        TENSO        SMCLK        POWER             GPUTL             
ID                                                      W                                  
GPU 0           0.943        0.575        1395         346.348           100               
GPU 0           0.922        0.517        1215         347.474           100               
GPU 0           0.949        0.642        1260         345.876           100               
GPU 0           0.945        0.588        1230         345.158           100               
GPU 0           0.924        0.458        1275         345.663           100               
GPU 0           0.941        0.632        1095         347.095           100               
GPU 0           0.950        0.629        1260         345.807           100               
GPU 0           0.945        0.587        1260         346.251           100               
GPU 0           0.923        0.474        1245         347.044           100               
GPU 0           0.945        0.646        1140         345.678           100               
GPU 0           0.947        0.618        1245         347.025           100               
GPU 0           0.946        0.582        1200         345.339           100               
GPU 0           0.919        0.477        1200         347.786           100               
GPU 0           0.946        0.657        1155         345.651           100               
#Entity         SMACT        TENSO        SMCLK        POWER             GPUTL             
ID                                                      W                                  
GPU 0           0.945        0.593        1260         346.097           100               
GPU 0           0.943        0.585        1290         343.942           100               
GPU 0           0.921        0.482        1200         347.225           100               
GPU 0           0.948        0.656        1230         345.743           100               
GPU 0           0.945        0.588        1215         345.516           100               
GPU 0           0.945        0.584        1290         344.704           100               
GPU 0           0.919        0.492        1200         347.874           100               
GPU 0           0.948        0.644        1200         345.592           100               
GPU 0           0.944        0.586        1260         346.082           100               
GPU 0           0.944        0.574        1410         345.305           100               
GPU 0           0.922        0.518        1170         346.036           100               
GPU 0           0.948        0.640        1275         344.768           100               
GPU 0           0.945        0.592        1245         343.957           100               
GPU 0           0.925        0.459        1290         345.632           100               
#Entity         SMACT        TENSO        SMCLK        POWER             GPUTL             
ID                                                      W                                  
GPU 0           0.940        0.629        1125         345.695           100               
GPU 0           0.951        0.632        1230         345.730           100               
GPU 0           0.943        0.584        1215         345.108           100               
GPU 0           0.920        0.476        1245         345.580           100               
GPU 0           0.943        0.634        1125         345.058           100               
GPU 0           0.949        0.623        1260         346.946           100               
GPU 0           0.946        0.591        1260         345.352           100               
GPU 0           0.923        0.474        1230         348.075           100               
GPU 0           0.945        0.663        1155         346.869           100               
GPU 0           0.945        0.593        1245         346.372           100               
GPU 0           0.946        0.581        1200         346.349           100               
GPU 0           0.919        0.485        1200         347.018           100               
GPU 0           0.947        0.648        1185         346.617           100               
GPU 0           0.945        0.593        1230         347.607           100               
#Entity         SMACT        TENSO        SMCLK        POWER             GPUTL             
ID                                                      W                                  
GPU 0           0.944        0.590        1260         345.569           100               
GPU 0           0.920        0.490        1170         348.717           100               
GPU 0           0.948        0.651        1260         348.116           100               
GPU 0           0.945        0.589        1245         348.034           100               
GPU 0           0.945        0.579        1410         347.285           100               
GPU 0           0.919        0.498        1185         350.559           100               
GPU 0           0.948        0.636        1245         348.093           100               
GPU 0           0.946        0.591        1275         348.744           100               
GPU 0           0.928        0.488        1275         348.376           100               
GPU 0           0.937        0.612        1125         348.585           100               
GPU 0           0.948        0.633        1275         347.727           100               
GPU 0           0.944        0.594        1245         346.521           100               
GPU 0           0.921        0.458        1275         348.446           100               
GPU 0           0.942        0.641        1110         348.479           100               
#Entity         SMACT        TENSO        SMCLK        POWER             GPUTL             
ID                                                      W                                  
GPU 0           0.949        0.611        1260         348.452           100               
GPU 0           0.945        0.589        1245         346.827           100               
GPU 0           0.921        0.474        1215         348.352           100               
GPU 0           0.945        0.663        1155         347.872           100               
GPU 0           0.945        0.590        1260         347.219           100               
GPU 0           0.945        0.590        1215         346.539           100               
GPU 0           0.922        0.478        1200         348.785           100               
GPU 0           0.947        0.659        1170         346.554           100               
GPU 0           0.945        0.588        1230         347.770           100               
GPU 0           0.943        0.583        1230         344.427           100               
GPU 0           0.921        0.491        1155         347.107           100               
GPU 0           0.947        0.650        1245         346.156           100               
GPU 0           0.946        0.590        1275         345.740           100               
GPU 0           0.945        0.588        1320         345.135           100               
#Entity         SMACT        TENSO        SMCLK        POWER             GPUTL             
ID                                                      W                                  
GPU 0           0.918        0.499        1170         348.084           100               
GPU 0           0.947        0.646        1215         346.610           100               
GPU 0           0.946        0.583        1200         347.179           100               
GPU 0           0.931        0.521        1365         346.918           100               
GPU 0           0.931        0.571        1140         348.449           100               
GPU 0           0.949        0.632        1275         347.815           100               
GPU 0           0.944        0.588        1245         347.076           100               
GPU 0           0.921        0.465        1275         347.630           100               
GPU 0           0.942        0.635        1110         348.038           100               
GPU 0           0.949        0.629        1215         347.898           100               
GPU 0           0.946        0.475        1200         347.316           100               
GPU 0           0.945        0.656        1110         346.051           100               
GPU 0           0.946        0.597        1245         348.265           100               
GPU 0           0.946        0.590        1260         346.209           100               
#Entity         SMACT        TENSO        SMCLK        POWER             GPUTL             
ID                                                      W                                  
GPU 0           0.924        0.481        1200         347.703           100               
GPU 0           0.945        0.660        1215         346.284           100               
GPU 0           0.945        0.593        1260         346.575           100               
GPU 0           0.945        0.586        1200         344.262           100               
GPU 0           0.919        0.486        1170         346.076           100               
GPU 0           0.948        0.659        1185         344.543           100               
GPU 0           0.945        0.588        1200         345.792           100               
GPU 0           0.944        0.588        1290         344.676           100               
GPU 0           0.920        0.494        1185         346.803           100               
GPU 0           0.947        0.644        1215         345.270           100               
GPU 0           0.945        0.589        1260         345.111           100               
GPU 0           0.940        0.562        1395         345.439           100               
GPU 0           0.922        0.524        1170         347.346           100               
GPU 0           0.949        0.644        1245         346.678           100               
#Entity         SMACT        TENSO        SMCLK        POWER             GPUTL             
ID                                                      W                                  
GPU 0           0.946        0.588        1185         345.823           100               
GPU 0           0.922        0.461        1305         345.839           100               
GPU 0           0.941        0.630        1125         345.680           100               
GPU 0           0.951        0.633        1230         346.854           100               
GPU 0           0.944        0.583        1215         345.710           100               
GPU 0           0.922        0.477        1215         346.157           100               
GPU 0           0.942        0.633        1140         345.399           100               
GPU 0           0.948        0.624        1275         346.614           100               
GPU 0           0.946        0.591        1230         344.837           100               
GPU 0           0.922        0.470        1215         347.455           100               
GPU 0           0.947        0.667        1155         345.624           100               
GPU 0           0.945        0.592        1215         345.729           100               
GPU 0           0.946        0.587        1200         345.992           100               
GPU 0           0.918        0.479        1170         346.996           100               
#Entity         SMACT        TENSO        SMCLK        POWER             GPUTL             
ID                                                      W                                  
GPU 0           0.947        0.662        1170         344.766           100               
GPU 0           0.946        0.592        1200         345.959           100               
GPU 0           0.944        0.586        1215         343.586           100               
GPU 0           0.922        0.493        1155         346.546           100               
GPU 0           0.947        0.647        1215         346.294           100               
GPU 0           0.945        0.593        1245         346.495           100               
GPU 0           0.945        0.590        1320         345.314           100               
GPU 0           0.920        0.495        1140         347.343           100               
GPU 0           0.948        0.647        1230         345.704           100               
GPU 0           0.945        0.594        1215         345.929           100               
GPU 0           0.939        0.549        1350         346.241           100               
GPU 0           0.925        0.543        1185         348.038           100               
GPU 0           0.949        0.644        1245         346.607           100               
GPU 0           0.945        0.584        1215         346.961           100               
#Entity         SMACT        TENSO        SMCLK        POWER             GPUTL             
ID                                                      W                                  
GPU 0           0.922        0.460        1260         346.522           100               
GPU 0           0.940        0.633        1125         346.885           100               
GPU 0           0.949        0.629        1245         348.103           100               
GPU 0           0.944        0.590        1245         347.048           100               
GPU 0           0.923        0.474        1230         348.101           100               
GPU 0           0.943        0.639        1170         348.412           100               
GPU 0           0.946        0.617        1260         348.668           100               
GPU 0           0.946        0.595        1230         346.348           100               
GPU 0           0.920        0.469        1260         349.434           100               
GPU 0           0.947        0.662        1140         347.799           100               
GPU 0           0.945        0.596        1230         347.723           100               
GPU 0           0.946        0.585        1200         347.273           100               
GPU 0           0.919        0.480        1185         348.137           100               
GPU 0           0.948        0.659        1170         346.016           100               
#Entity         SMACT        TENSO        SMCLK        POWER             GPUTL             
ID                                                      W                                  
GPU 0           0.945        0.590        1200         346.617           100               
GPU 0           0.943        0.588        1215         344.040           100               
GPU 0           0.920        0.491        1200         347.085           100               
GPU 0           0.947        0.647        1215         346.311           100               
GPU 0           0.946        0.591        1260         346.302           100               
GPU 0           0.946        0.596        1320         344.497           100               
GPU 0           0.921        0.494        1155         345.885           100               
GPU 0           0.948        0.645        1260         343.929           100               
GPU 0           0.946        0.595        1230         343.963           100               
GPU 0           0.939        0.545        1335         343.694           100               
GPU 0           0.927        0.546        1155         346.122           100               
GPU 0           0.950        0.644        1215         345.236           100               
GPU 0           0.947        0.585        1200         345.955           100               
GPU 0           0.920        0.462        1275         345.476           100               
#Entity         SMACT        TENSO        SMCLK        POWER             GPUTL             
ID                                                      W                                  
GPU 0           0.941        0.634        1125         347.101           100               
GPU 0           0.949        0.625        1245         346.993           100               
GPU 0           0.945        0.590        1260         346.974           100               
GPU 0           0.921        0.474        1230         349.029           100               
GPU 0           0.944        0.644        1155         348.224           100               
GPU 0           0.946        0.617        1245         348.844           100               
GPU 0           0.945        0.590        1215         346.064           100               
GPU 0           0.921        0.473        1200         348.750           100               
GPU 0           0.947        0.665        1140         345.909           100               
GPU 0           0.944        0.597        1260         347.146           100               
GPU 0           0.946        0.580        1200         345.423           100               
GPU 0           0.919        0.480        1230         345.769           100               
GPU 0           0.947        0.655        1170         344.633           100               
GPU 0           0.945        0.591        1230         345.319           100               
#Entity         SMACT        TENSO        SMCLK        POWER             GPUTL             
ID                                                      W                                  
GPU 0           0.944        0.588        1260         343.760           100               
GPU 0           0.920        0.489        1200         347.222           100               
GPU 0           0.948        0.648        1245         346.299           100               
GPU 0           0.946        0.595        1245         346.004           100               
GPU 0           0.944        0.590        1320         345.204           100               
GPU 0           0.919        0.494        1170         347.916           100               
GPU 0           0.948        0.651        1230         344.919           100               
GPU 0           0.945        0.592        1230         345.807           100               
GPU 0           0.936        0.531        1365         345.568           100               
GPU 0           0.928        0.553        1170         346.707           100               
GPU 0           0.950        0.640        1215         345.417           100               
GPU 0           0.944        0.585        1230         345.909           100               
GPU 0           0.922        0.467        1260         345.688           100               
GPU 0           0.941        0.634        1095         345.199           100               
#Entity         SMACT        TENSO        SMCLK        POWER             GPUTL             
ID                                                      W                                  
GPU 0           0.949        0.629        1245         346.012           100               
GPU 0           0.945        0.589        1215         345.196           100               
GPU 0           0.923        0.474        1200         347.270           100               
GPU 0           0.943        0.639        1155         347.079           100               
GPU 0           0.947        0.623        1260         347.437           100               
GPU 0           0.945        0.589        1245         345.036           100               
GPU 0           0.921        0.474        1245         347.807           100               
GPU 0           0.946        0.663        1140         346.304           100               
GPU 0           0.944        0.595        1245         346.595           100               
GPU 0           0.945        0.589        1200         345.760           100               
GPU 0           0.921        0.478        1200         347.388           100               
GPU 0           0.947        0.661        1170         345.510           100               
GPU 0           0.945        0.595        1215         344.831           100               
GPU 0           0.946        0.585        1215         344.405           100               
#Entity         SMACT        TENSO        SMCLK        POWER             GPUTL             
ID                                                      W                                  
GPU 0           0.918        0.488        1170         345.829           100               
GPU 0           0.948        0.655        1215         345.676           100               
GPU 0           0.944        0.585        1230         346.924           100               
GPU 0           0.944        0.587        1305         343.571           100               
GPU 0           0.919        0.496        1155         346.136           100               
GPU 0           0.948        0.649        1200         344.841           100               
GPU 0           0.944        0.587        1230         344.829           100               
GPU 0           0.942        0.574        1395         344.240           100               
GPU 0           0.922        0.516        1170         346.603           100               
GPU 0           0.949        0.640        1245         344.888           100               
GPU 0           0.945        0.594        1230         345.037           100               
GPU 0           0.925        0.476        1305         346.398           100               
GPU 0           0.938        0.616        1140         346.038           100               
GPU 0           0.948        0.635        1245         347.156           100               
#Entity         SMACT        TENSO        SMCLK        POWER             GPUTL             
ID                                                      W                                  
GPU 0           0.946        0.584        1170         347.163           100               
GPU 0           0.920        0.469        1245         347.979           100               
GPU 0           0.941        0.646        1080         347.849           100               
GPU 0           0.949        0.621        1230         348.384           100               
GPU 0           0.944        0.583        1200         347.992           100               
GPU 0           0.921        0.477        1230         348.488           100               
GPU 0           0.945        0.658        1125         347.677           100               
GPU 0           0.946        0.595        1230         348.110           100               
GPU 0           0.945        0.590        1200         346.652           100               
GPU 0           0.921        0.486        1215         347.708           100               
GPU 0           0.945        0.655        1200         345.797           100               
GPU 0           0.945        0.589        1260         347.613           100               
GPU 0           0.945        0.594        1230         344.260           100               
GPU 0           0.921        0.484        1200         347.525           100               
#Entity         SMACT        TENSO        SMCLK        POWER             GPUTL             
ID                                                      W                                  
GPU 0           0.947        0.658        1200         344.822           100               
GPU 0           0.946        0.593        1245         345.744           100               
GPU 0           0.944        0.589        1260         343.958           100               
GPU 0           0.920        0.487        1170         347.131           100               
GPU 0           0.948        0.654        1200         345.156           100               
GPU 0           0.945        0.590        1200         344.973           100               
GPU 0           0.945        0.584        1380         345.788           100               
GPU 0           0.920        0.498        1125         346.777           100               
GPU 0           0.950        0.649        1200         345.968           100               
GPU 0           0.947        0.587        1170         346.090           100               
GPU 0           0.931        0.524        1320         346.000           100               
GPU 0           0.930        0.568        1140         346.435           100               
GPU 0           0.950        0.582        1230         345.620           100               
GPU 0           0.920        0.465        1275         345.374           100               
#Entity         SMACT        TENSO        SMCLK        POWER             GPUTL             
ID                                                      W                                  
GPU 0           0.941        0.635        1110         346.970           100               
GPU 0           0.950        0.627        1245         347.254           100               
GPU 0           0.944        0.593        1245         345.588           100               
GPU 0           0.919        0.470        1260         346.757           100               
GPU 0           0.943        0.640        1155         347.340           100               
GPU 0           0.946        0.622        1245         347.396           100               
GPU 0           0.945        0.588        1230         347.091           100               
GPU 0           0.919        0.477        1200         349.387           100               
GPU 0           0.945        0.663        1140         346.737           100               
GPU 0           0.944        0.592        1275         348.064           100               
GPU 0           0.945        0.591        1245         346.246           100               
GPU 0           0.922        0.476        1215         347.714           100               
GPU 0           0.947        0.661        1170         346.762           100               
GPU 0           0.945        0.592        1215         346.483           100               
#Entity         SMACT        TENSO        SMCLK        POWER             GPUTL             
ID                                                      W                                  
GPU 0           0.946        0.586        1185         345.220           100               
GPU 0           0.917        0.488        1140         347.369           100               
GPU 0           0.947        0.665        1200         345.609           100               
GPU 0           0.945        0.590        1215         345.515           100               
GPU 0           0.944        0.589        1245         344.018           100               
GPU 0           0.918        0.490        1155         345.873           100               
GPU 0           0.948        0.655        1215         344.866           100               
GPU 0           0.945        0.586        1200         344.455           100               
GPU 0           0.944        0.586        1365         344.525           100               
GPU 0           0.920        0.498        1170         345.813           100               
GPU 0           0.948        0.639        1200         344.987           100               
GPU 0           0.945        0.588        1200         345.608           100               
GPU 0           0.931        0.519        1305         345.137           100               
GPU 0           0.932        0.581        1125         346.940           100               
#Entity         SMACT        TENSO        SMCLK        POWER             GPUTL             
ID                                                      W                                  
GPU 0           0.949        0.636        1215         345.797           100               
GPU 0           0.945        0.590        1200         345.880           100               
GPU 0           0.922        0.468        1305         345.630           100               
GPU 0           0.941        0.633        1110         345.889           100               
GPU 0           0.949        0.625        1260         345.802           100               
GPU 0           0.945        0.590        1260         345.252           100               
GPU 0           0.921        0.473        1215         346.164           100               
GPU 0           0.944        0.644        1140         345.728           100               
GPU 0           0.945        0.616        1245         347.521           100               
GPU 0           0.945        0.594        1245         345.206           100               
GPU 0           0.922        0.470        1200         347.644           100               
GPU 0           0.946        0.666        1170         346.651           100               
GPU 0           0.945        0.594        1260         347.347           100               
GPU 0           0.946        0.590        1215         346.888           100               
#Entity         SMACT        TENSO        SMCLK        POWER             GPUTL             
ID                                                      W                                  
GPU 0           0.921        0.480        1155         348.225           100               
GPU 0           0.946        0.661        1245         346.206           100               
GPU 0           0.944        0.591        1245         345.297           100               
GPU 0           0.945        0.585        1320         344.946           100               
GPU 0           0.919        0.490        1140         348.555           100               
GPU 0           0.949        0.656        1215         348.170           100               
GPU 0           0.945        0.590        1200         347.567           100               
GPU 0           0.943        0.587        1350         346.176           100               
GPU 0           0.920        0.495        1125         349.785           100               
GPU 0           0.949        0.653        1230         347.311           100               
GPU 0           0.944        0.588        1185         347.964           100               
GPU 0           0.944        0.584        1305         347.551           100               
GPU 0           0.917        0.504        1095         350.077           100               
GPU 0           0.948        0.640        1245         349.355           100               
#Entity         SMACT        TENSO        SMCLK        POWER             GPUTL             
ID                                                      W                                  
GPU 0           0.945        0.591        1215         347.567           100               
GPU 0           0.927        0.494        1230         346.026           100               
GPU 0           0.934        0.604        1110         346.267           100               
GPU 0           0.949        0.638        1230         345.821           100               
GPU 0           0.945        0.589        1215         344.574           100               
GPU 0           0.922        0.468        1230         345.178           100               
GPU 0           0.941        0.637        1125         345.470           100               
GPU 0           0.950        0.628        1260         346.795           100               
GPU 0           0.946        0.595        1260         344.676           100               
GPU 0           0.922        0.465        1200         346.298           100               
GPU 0           0.944        0.649        1185         345.197           100               
GPU 0           0.948        0.612        1245         346.093           100               
GPU 0           0.945        0.586        1200         345.528           100               
GPU 0           0.921        0.478        1185         348.431           100               
#Entity         SMACT        TENSO        SMCLK        POWER             GPUTL             
ID                                                      W                                  
GPU 0           0.948        0.661        1170         347.561           100               
GPU 0           0.945        0.597        1200         348.742           100               
GPU 0           0.945        0.587        1245         347.111           100               
GPU 0           0.921        0.489        1125         348.676           100               
GPU 0           0.947        0.655        1215         346.949           100               
GPU 0           0.945        0.593        1200         346.503           100               
GPU 0           0.944        0.587        1380         345.895           100               
GPU 0           0.920        0.491        1125         348.314           100               
GPU 0           0.948        0.652        1215         347.315           100               
GPU 0           0.945        0.595        1215         346.736           100               
GPU 0           0.945        0.589        1335         346.635           100               
GPU 0           0.921        0.500        1110         348.565           100               
GPU 0           0.948        0.646        1230         346.750           100               
GPU 0           0.945        0.591        1230         345.780           100               
#Entity         SMACT        TENSO        SMCLK        POWER             GPUTL             
ID                                                      W                                  
GPU 0           0.942        0.567        1275         345.567           100               
GPU 0           0.922        0.525        1095         346.063           100               
GPU 0           0.949        0.641        1275         346.360           100               
GPU 0           0.945        0.595        1230         344.580           100               
GPU 0           0.925        0.474        1260         346.283           100               
GPU 0           0.937        0.620        1170         346.083           100               
GPU 0           0.949        0.639        1260         347.845           100               
GPU 0           0.945        0.584        1200         346.223           100               
GPU 0           0.920        0.464        1200         347.256           100               
GPU 0           0.942        0.647        1125         346.650           100               
GPU 0           0.950        0.625        1245         346.856           100               
GPU 0           0.945        0.582        1200         347.364           100               
GPU 0           0.919        0.477        1185         348.603           100               
GPU 0           0.945        0.657        1155         346.427           100               
#Entity         SMACT        TENSO        SMCLK        POWER             GPUTL             
ID                                                      W                                  
GPU 0           0.946        0.599        1215         347.471           100               
GPU 0           0.944        0.586        1200         345.693           100               
GPU 0           0.922        0.487        1155         347.801           100               
GPU 0           0.946        0.655        1185         346.360           100               
GPU 0           0.946        0.596        1200         346.194           100               
GPU 0           0.946        0.590        1305         344.405           100               
GPU 0           0.921        0.486        1140         346.900           100               
GPU 0           0.946        0.658        1200         344.326           100               
GPU 0           0.945        0.593        1245         345.561           100               
GPU 0           0.945        0.592        1380         345.197           100               
GPU 0           0.921        0.490        1170         346.461           100               
GPU 0           0.949        0.655        1230         344.840           100               
GPU 0           0.946        0.594        1230         344.313           100               
GPU 0           0.945        0.590        1305         343.854           100               
#Entity         SMACT        TENSO        SMCLK        POWER             GPUTL             
ID                                                      W                                  
GPU 0           0.919        0.496        1095         345.653           100               
GPU 0           0.949        0.653        1245         346.612           100               
GPU 0           0.945        0.592        1230         344.874           100               
GPU 0           0.937        0.541        1275         346.339           100               
GPU 0           0.926        0.548        1095         346.366           100               
GPU 0           0.949        0.646        1260         348.055           100               
GPU 0           0.945        0.585        1200         346.347           100               
GPU 0           0.923        0.462        1245         347.007           100               
GPU 0           0.940        0.630        1140         346.715           100               
GPU 0           0.950        0.635        1215         347.402           100               
GPU 0           0.945        0.587        1185         346.138           100               
GPU 0           0.920        0.472        1155         347.343           100               
GPU 0           0.941        0.649        1155         346.412           100               
GPU 0           0.951        0.618        1200         347.114           100               
#Entity         SMACT        TENSO        SMCLK        POWER             GPUTL             
ID                                                      W                                  
GPU 0           0.944        0.587        1200         344.635           100               
GPU 0           0.920        0.476        1140         346.680           100               
GPU 0           0.945        0.661        1155         343.784           100               
GPU 0           0.947        0.600        1215         344.040           100               
GPU 0           0.945        0.587        1200         342.997           100               
GPU 0           0.921        0.485        1140         345.989           100               
GPU 0           0.947        0.657        1185         344.777           100               
GPU 0           0.944        0.591        1200         345.702           100               
GPU 0           0.945        0.594        1305         345.175           100               
GPU 0           0.922        0.483        1125         347.582           100               
GPU 0           0.947        0.660        1215         345.652           100               
GPU 0           0.945        0.593        1230         346.432           100               
GPU 0           0.944        0.588        1380         345.512           100               
GPU 0           0.919        0.492        1185         348.580           100               
#Entity         SMACT        TENSO        SMCLK        POWER             GPUTL             
ID                                                      W                                  
GPU 0           0.948        0.651        1245         348.914           100               
GPU 0           0.945        0.594        1230         346.672           100               
GPU 0           0.946        0.591        1305         346.271           100               
GPU 0           0.920        0.495        1095         346.664           100               
GPU 0           0.948        0.651        1245         347.158           100               
GPU 0           0.945        0.594        1230         344.389           100               
GPU 0           0.939        0.548        1260         345.702           100               
GPU 0           0.924        0.542        1080         345.419           100               
GPU 0           0.945        0.592        1245         344.241           100               
GPU 0           0.922        0.461        1230         345.651           100               
GPU 0           0.940        0.627        1155         345.430           100               
GPU 0           0.951        0.636        1215         346.340           100               
GPU 0           0.945        0.586        1185         345.232           100               
GPU 0           0.921        0.473        1155         346.740           100               
#Entity         SMACT        TENSO        SMCLK        POWER             GPUTL             
ID                                                      W                                  
GPU 0           0.942        0.648        1125         346.482           100               
GPU 0           0.951        0.623        1230         345.393           100               
GPU 0           0.946        0.588        1200         344.885           100               
GPU 0           0.920        0.474        1170         347.542           100               
GPU 0           0.946        0.660        1185         345.814           100               
GPU 0           0.946        0.592        1185         345.095           100               
GPU 0           0.944        0.587        1200         344.936           100               
GPU 0           0.921        0.488        1155         347.080           100               
GPU 0           0.946        0.655        1170         346.405           100               
GPU 0           0.945        0.596        1215         347.121           100               
GPU 0           0.946        0.590        1290         345.185           100               
GPU 0           0.920        0.486        1110         347.988           100               
GPU 0           0.947        0.658        1185         346.667           100               
GPU 0           0.946        0.594        1215         347.110           100               
#Entity         SMACT        TENSO        SMCLK        POWER             GPUTL             
ID                                                      W                                  
GPU 0           0.946        0.593        1380         346.759           100               
GPU 0           0.920        0.490        1155         348.390           100               
GPU 0           0.948        0.653        1230         346.846           100               
GPU 0           0.946        0.593        1230         346.211           100               
GPU 0           0.945        0.593        1335         345.333           100               
GPU 0           0.921        0.494        1080         346.559           100               
GPU 0           0.948        0.649        1215         346.991           100               
GPU 0           0.944        0.592        1200         345.373           100               
GPU 0           0.941        0.565        1275         345.950           100               
GPU 0           0.923        0.530        1080         345.106           100               
GPU 0           0.948        0.645        1230         345.482           100               
GPU 0           0.946        0.589        1245         343.810           100               
GPU 0           0.927        0.495        1230         343.787           100               
GPU 0           0.936        0.606        1110         344.252           100               
#Entity         SMACT        TENSO        SMCLK        POWER             GPUTL             
ID                                                      W                                  
GPU 0           0.949        0.637        1245         345.145           100               
GPU 0           0.946        0.593        1215         344.154           100               
GPU 0           0.922        0.466        1230         345.826           100               
GPU 0           0.942        0.636        1140         346.124           100               
GPU 0           0.948        0.631        1275         347.319           100               
GPU 0           0.944        0.590        1230         346.412           100               
GPU 0           0.922        0.468        1215         348.753           100               
GPU 0           0.945        0.654        1170         347.579           100               
GPU 0           0.946        0.605        1230         348.109           100               
GPU 0           0.946        0.586        1185         347.177           100               
GPU 0           0.920        0.482        1140         348.971           100               
GPU 0           0.948        0.664        1170         347.287           100               
GPU 0           0.946        0.598        1200         347.391           100               
GPU 0           0.946        0.589        1230         344.806           100               
#Entity         SMACT        TENSO        SMCLK        POWER             GPUTL             
ID                                                      W                                  
GPU 0           0.920        0.486        1125         347.860           100               
GPU 0           0.948        0.661        1200         345.641           100               
GPU 0           0.945        0.593        1185         345.661           100               
GPU 0           0.945        0.589        1335         344.483           100               
GPU 0           0.918        0.493        1185         347.083           100               
GPU 0           0.947        0.649        1215         345.450           100               
GPU 0           0.946        0.588        1155         346.242           100               
GPU 0           0.945        0.593        1335         346.192           100               
GPU 0           0.920        0.496        1140         348.049           100               
GPU 0           0.949        0.646        1200         346.107           100               
GPU 0           0.946        0.593        1185         345.945           100               
GPU 0           0.944        0.582        1305         346.550           100               
GPU 0           0.921        0.515        1095         347.011           100               
GPU 0           0.948        0.638        1215         347.273           100               
#Entity         SMACT        TENSO        SMCLK        POWER             GPUTL             
ID                                                      W                                  
GPU 0           0.945        0.590        1230         346.493           100               
GPU 0           0.928        0.498        1230         345.900           100               
GPU 0           0.936        0.601        1110         344.795           100               
GPU 0           0.949        0.640        1230         346.206           100               
GPU 0           0.945        0.590        1215         345.579           100               
GPU 0           0.924        0.466        1230         346.612           100               
GPU 0           0.941        0.637        1140         346.322           100               
GPU 0           0.950        0.630        1230         347.820           100               
GPU 0           0.945        0.594        1215         345.720           100               
GPU 0           0.920        0.472        1155         347.250           100               
GPU 0           0.944        0.645        1185         346.208           100               
GPU 0           0.947        0.618        1230         347.034           100               
GPU 0           0.945        0.594        1230         345.597           100               
GPU 0           0.922        0.470        1170         348.464           100               
#Entity         SMACT        TENSO        SMCLK        POWER             GPUTL             
ID                                                      W                                  
GPU 0           0.946        0.665        1200         346.650           100               
GPU 0           0.946        0.595        1215         347.215           100               
GPU 0           0.945        0.590        1215         344.839           100               
GPU 0           0.922        0.481        1110         347.168           100               
GPU 0           0.947        0.666        1230         346.274           100               
GPU 0           0.945        0.594        1245         345.811           100               
GPU 0           0.945        0.584        1305         344.993           100               
GPU 0           0.920        0.489        1140         347.984           100               
GPU 0           0.948        0.657        1230         347.425           100               
GPU 0           0.946        0.589        1185         345.633           100               
GPU 0           0.944        0.587        1350         346.870           100               
GPU 0           0.920        0.493        1155         347.557           100               
GPU 0           0.950        0.651        1215         345.997           100               
GPU 0           0.944        0.590        1170         346.628           100               
#Entity         SMACT        TENSO        SMCLK        POWER             GPUTL             
ID                                                      W                                  
GPU 0           0.945        0.588        1260         348.187           100               
GPU 0           0.920        0.504        1095         347.999           100               
GPU 0           0.950        0.647        1230         347.810           100               
GPU 0           0.943        0.588        1185         345.770           100               
GPU 0           0.931        0.517        1275         346.905           100               
GPU 0           0.931        0.575        1095         347.200           100               
GPU 0           0.949        0.633        1185         346.642           100               
GPU 0           0.946        0.594        1185         345.607           100               
GPU 0           0.920        0.467        1200         346.786           100               
GPU 0           0.941        0.637        1125         344.653           100               
GPU 0           0.949        0.630        1200         345.160           100               
GPU 0           0.945        0.590        1200         344.822           100               
GPU 0           0.920        0.474        1170         346.538           100               
GPU 0           0.942        0.639        1125         344.552           100               
#Entity         SMACT        TENSO        SMCLK        POWER             GPUTL             
ID                                                      W                                  
GPU 0           0.949        0.626        1200         346.527           100               
GPU 0           0.946        0.591        1200         344.945           100               
GPU 0           0.921        0.479        1185         345.837           100               
GPU 0           0.946        0.661        1140         346.061           100               
GPU 0           0.946        0.595        1170         346.306           100               
GPU 0           0.945        0.593        1215         345.661           100               
GPU 0           0.920        0.482        1125         347.501           100               
GPU 0           0.946        0.657        1185         346.545           100               
GPU 0           0.945        0.596        1200         346.910           100               
GPU 0           0.946        0.589        1335         346.114           100               
GPU 0           0.921        0.486        1170         348.311           100               
GPU 0           0.947        0.656        1215         346.794           100               
GPU 0           0.946        0.593        1215         347.431           100               
GPU 0           0.946        0.594        1365         345.171           100               
#Entity         SMACT        TENSO        SMCLK        POWER             GPUTL             
ID                                                      W                                  
GPU 0           0.921        0.491        1155         347.954           100               
GPU 0           0.947        0.650        1215         348.365           100               
GPU 0           0.945        0.593        1200         346.289           100               
GPU 0           0.945        0.593        1320         345.918           100               
GPU 0           0.921        0.498        1095         346.893           100               
GPU 0           0.949        0.647        1230         347.331           100               
GPU 0           0.946        0.593        1215         345.264           100               
GPU 0           0.941        0.563        1275         345.278           100               
GPU 0           0.925        0.530        1095         344.878           100               
GPU 0           0.949        0.644        1215         345.656           100               
GPU 0           0.945        0.592        1230         343.433           100               
GPU 0           0.929        0.499        1215         344.050           100               
GPU 0           0.934        0.602        1095         344.291           100               
GPU 0           0.949        0.638        1215         344.600           100               
#Entity         SMACT        TENSO        SMCLK        POWER             GPUTL             
ID                                                      W                                  
GPU 0           0.944        0.589        1215         344.080           100               
GPU 0           0.921        0.469        1215         344.081           100               
GPU 0           0.941        0.636        1110         343.402           100               
GPU 0           0.950        0.632        1230         345.009           100               
GPU 0           0.945        0.590        1215         343.950           100               
GPU 0           0.922        0.478        1155         345.659           100               
GPU 0           0.944        0.640        1170         346.038           100               
GPU 0           0.947        0.619        1245         347.709           100               
GPU 0           0.946        0.596        1245         345.801           100               
GPU 0           0.921        0.469        1155         348.069           100               
GPU 0           0.946        0.671        1185         346.530           100               
GPU 0           0.945        0.590        1230         347.538           100               
GPU 0           0.945        0.594        1215         345.081           100               
GPU 0           0.921        0.479        1185         348.400           100               
#Entity         SMACT        TENSO        SMCLK        POWER             GPUTL             
ID                                                      W                                  
GPU 0           0.948        0.662        1215         347.309           100               
GPU 0           0.945        0.595        1230         346.850           100               
GPU 0           0.945        0.486        1305         347.262           100               
GPU 0           0.947        0.662        1230         345.586           100               
GPU 0           0.946        0.592        1230         344.925           100               
GPU 0           0.946        0.590        1335         345.289           100               
GPU 0           0.920        0.487        1140         345.841           100               
GPU 0           0.948        0.660        1260         346.453           100               
GPU 0           0.945        0.589        1215         343.943           100               
GPU 0           0.946        0.590        1275         345.107           100               
GPU 0           0.917        0.499        1125         347.075           100               
GPU 0           0.950        0.649        1230         347.339           100               
GPU 0           0.945        0.591        1200         345.316           100               
GPU 0           0.937        0.538        1275         347.343           100               
#Entity         SMACT        TENSO        SMCLK        POWER             GPUTL             
ID                                                      W                                  
GPU 0           0.928        0.553        1095         347.824           100               
GPU 0           0.949        0.646        1245         347.462           100               
GPU 0           0.946        0.586        1200         347.160           100               
GPU 0           0.921        0.464        1230         348.824           100               
GPU 0           0.941        0.631        1155         348.132           100               
GPU 0           0.949        0.638        1230         348.305           100               
GPU 0           0.946        0.586        1170         346.322           100               
GPU 0           0.923        0.469        1170         347.804           100               
GPU 0           0.942        0.649        1125         347.824           100               
GPU 0           0.950        0.626        1230         347.351           100               
GPU 0           0.946        0.588        1200         345.579           100               
GPU 0           0.919        0.473        1170         348.061           100               
GPU 0           0.946        0.656        1155         346.244           100               
GPU 0           0.947        0.601        1215         346.572           100               
#Entity         SMACT        TENSO        SMCLK        POWER             GPUTL             
ID                                                      W                                  
GPU 0           0.944        0.585        1170         346.487           100               
GPU 0           0.921        0.485        1125         348.984           100               
GPU 0           0.947        0.660        1170         347.258           100               
GPU 0           0.945        0.595        1155         347.961           100               
GPU 0           0.944        0.591        1245         345.347           100               
GPU 0           0.922        0.489        1125         348.805           100               
GPU 0           0.948        0.656        1200         346.847           100               
GPU 0           0.945        0.595        1200         346.829           100               
GPU 0           0.943        0.587        1320         347.688           100               
GPU 0           0.922        0.497        1155         349.059           100               
GPU 0           0.948        0.652        1215         347.143           100               
GPU 0           0.945        0.588        1185         347.826           100               
GPU 0           0.945        0.594        1350         346.899           100               
GPU 0           0.920        0.494        1110         349.020           100               
#Entity         SMACT        TENSO        SMCLK        POWER             GPUTL             
ID                                                      W                                  
GPU 0           0.948        0.647        1185         348.674           100               
GPU 0           0.944        0.591        1185         346.702           100               
GPU 0           0.945        0.586        1275         347.548           100               
GPU 0           0.919        0.509        1095         348.420           100               
GPU 0           0.949        0.639        1185         348.154           100               
GPU 0           0.945        0.594        1200         347.274           100               
GPU 0           0.930        0.505        1215         347.249           100               
GPU 0           0.933        0.593        1095         345.462           100               
GPU 0           0.949        0.634        1200         345.892           100               
GPU 0           0.945        0.592        1215         345.030           100               
GPU 0           0.924        0.469        1170         345.699           100               
GPU 0           0.941        0.640        1110         344.394           100               
GPU 0           0.950        0.631        1200         345.513           100               
GPU 0           0.944        0.588        1185         343.359           100               
#Entity         SMACT        TENSO        SMCLK        POWER             GPUTL             
ID                                                      W                                  
GPU 0           0.922        0.477        1155         344.653           100               
GPU 0           0.942        0.644        1125         343.156           100               
GPU 0           0.951        0.622        1200         343.787           100               
GPU 0           0.944        0.591        1185         343.158           100               
GPU 0           0.920        0.475        1140         345.143           100               
GPU 0           0.945        0.659        1140         342.989           100               
GPU 0           0.947        0.601        1185         344.476           100               
GPU 0           0.945        0.590        1170         344.849           100               
GPU 0           0.921        0.483        1125         346.739           100               
GPU 0           0.947        0.665        1185         344.669           100               
GPU 0           0.946        0.597        1200         344.814           100               
GPU 0           0.945        0.588        1245         345.004           100               
GPU 0           0.920        0.488        1140         346.957           100               
GPU 0           0.948        0.660        1200         344.987           100               
#Entity         SMACT        TENSO        SMCLK        POWER             GPUTL             
ID                                                      W                                  
GPU 0           0.945        0.594        1185         344.896           100               
GPU 0           0.945        0.590        1350         345.084           100               
GPU 0           0.919        0.489        1140         347.301           100               
GPU 0           0.948        0.650        1215         345.666           100               
GPU 0           0.945        0.590        1155         346.504           100               
GPU 0           0.945        0.590        1335         346.664           100               
GPU 0           0.919        0.496        1140         347.650           100               
GPU 0           0.949        0.650        1200         346.700           100               
GPU 0           0.944        0.592        1170         345.741           100               
GPU 0           0.945        0.589        1275         347.378           100               
GPU 0           0.918        0.501        1095         346.690           100               
GPU 0           0.950        0.647        1215         347.013           100               
GPU 0           0.944        0.589        1185         345.749           100               
GPU 0           0.931        0.519        1230         346.718           100               
#Entity         SMACT        TENSO        SMCLK        POWER             GPUTL             
ID                                                      W                                  
GPU 0           0.933        0.577        1095         346.112           100               
GPU 0           0.950        0.638        1215         346.556           100               
GPU 0           0.944        0.588        1200         346.941           100               
GPU 0           0.923        0.472        1215         347.678           100               
GPU 0           0.941        0.635        1095         346.000           100               
GPU 0           0.950        0.632        1200         346.304           100               
GPU 0           0.945        0.588        1185         345.600           100               
GPU 0           0.923        0.478        1185         346.799           100               
GPU 0           0.942        0.637        1125         345.718           100               
GPU 0           0.950        0.625        1185         345.643           100               
GPU 0           0.944        0.590        1230         344.186           100               
GPU 0           0.919        0.479        1155         345.808           100               
GPU 0           0.945        0.663        1170         343.284           100               
GPU 0           0.946        0.595        1170         344.725           100               
#Entity         SMACT        TENSO        SMCLK        POWER             GPUTL             
ID                                                      W                                  
GPU 0           0.944        0.590        1305         344.389           100               
GPU 0           0.920        0.486        1155         346.951           100               
GPU 0           0.946        0.657        1215         346.766           100               
GPU 0           0.945        0.592        1185         348.601           100               
GPU 0           0.944        0.594        1320         346.622           100               
GPU 0           0.921        0.483        1125         347.940           100               
GPU 0           0.947        0.657        1230         346.672           100               
GPU 0           0.946        0.597        1170         347.593           100               
GPU 0           0.944        0.590        1290         347.947           100               
GPU 0           0.921        0.496        1125         349.285           100               
GPU 0           0.948        0.652        1215         347.725           100               
GPU 0           0.946        0.590        1170         347.814           100               
GPU 0           0.944        0.591        1230         346.328           100               
GPU 0           0.920        0.496        1095         347.024           100               
#Entity         SMACT        TENSO        SMCLK        POWER             GPUTL             
ID                                                      W                                  
GPU 0           0.947        0.643        1215         346.966           100               
GPU 0           0.946        0.596        1185         346.303           100               
GPU 0           0.943        0.575        1200         346.904           100               
GPU 0           0.919        0.518        1125         347.081           100               
GPU 0           0.948        0.639        1200         348.004           100               
GPU 0           0.945        0.594        1185         346.194           100               
GPU 0           0.930        0.504        1200         346.549           100               
GPU 0           0.934        0.593        1140         345.867           100               
GPU 0           0.949        0.634        1215         347.109           100               
GPU 0           0.945        0.590        1185         344.969           100               
GPU 0           0.921        0.469        1200         346.117           100               
GPU 0           0.941        0.637        1155         345.986           100               
GPU 0           0.950        0.632        1200         346.164           100               
GPU 0           0.945        0.588        1185         345.277           100               
#Entity         SMACT        TENSO        SMCLK        POWER             GPUTL             
ID                                                      W                                  
GPU 0           0.922        0.478        1125         347.275           100               
GPU 0           0.943        0.639        1170         346.140           100               
GPU 0           0.948        0.624        1155         347.126           100               
GPU 0           0.945        0.592        1275         346.196           100               
GPU 0           0.922        0.477        1125         348.479           100               
GPU 0           0.946        0.662        1215         347.004           100               
GPU 0           0.944        0.595        1170         348.221           100               
GPU 0           0.945        0.591        1365         346.625           100               
GPU 0           0.920        0.478        1125         348.774           100               
GPU 0           0.947        0.665        1200         347.101           100               
GPU 0           0.946        0.593        1170         346.778           100               
GPU 0           0.945        0.594        1335         346.147           100               
GPU 0           0.920        0.485        1125         347.398           100               
GPU 0           0.948        0.656        1200         345.874           100               
#Entity         SMACT        TENSO        SMCLK        POWER             GPUTL             
ID                                                      W                                  
GPU 0           0.945        0.594        1200         345.592           100               
GPU 0           0.945        0.592        1305         346.446           100               
GPU 0           0.920        0.492        1095         345.940           100               
GPU 0           0.947        0.650        1200         346.572           100               
GPU 0           0.945        0.592        1200         345.677           100               
GPU 0           0.944        0.593        1230         346.786           100               
GPU 0           0.920        0.494        1080         346.706           100               
GPU 0           0.948        0.650        1200         348.056           100               
GPU 0           0.945        0.594        1170         345.979           100               
GPU 0           0.941        0.563        1200         347.265           100               
GPU 0           0.949        0.648        1200         345.424           100               
GPU 0           0.945        0.588        1155         344.287           100               
GPU 0           0.930        0.504        1215         344.422           100               
GPU 0           0.935        0.597        1140         344.004           100               
#Entity         SMACT        TENSO        SMCLK        POWER             GPUTL             
ID                                                      W                                  
GPU 0           0.949        0.640        1200         344.902           100               
GPU 0           0.945        0.589        1200         343.859           100               
GPU 0           0.920        0.466        1170         344.943           100               
GPU 0           0.941        0.638        1155         343.365           100               
GPU 0           0.949        0.631        1215         344.759           100               
GPU 0           0.945        0.590        1170         344.092           100               
GPU 0           0.921        0.478        1125         346.514           100               
GPU 0           0.944        0.640        1170         345.324           100               
GPU 0           0.947        0.619        1200         347.519           100               
GPU 0           0.946        0.595        1305         345.549           100               
GPU 0           0.922        0.472        1125         347.552           100               
GPU 0           0.946        0.668        1185         346.490           100               
GPU 0           0.945        0.591        1170         346.819           100               
GPU 0           0.945        0.593        1380         346.153           100               
#Entity         SMACT        TENSO        SMCLK        POWER             GPUTL             
ID                                                      W                                  
GPU 0           0.920        0.478        1140         347.828           100               
GPU 0           0.947        0.664        1215         346.708           100               
GPU 0           0.945        0.592        1200         346.451           100               
GPU 0           0.945        0.594        1320         346.847           100               
GPU 0           0.921        0.484        1095         347.347           100               
GPU 0           0.947        0.658        1215         346.641           100               
GPU 0           0.946        0.592        1200         346.065           100               
GPU 0           0.945        0.594        1260         345.994           100               
GPU 0           0.919        0.489        1095         346.518           100               
GPU 0           0.948        0.653        1200         347.722           100               
GPU 0           0.946        0.594        1200         346.353           100               
GPU 0           0.945        0.594        1215         347.396           100               
GPU 0           0.920        0.495        1080         346.550           100               
GPU 0           0.948        0.651        1200         347.009           100               
#Entity         SMACT        TENSO        SMCLK        POWER             GPUTL             
ID                                                      W                                  
GPU 0           0.945        0.590        1170         344.917           100               
GPU 0           0.941        0.573        1215         346.685           100               
GPU 0           0.921        0.521        1110         344.974           100               
GPU 0           0.948        0.643        1200         344.645           100               
GPU 0           0.945        0.593        1170         344.608           100               
GPU 0           0.929        0.503        1185         345.256           100               
GPU 0           0.934        0.595        1140         343.482           100               
GPU 0           0.948        0.636        1200         343.852           100               
GPU 0           0.945        0.592        1185         343.392           100               
GPU 0           0.920        0.467        1140         344.824           100               
GPU 0           0.941        0.638        1170         342.734           100               
GPU 0           0.949        0.631        1215         343.053           100               
GPU 0           0.945        0.590        1185         342.942           100               
GPU 0           0.923        0.476        1125         344.603           100               
#Entity         SMACT        TENSO        SMCLK        POWER             GPUTL             
ID                                                      W                                  
GPU 0           0.942        0.642        1200         343.005           100               
GPU 0           0.950        0.623        1185         344.145           100               
GPU 0           0.944        0.588        1230         343.792           100               
GPU 0           0.922        0.480        1140         346.121           100               
GPU 0           0.945        0.664        1200         344.107           100               
GPU 0           0.945        0.596        1185         344.469           100               
GPU 0           0.945        0.589        1320         345.482           100               
GPU 0           0.920        0.488        1155         348.149           100               
GPU 0           0.947        0.657        1185         347.067           100               
GPU 0           0.945        0.592        1170         347.291           100               
GPU 0           0.945        0.593        1350         347.993           100               
GPU 0           0.921        0.488        1125         348.998           100               
GPU 0           0.947        0.657        1245         348.684           100               
GPU 0           0.945        0.591        1170         347.332           100               
#Entity         SMACT        TENSO        SMCLK        POWER             GPUTL             
ID                                                      W                                  
GPU 0           0.945        0.590        1290         348.848           100               
GPU 0           0.921        0.491        1125         348.800           100               
GPU 0           0.947        0.651        1215         348.958           100               
GPU 0           0.945        0.593        1185         346.784           100               
GPU 0           0.944        0.593        1185         347.438           100               
GPU 0           0.922        0.496        1080         346.899           100               
GPU 0           0.949        0.650        1230         347.293           100               
GPU 0           0.944        0.592        1170         345.141           100               
GPU 0           0.946        0.591        1200         347.193           100               
GPU 0           0.918        0.502        1155         346.090           100               
GPU 0           0.949        0.642        1215         345.553           100               
GPU 0           0.944        0.588        1185         345.396           100               
GPU 0           0.932        0.516        1200         347.168           100               
GPU 0           0.933        0.588        1125         345.677           100               
#Entity         SMACT        TENSO        SMCLK        POWER             GPUTL             
ID                                                      W                                  
GPU 0           0.949        0.636        1215         345.340           100               
GPU 0           0.945        0.589        1185         345.620           100               
GPU 0           0.921        0.472        1185         347.300           100               
GPU 0           0.942        0.635        1170         346.043           100               
GPU 0           0.949        0.631        1200         345.738           100               
GPU 0           0.945        0.587        1185         345.361           100               
GPU 0           0.921        0.477        1125         346.848           100               
GPU 0           0.942        0.643        1185         345.379           100               
GPU 0           0.951        0.622        1200         345.876           100               
GPU 0           0.945        0.587        1230         344.810           100               
GPU 0           0.921        0.480        1110         347.413           100               
GPU 0           0.946        0.662        1185         345.731           100               
GPU 0           0.947        0.603        1215         345.705           100               
GPU 0           0.944        0.589        1305         345.318           100               
#Entity         SMACT        TENSO        SMCLK        POWER             GPUTL             
ID                                                      W                                  
GPU 0           0.922        0.484        1110         347.156           100               
GPU 0           0.947        0.668        1230         345.368           100               
GPU 0           0.944        0.596        1215         345.532           100               
GPU 0           0.946        0.588        1350         345.484           100               
GPU 0           0.919        0.481        1125         346.252           100               
GPU 0           0.947        0.665        1245         344.859           100               
GPU 0           0.945        0.592        1215         344.646           100               
GPU 0           0.945        0.590        1305         345.214           100               
GPU 0           0.919        0.488        1095         346.039           100               
GPU 0           0.949        0.666        1230         345.895           100               
GPU 0           0.945        0.591        1200         344.360           100               
GPU 0           0.944        0.592        1275         344.681           100               
GPU 0           0.916        0.488        1095         345.326           100               
GPU 0           0.949        0.659        1215         345.671           100               
#Entity         SMACT        TENSO        SMCLK        POWER             GPUTL             
ID                                                      W                                  
GPU 0           0.946        0.591        1215         343.788           100               
GPU 0           0.944        0.591        1200         344.425           100               
GPU 0           0.917        0.493        1110         344.852           100               
GPU 0           0.948        0.652        1200         344.423           100               
GPU 0           0.945        0.593        1230         344.122           100               
GPU 0           0.937        0.548        1215         344.283           100               
GPU 0           0.925        0.542        1110         344.440           100               
GPU 0           0.948        0.642        1215         345.764           100               
GPU 0           0.946        0.596        1230         345.027           100               
GPU 0           0.925        0.479        1155         346.118           100               
GPU 0           0.938        0.618        1155         345.712           100               
GPU 0           0.949        0.635        1200         347.338           100               
GPU 0           0.945        0.594        1200         346.199           100               
GPU 0           0.921        0.464        1140         347.900           100               
#Entity         SMACT        TENSO        SMCLK        POWER             GPUTL             
ID                                                      W                                  
GPU 0           0.941        0.640        1155         347.733           100               
GPU 0           0.950        0.628        1170         348.021           100               
GPU 0           0.945        0.593        1200         346.496           100               
GPU 0           0.921        0.474        1125         349.053           100               
GPU 0           0.944        0.644        1185         348.680           100               
GPU 0           0.947        0.619        1170         348.549           100               
GPU 0           0.946        0.594        1305         346.996           100               
GPU 0           0.922        0.473        1125         348.288           100               
GPU 0           0.946        0.669        1170         347.180           100               
GPU 0           0.944        0.589        1200         346.802           100               
GPU 0           0.944        0.593        1380         345.578           100               
GPU 0           0.922        0.477        1155         347.037           100               
GPU 0           0.947        0.664        1200         346.656           100               
GPU 0           0.945        0.591        1215         345.824           100               
#Entity         SMACT        TENSO        SMCLK        POWER             GPUTL             
ID                                                      W                                  
GPU 0           0.944        0.594        1335         344.254           100               
GPU 0           0.919        0.483        1110         346.661           100               
GPU 0           0.948        0.659        1215         345.783           100               
