#Entity         SMACT        TENSO        SMCLK        POWER             GPUTL             
ID                                                      W                                  
GPU 0           N/A          N/A          1245         347.737           100               
GPU 0           0.905        0.575        1170         345.575           94                
GPU 0           0.945        0.611        1215         346.520           94                
GPU 0           0.945        0.598        1170         345.802           100               
GPU 0           0.921        0.482        1305         344.793           100               
GPU 0           0.942        0.649        1170         347.848           100               
GPU 0           0.949        0.637        1200         345.225           100               
GPU 0           0.944        0.603        1230         345.256           100               
GPU 0           0.945        0.602        1140         345.488           100               
GPU 0           0.923        0.491        1305         344.730           100               
GPU 0           0.946        0.660        1095         347.338           100               
GPU 0           0.946        0.616        1245         345.714           100               
GPU 0           0.945        0.606        1215         345.882           100               
GPU 0           0.945        0.598        1200         346.097           100               
GPU 0           0.919        0.503        1260         348.863           100               
#Entity         SMACT        TENSO        SMCLK        POWER             GPUTL             
ID                                                      W                                  
GPU 0           0.947        0.653        1095         346.316           100               
GPU 0           0.944        0.617        1245         345.835           100               
GPU 0           0.944        0.595        1230         346.667           100               
GPU 0           0.924        0.502        1170         344.186           100               
GPU 0           0.935        0.616        1200         346.849           100               
GPU 0           0.949        0.640        1200         345.451           100               
GPU 0           0.945        0.611        1245         347.499           100               
GPU 0           0.945        0.604        1215         346.720           100               
GPU 0           0.922        0.479        1365         345.761           100               
GPU 0           0.946        0.666        1110         348.020           100               
GPU 0           0.945        0.608        1170         345.675           100               
GPU 0           0.944        0.615        1215         347.203           100               
GPU 0           0.944        0.598        1170         346.292           100               
GPU 0           0.921        0.503        1260         348.063           100               
#Entity         SMACT        TENSO        SMCLK        POWER             GPUTL             
ID                                                      W                                  
GPU 0           0.946        0.650        1170         347.029           100               
GPU 0           0.946        0.608        1230         346.290           100               
GPU 0           0.946        0.610        1230         346.241           100               
GPU 0           0.936        0.554        1230         345.441           100               
GPU 0           0.927        0.551        1215         347.072           100               
GPU 0           0.948        0.645        1155         344.779           100               
GPU 0           0.946        0.610        1185         346.464           100               
GPU 0           0.945        0.615        1215         346.607           100               
GPU 0           0.921        0.477        1305         344.744           100               
GPU 0           0.942        0.641        1170         346.907           100               
GPU 0           0.948        0.636        1215         345.901           100               
GPU 0           0.946        0.609        1230         346.297           100               
GPU 0           0.944        0.607        1185         345.829           100               
GPU 0           0.920        0.488        1305         345.665           100               
#Entity         SMACT        TENSO        SMCLK        POWER             GPUTL             
ID                                                      W                                  
GPU 0           0.946        0.662        1095         346.815           100               
GPU 0           0.947        0.606        1200         345.698           100               
GPU 0           0.945        0.610        1230         346.063           100               
GPU 0           0.944        0.603        1170         345.658           100               
GPU 0           0.920        0.504        1200         347.987           100               
GPU 0           0.947        0.654        1110         346.135           100               
GPU 0           0.946        0.611        1245         346.222           100               
GPU 0           0.944        0.606        1215         345.671           100               
GPU 0           0.921        0.476        1230         344.377           100               
GPU 0           0.940        0.635        1185         347.282           100               
GPU 0           0.949        0.641        1170         345.175           100               
GPU 0           0.946        0.612        1215         345.371           100               
GPU 0           0.944        0.603        1185         345.142           100               
GPU 0           0.921        0.484        1350         344.189           100               
#Entity         SMACT        TENSO        SMCLK        POWER             GPUTL             
ID                                                      W                                  
GPU 0           0.945        0.666        1140         346.069           100               
GPU 0           0.946        0.614        1200         343.872           100               
GPU 0           0.944        0.604        1185         343.542           100               
GPU 0           0.945        0.601        1170         342.837           100               
GPU 0           0.920        0.498        1275         343.206           100               
GPU 0           0.947        0.662        1095         343.505           100               
GPU 0           0.944        0.612        1215         341.826           100               
GPU 0           0.945        0.598        1215         343.063           100               
GPU 0           0.945        0.605        1170         343.022           100               
GPU 0           0.918        0.514        1200         345.223           100               
GPU 0           0.949        0.656        1155         342.894           100               
GPU 0           0.944        0.601        1215         343.967           100               
GPU 0           0.945        0.602        1170         344.311           100               
GPU 0           0.922        0.482        1260         343.030           100               
#Entity         SMACT        TENSO        SMCLK        POWER             GPUTL             
ID                                                      W                                  
GPU 0           0.941        0.642        1200         345.878           100               
GPU 0           0.949        0.642        1200         342.656           100               
GPU 0           0.945        0.602        1215         344.635           100               
GPU 0           0.945        0.602        1155         344.374           100               
GPU 0           0.918        0.494        1335         343.987           100               
GPU 0           0.947        0.657        1140         345.452           100               
GPU 0           0.944        0.616        1230         344.055           100               
GPU 0           0.944        0.600        1200         345.088           100               
GPU 0           0.946        0.608        1170         345.542           100               
GPU 0           0.918        0.502        1245         348.629           100               
GPU 0           0.949        0.657        1125         348.377           100               
GPU 0           0.943        0.603        1185         347.525           100               
GPU 0           0.945        0.603        1140         347.912           100               
GPU 0           0.932        0.537        1230         345.412           100               
#Entity         SMACT        TENSO        SMCLK        POWER             GPUTL             
ID                                                      W                                  
GPU 0           0.930        0.578        1185         349.297           100               
GPU 0           0.948        0.646        1170         345.970           100               
GPU 0           0.945        0.603        1200         347.078           100               
GPU 0           0.946        0.612        1200         346.774           100               
GPU 0           0.918        0.485        1335         345.115           100               
GPU 0           0.943        0.652        1155         347.374           100               
GPU 0           0.946        0.622        1200         343.862           100               
GPU 0           0.945        0.603        1185         345.527           100               
GPU 0           0.945        0.615        1185         345.467           100               
GPU 0           0.920        0.491        1275         347.163           100               
GPU 0           0.946        0.663        1125         346.598           100               
GPU 0           0.945        0.601        1170         345.185           100               
GPU 0           0.946        0.610        1230         345.755           100               
GPU 0           0.945        0.610        1230         346.138           100               
#Entity         SMACT        TENSO        SMCLK        POWER             GPUTL             
ID                                                      W                                  
GPU 0           0.919        0.500        1200         348.068           100               
GPU 0           0.947        0.650        1170         346.124           100               
GPU 0           0.945        0.604        1170         345.861           100               
GPU 0           0.946        0.612        1200         345.478           100               
GPU 0           0.919        0.476        1200         343.123           100               
GPU 0           0.940        0.638        1215         345.755           100               
GPU 0           0.949        0.640        1170         343.467           100               
GPU 0           0.946        0.608        1200         345.127           100               
GPU 0           0.945        0.615        1200         345.540           100               
GPU 0           0.921        0.481        1335         345.323           100               
GPU 0           0.946        0.667        1095         346.232           100               
GPU 0           0.945        0.606        1170         344.016           100               
GPU 0           0.946        0.612        1215         345.244           100               
GPU 0           0.943        0.602        1170         344.988           100               
#Entity         SMACT        TENSO        SMCLK        POWER             GPUTL             
ID                                                      W                                  
GPU 0           0.919        0.504        1230         345.215           100               
GPU 0           0.947        0.650        1170         346.618           100               
GPU 0           0.946        0.612        1215         346.535           100               
GPU 0           0.944        0.613        1200         346.450           100               
GPU 0           0.941        0.571        1185         346.468           100               
GPU 0           0.921        0.536        1200         347.976           100               
GPU 0           0.949        0.647        1140         345.674           100               
GPU 0           0.945        0.613        1230         347.234           100               
GPU 0           0.945        0.601        1185         347.036           100               
GPU 0           0.921        0.480        1305         345.885           100               
GPU 0           0.941        0.647        1200         349.020           100               
GPU 0           0.950        0.635        1200         346.276           100               
GPU 0           0.944        0.606        1185         346.891           100               
GPU 0           0.944        0.600        1170         345.686           100               
#Entity         SMACT        TENSO        SMCLK        POWER             GPUTL             
ID                                                      W                                  
GPU 0           0.920        0.495        1305         345.094           100               
GPU 0           0.946        0.659        1095         345.962           100               
GPU 0           0.945        0.620        1230         345.074           100               
GPU 0           0.945        0.597        1200         345.500           100               
GPU 0           0.945        0.603        1155         344.490           100               
GPU 0           0.917        0.505        1230         346.304           100               
GPU 0           0.949        0.611        1125         345.201           100               
GPU 0           0.945        0.602        1200         346.182           100               
GPU 0           0.928        0.508        1185         345.569           100               
GPU 0           0.935        0.612        1155         348.448           100               
GPU 0           0.950        0.649        1200         346.415           100               
GPU 0           0.945        0.601        1200         347.041           100               
GPU 0           0.945        0.602        1185         346.149           100               
GPU 0           0.921        0.493        1350         345.305           100               
#Entity         SMACT        TENSO        SMCLK        POWER             GPUTL             
ID                                                      W                                  
GPU 0           0.946        0.664        1155         348.255           100               
GPU 0           0.945        0.612        1215         344.539           100               
GPU 0           0.946        0.603        1155         346.247           100               
GPU 0           0.947        0.611        1185         345.267           100               
GPU 0           0.918        0.492        1275         345.054           100               
GPU 0           0.948        0.667        1095         346.045           100               
GPU 0           0.943        0.602        1200         344.102           100               
GPU 0           0.945        0.603        1200         345.018           100               
GPU 0           0.946        0.618        1185         345.035           100               
GPU 0           0.920        0.501        1230         348.294           100               
GPU 0           0.948        0.654        1170         345.380           100               
GPU 0           0.945        0.600        1185         346.092           100               
GPU 0           0.946        0.612        1200         345.776           100               
GPU 0           0.919        0.480        1215         344.053           100               
#Entity         SMACT        TENSO        SMCLK        POWER             GPUTL             
ID                                                      W                                  
GPU 0           0.941        0.638        1170         347.132           100               
GPU 0           0.949        0.642        1155         345.216           100               
GPU 0           0.947        0.611        1185         346.921           100               
GPU 0           0.945        0.613        1215         346.497           100               
GPU 0           0.921        0.480        1350         346.013           100               
GPU 0           0.946        0.666        1155         347.302           100               
GPU 0           0.944        0.604        1185         346.041           100               
GPU 0           0.946        0.613        1215         346.348           100               
GPU 0           0.944        0.608        1170         346.195           100               
GPU 0           0.921        0.496        1230         347.446           100               
GPU 0           0.947        0.659        1140         346.583           100               
GPU 0           0.946        0.610        1200         346.061           100               
GPU 0           0.944        0.616        1230         346.062           100               
GPU 0           0.940        0.569        1170         346.215           100               
#Entity         SMACT        TENSO        SMCLK        POWER             GPUTL             
ID                                                      W                                  
GPU 0           0.923        0.541        1185         347.933           100               
GPU 0           0.949        0.648        1110         345.927           100               
GPU 0           0.945        0.616        1215         346.459           100               
GPU 0           0.945        0.598        1185         346.970           100               
GPU 0           0.923        0.478        1335         344.848           100               
GPU 0           0.941        0.649        1170         346.962           100               
GPU 0           0.949        0.635        1185         346.141           100               
GPU 0           0.944        0.604        1200         345.800           100               
GPU 0           0.945        0.601        1155         345.158           100               
GPU 0           0.919        0.499        1305         344.632           100               
GPU 0           0.948        0.660        1110         345.228           100               
GPU 0           0.944        0.617        1215         343.586           100               
GPU 0           0.944        0.600        1185         344.961           100               
GPU 0           0.946        0.607        1200         345.385           100               
#Entity         SMACT        TENSO        SMCLK        POWER             GPUTL             
ID                                                      W                                  
GPU 0           0.918        0.502        1200         346.924           100               
GPU 0           0.948        0.662        1140         345.747           100               
GPU 0           0.944        0.598        1200         346.281           100               
GPU 0           0.945        0.605        1185         346.847           100               
GPU 0           0.934        0.540        1200         345.616           100               
GPU 0           0.931        0.581        1170         349.147           100               
GPU 0           0.949        0.647        1185         346.162           100               
GPU 0           0.945        0.604        1185         346.894           100               
GPU 0           0.947        0.612        1125         346.348           100               
GPU 0           0.918        0.486        1305         344.929           100               
GPU 0           0.945        0.650        1155         346.448           100               
GPU 0           0.945        0.621        1200         344.092           100               
GPU 0           0.946        0.608        1200         345.373           100               
GPU 0           0.945        0.617        1185         344.621           100               
#Entity         SMACT        TENSO        SMCLK        POWER             GPUTL             
ID                                                      W                                  
GPU 0           0.919        0.484        1275         345.656           100               
GPU 0           0.946        0.662        1140         347.067           100               
GPU 0           0.945        0.606        1185         346.806           100               
GPU 0           0.946        0.615        1185         346.877           100               
GPU 0           0.945        0.603        1170         345.519           100               
GPU 0           0.920        0.506        1185         348.072           100               
GPU 0           0.948        0.652        1155         344.990           100               
GPU 0           0.946        0.616        1230         346.755           100               
GPU 0           0.944        0.602        1170         345.893           100               
GPU 0           0.928        0.506        1185         343.837           100               
GPU 0           0.934        0.614        1215         346.916           100               
GPU 0           0.950        0.642        1170         344.495           100               
GPU 0           0.944        0.612        1200         345.751           100               
GPU 0           0.944        0.600        1185         345.394           100               
#Entity         SMACT        TENSO        SMCLK        POWER             GPUTL             
ID                                                      W                                  
GPU 0           0.922        0.489        1260         345.839           100               
GPU 0           0.945        0.666        1080         346.032           100               
GPU 0           0.945        0.615        1185         345.445           100               
GPU 0           0.945        0.600        1200         344.999           100               
GPU 0           0.946        0.612        1185         345.490           100               
GPU 0           0.921        0.493        1260         348.156           100               
GPU 0           0.947        0.669        1110         347.137           100               
GPU 0           0.944        0.601        1200         345.660           100               
GPU 0           0.946        0.604        1185         345.726           100               
GPU 0           0.945        0.619        1185         344.311           100               
GPU 0           0.920        0.501        1185         346.874           100               
GPU 0           0.948        0.652        1185         346.580           100               
GPU 0           0.945        0.600        1200         346.941           100               
GPU 0           0.946        0.612        1170         347.987           100               
#Entity         SMACT        TENSO        SMCLK        POWER             GPUTL             
ID                                                      W                                  
GPU 0           0.919        0.478        1395         346.891           100               
GPU 0           0.941        0.640        1170         350.114           100               
GPU 0           0.950        0.642        1170         347.562           100               
GPU 0           0.946        0.607        1185         348.220           100               
GPU 0           0.945        0.615        1200         348.268           100               
GPU 0           0.921        0.481        1260         349.682           100               
GPU 0           0.946        0.665        1095         348.421           100               
GPU 0           0.944        0.606        1230         346.473           100               
GPU 0           0.947        0.609        1200         348.113           100               
GPU 0           0.944        0.610        1185         347.198           100               
GPU 0           0.917        0.494        1200         349.172           100               
GPU 0           0.946        0.658        1185         345.295           100               
GPU 0           0.946        0.608        1200         346.159           100               
GPU 0           0.945        0.615        1155         346.439           100               
#Entity         SMACT        TENSO        SMCLK        POWER             GPUTL             
ID                                                      W                                  
GPU 0           0.939        0.564        1215         344.586           100               
GPU 0           0.925        0.543        1185         348.448           100               
GPU 0           0.949        0.645        1095         346.024           100               
GPU 0           0.946        0.617        1215         347.638           100               
GPU 0           0.945        0.602        1185         346.211           100               
GPU 0           0.923        0.481        1335         345.077           100               
GPU 0           0.941        0.652        1125         346.440           100               
GPU 0           0.948        0.637        1200         345.318           100               
GPU 0           0.945        0.598        1200         346.415           100               
GPU 0           0.946        0.604        1185         345.915           100               
GPU 0           0.920        0.499        1260         347.455           100               
GPU 0           0.948        0.656        1155         346.589           100               
GPU 0           0.943        0.614        1230         346.058           100               
GPU 0           0.945        0.600        1230         345.202           100               
#Entity         SMACT        TENSO        SMCLK        POWER             GPUTL             
ID                                                      W                                  
GPU 0           0.947        0.614        1185         346.139           100               
GPU 0           0.920        0.499        1200         348.958           100               
GPU 0           0.947        0.663        1110         344.752           100               
GPU 0           0.946        0.604        1185         344.948           100               
GPU 0           0.946        0.618        1185         343.999           100               
GPU 0           0.938        0.561        1215         342.011           100               
GPU 0           0.925        0.548        1185         344.166           100               
GPU 0           0.949        0.646        1110         342.644           100               
GPU 0           0.945        0.618        1215         344.240           100               
GPU 0           0.944        0.482        1200         342.443           100               
GPU 0           0.942        0.638        1080         343.690           100               
GPU 0           0.949        0.648        1170         342.940           100               
GPU 0           0.944        0.601        1200         342.998           100               
GPU 0           0.945        0.604        1170         343.250           100               
#Entity         SMACT        TENSO        SMCLK        POWER             GPUTL             
ID                                                      W                                  
GPU 0           0.918        0.495        1260         344.920           100               
GPU 0           0.947        0.659        1155         343.836           100               
GPU 0           0.944        0.617        1200         344.365           100               
GPU 0           0.945        0.601        1200         344.842           100               
GPU 0           0.946        0.607        1185         346.000           100               
GPU 0           0.919        0.503        1200         348.675           100               
GPU 0           0.949        0.659        1110         347.358           100               
GPU 0           0.944        0.604        1200         347.649           100               
GPU 0           0.946        0.606        1200         348.487           100               
GPU 0           0.934        0.547        1200         346.274           100               
GPU 0           0.929        0.573        1170         348.509           100               
GPU 0           0.949        0.648        1200         347.312           100               
GPU 0           0.946        0.607        1185         348.351           100               
GPU 0           0.946        0.613        1125         348.167           100               
#Entity         SMACT        TENSO        SMCLK        POWER             GPUTL             
ID                                                      W                                  
GPU 0           0.920        0.479        1305         346.503           100               
GPU 0           0.943        0.649        1155         348.157           100               
GPU 0           0.946        0.623        1200         345.725           100               
GPU 0           0.946        0.613        1185         347.090           100               
GPU 0           0.944        0.611        1185         347.204           100               
GPU 0           0.920        0.491        1290         350.236           100               
GPU 0           0.946        0.660        1080         346.932           100               
GPU 0           0.946        0.617        1125         346.861           100               
GPU 0           0.944        0.603        1200         345.137           100               
GPU 0           0.945        0.605        1185         343.853           100               
GPU 0           0.920        0.503        1200         346.047           100               
GPU 0           0.949        0.657        1125         343.429           100               
GPU 0           0.944        0.609        1200         344.279           100               
GPU 0           0.945        0.601        1200         343.353           100               
#Entity         SMACT        TENSO        SMCLK        POWER             GPUTL             
ID                                                      W                                  
GPU 0           0.930        0.526        1200         342.499           100               
GPU 0           0.934        0.594        1140         344.673           100               
GPU 0           0.948        0.651        1185         341.929           100               
GPU 0           0.945        0.604        1140         342.435           100               
GPU 0           0.946        0.618        1125         343.112           100               
GPU 0           0.919        0.478        1320         342.965           100               
GPU 0           0.945        0.651        1185         343.963           100               
GPU 0           0.946        0.621        1200         341.914           100               
GPU 0           0.946        0.612        1155         343.783           100               
GPU 0           0.944        0.613        1185         343.515           100               
GPU 0           0.919        0.486        1230         345.932           100               
GPU 0           0.946        0.663        1080         343.689           100               
GPU 0           0.947        0.614        1140         344.816           100               
GPU 0           0.944        0.609        1185         344.821           100               
#Entity         SMACT        TENSO        SMCLK        POWER             GPUTL             
ID                                                      W                                  
GPU 0           0.945        0.599        1185         344.441           100               
GPU 0           0.920        0.503        1215         347.044           100               
GPU 0           0.949        0.663        1110         344.799           100               
GPU 0           0.944        0.605        1200         344.461           100               
GPU 0           0.945        0.604        1200         343.488           100               
GPU 0           0.931        0.534        1305         342.273           100               
GPU 0           0.932        0.588        1170         343.473           100               
GPU 0           0.949        0.650        1170         342.801           100               
GPU 0           0.945        0.601        1185         343.399           100               
GPU 0           0.947        0.614        1185         343.115           100               
GPU 0           0.918        0.484        1305         344.272           100               
GPU 0           0.944        0.651        1185         343.590           100               
GPU 0           0.946        0.620        1215         342.825           100               
GPU 0           0.946        0.608        1170         344.828           100               
#Entity         SMACT        TENSO        SMCLK        POWER             GPUTL             
ID                                                      W                                  
GPU 0           0.945        0.618        1170         345.188           100               
GPU 0           0.919        0.484        1230         348.085           100               
GPU 0           0.947        0.663        1125         347.269           100               
GPU 0           0.945        0.601        1185         346.307           100               
GPU 0           0.946        0.617        1155         346.105           100               
GPU 0           0.943        0.603        1200         344.490           100               
GPU 0           0.921        0.504        1170         347.425           100               
GPU 0           0.948        0.653        1095         344.305           100               
GPU 0           0.946        0.616        1200         345.804           100               
GPU 0           0.945        0.605        1185         345.541           100               
GPU 0           0.925        0.496        1170         342.980           100               
GPU 0           0.937        0.620        1200         345.207           100               
GPU 0           0.951        0.647        1170         342.823           100               
GPU 0           0.944        0.612        1215         345.338           100               
#Entity         SMACT        TENSO        SMCLK        POWER             GPUTL             
ID                                                      W                                  
GPU 0           0.945        0.599        1185         345.286           100               
GPU 0           0.921        0.487        1275         346.615           100               
GPU 0           0.945        0.662        1170         347.737           100               
GPU 0           0.946        0.621        1200         347.012           100               
GPU 0           0.945        0.596        1230         348.095           100               
GPU 0           0.946        0.605        1140         347.026           100               
GPU 0           0.919        0.501        1230         349.552           100               
GPU 0           0.947        0.665        1095         347.106           100               
GPU 0           0.944        0.602        1200         348.159           100               
GPU 0           0.946        0.604        1155         346.295           100               
GPU 0           0.946        0.618        1185         345.190           100               
GPU 0           0.918        0.503        1185         347.552           100               
GPU 0           0.948        0.653        1170         345.472           100               
GPU 0           0.945        0.605        1200         345.943           100               
#Entity         SMACT        TENSO        SMCLK        POWER             GPUTL             
ID                                                      W                                  
GPU 0           0.946        0.614        1140         346.052           100               
GPU 0           0.918        0.475        1350         343.380           100               
GPU 0           0.941        0.642        1185         345.954           100               
GPU 0           0.949        0.639        1185         343.799           100               
GPU 0           0.946        0.617        1200         344.078           100               
GPU 0           0.945        0.602        1155         343.516           100               
GPU 0           0.918        0.485        1275         343.973           100               
GPU 0           0.944        0.665        1185         345.038           100               
GPU 0           0.946        0.618        1200         343.846           100               
GPU 0           0.945        0.599        1200         344.180           100               
GPU 0           0.945        0.606        1155         343.559           100               
GPU 0           0.919        0.500        1215         346.165           100               
GPU 0           0.948        0.664        1095         344.857           100               
GPU 0           0.943        0.605        1230         344.865           100               
#Entity         SMACT        TENSO        SMCLK        POWER             GPUTL             
ID                                                      W                                  
GPU 0           0.945        0.601        1185         345.440           100               
GPU 0           0.946        0.616        1185         344.867           100               
GPU 0           0.918        0.504        1200         349.049           100               
GPU 0           0.948        0.654        1185         346.044           100               
GPU 0           0.945        0.602        1200         346.144           100               
GPU 0           0.946        0.616        1185         346.142           100               
GPU 0           0.921        0.476        1335         344.280           100               
GPU 0           0.940        0.643        1200         347.436           100               
GPU 0           0.949        0.640        1140         345.031           100               
GPU 0           0.945        0.617        1155         346.508           100               
GPU 0           0.944        0.600        1185         345.191           100               
GPU 0           0.921        0.486        1365         346.631           100               
GPU 0           0.945        0.663        1170         345.885           100               
GPU 0           0.947        0.618        1170         345.444           100               
#Entity         SMACT        TENSO        SMCLK        POWER             GPUTL             
ID                                                      W                                  
GPU 0           0.943        0.600        1200         344.880           100               
GPU 0           0.945        0.605        1140         344.893           100               
GPU 0           0.920        0.500        1275         347.645           100               
GPU 0           0.947        0.666        1080         344.987           100               
GPU 0           0.944        0.601        1185         347.286           100               
GPU 0           0.944        0.602        1155         348.300           100               
GPU 0           0.946        0.598        1140         347.488           100               
GPU 0           0.916        0.509        1185         349.874           100               
GPU 0           0.948        0.660        1170         346.227           100               
GPU 0           0.944        0.600        1200         346.351           100               
GPU 0           0.946        0.606        1185         347.187           100               
GPU 0           0.922        0.483        1230         345.830           100               
GPU 0           0.941        0.639        1155         349.030           100               
GPU 0           0.949        0.641        1170         347.386           100               
#Entity         SMACT        TENSO        SMCLK        POWER             GPUTL             
ID                                                      W                                  
GPU 0           0.946        0.604        1230         348.192           100               
GPU 0           0.947        0.611        1155         346.499           100               
GPU 0           0.920        0.490        1230         346.196           100               
GPU 0           0.945        0.666        1095         346.162           100               
GPU 0           0.945        0.607        1185         345.522           100               
GPU 0           0.945        0.615        1155         346.596           100               
GPU 0           0.945        0.603        1185         345.789           100               
GPU 0           0.921        0.500        1215         347.719           100               
GPU 0           0.947        0.617        1185         346.256           100               
GPU 0           0.944        0.606        1185         345.764           100               
GPU 0           0.943        0.591        1230         343.069           100               
GPU 0           0.919        0.520        1185         345.368           100               
GPU 0           0.950        0.656        1140         344.428           100               
GPU 0           0.943        0.606        1200         344.673           100               
#Entity         SMACT        TENSO        SMCLK        POWER             GPUTL             
ID                                                      W                                  
GPU 0           0.945        0.605        1155         343.320           100               
GPU 0           0.920        0.482        1335         342.566           100               
GPU 0           0.941        0.642        1155         345.765           100               
GPU 0           0.950        0.640        1200         343.876           100               
GPU 0           0.946        0.604        1200         344.388           100               
GPU 0           0.946        0.616        1155         343.972           100               
GPU 0           0.919        0.484        1275         344.714           100               
GPU 0           0.947        0.666        1095         344.664           100               
GPU 0           0.945        0.607        1155         343.825           100               
GPU 0           0.945        0.618        1155         344.763           100               
GPU 0           0.944        0.603        1185         345.074           100               
GPU 0           0.920        0.497        1185         346.971           100               
GPU 0           0.948        0.660        1110         343.883           100               
GPU 0           0.945        0.615        1200         345.475           100               
#Entity         SMACT        TENSO        SMCLK        POWER             GPUTL             
ID                                                      W                                  
GPU 0           0.944        0.599        1200         345.462           100               
GPU 0           0.945        0.599        1200         343.639           100               
GPU 0           0.920        0.519        1185         347.685           100               
GPU 0           0.950        0.655        1155         345.298           100               
GPU 0           0.944        0.605        1185         345.433           100               
GPU 0           0.945        0.605        1155         344.909           100               
GPU 0           0.922        0.482        1350         344.374           100               
GPU 0           0.941        0.641        1170         347.630           100               
GPU 0           0.950        0.641        1200         345.670           100               
GPU 0           0.945        0.605        1200         344.434           100               
GPU 0           0.945        0.617        1155         343.995           100               
GPU 0           0.919        0.482        1275         346.699           100               
GPU 0           0.946        0.661        1095         345.279           100               
GPU 0           0.943        0.601        1155         344.306           100               
#Entity         SMACT        TENSO        SMCLK        POWER             GPUTL             
ID                                                      W                                  
GPU 0           0.944        0.603        1095         346.648           100               
GPU 0           0.945        0.615        1095         346.777           100               
GPU 0           0.918        0.495        1200         348.795           100               
GPU 0           0.947        0.657        1095         344.865           100               
GPU 0           0.946        0.608        1185         345.774           100               
GPU 0           0.945        0.617        1185         347.529           100               
GPU 0           0.940        0.570        1170         345.615           100               
GPU 0           0.922        0.540        1155         349.136           100               
GPU 0           0.950        0.648        1140         346.433           100               
GPU 0           0.945        0.615        1215         347.827           100               
GPU 0           0.945        0.601        1185         347.198           100               
GPU 0           0.920        0.481        1305         346.142           100               
GPU 0           0.942        0.647        1095         348.182           100               
GPU 0           0.949        0.644        1170         346.358           100               
#Entity         SMACT        TENSO        SMCLK        POWER             GPUTL             
ID                                                      W                                  
GPU 0           0.944        0.600        1200         347.104           100               
GPU 0           0.945        0.608        1140         346.048           100               
GPU 0           0.921        0.491        1305         346.594           100               
GPU 0           0.947        0.657        1125         346.970           100               
GPU 0           0.943        0.615        1230         346.408           100               
GPU 0           0.946        0.603        1185         345.947           100               
GPU 0           0.947        0.618        1185         345.670           100               
GPU 0           0.918        0.497        1200         348.681           100               
GPU 0           0.946        0.658        1110         344.886           100               
GPU 0           0.945        0.604        1200         346.118           100               
GPU 0           0.945        0.617        1185         346.062           100               
GPU 0           0.939        0.568        1185         344.382           100               
GPU 0           0.924        0.543        1185         346.795           100               
GPU 0           0.949        0.647        1155         345.209           100               
#Entity         SMACT        TENSO        SMCLK        POWER             GPUTL             
ID                                                      W                                  
GPU 0           0.946        0.616        1155         346.577           100               
GPU 0           0.944        0.601        1185         345.559           100               
GPU 0           0.921        0.479        1320         345.634           100               
GPU 0           0.942        0.654        1095         346.701           100               
GPU 0           0.950        0.639        1200         346.231           100               
GPU 0           0.944        0.595        1200         347.877           100               
GPU 0           0.946        0.609        1185         346.786           100               
GPU 0           0.920        0.492        1290         349.436           100               
GPU 0           0.947        0.658        1140         348.279           100               
GPU 0           0.944        0.617        1215         347.631           100               
GPU 0           0.945        0.601        1200         346.832           100               
GPU 0           0.946        0.611        1170         347.898           100               
GPU 0           0.917        0.499        1215         350.918           100               
GPU 0           0.948        0.667        1125         347.613           100               
#Entity         SMACT        TENSO        SMCLK        POWER             GPUTL             
ID                                                      W                                  
GPU 0           0.945        0.600        1200         347.498           100               
GPU 0           0.946        0.616        1185         346.582           100               
GPU 0           0.939        0.567        1230         344.603           100               
GPU 0           0.923        0.549        1155         347.971           100               
GPU 0           0.949        0.646        1125         345.210           100               
GPU 0           0.946        0.616        1155         346.395           100               
GPU 0           0.945        0.602        1185         345.353           100               
GPU 0           0.921        0.481        1335         343.681           100               
GPU 0           0.941        0.653        1170         345.974           100               
GPU 0           0.949        0.639        1170         344.444           100               
GPU 0           0.944        0.598        1200         345.676           100               
GPU 0           0.946        0.607        1170         345.724           100               
GPU 0           0.919        0.490        1320         347.476           100               
GPU 0           0.947        0.657        1140         348.010           100               
#Entity         SMACT        TENSO        SMCLK        POWER             GPUTL             
ID                                                      W                                  
GPU 0           0.943        0.615        1200         346.412           100               
GPU 0           0.945        0.604        1200         346.245           100               
GPU 0           0.946        0.619        1185         346.187           100               
GPU 0           0.920        0.494        1215         348.392           100               
GPU 0           0.947        0.659        1125         345.825           100               
GPU 0           0.945        0.603        1200         345.952           100               
GPU 0           0.946        0.616        1155         346.067           100               
GPU 0           0.937        0.561        1275         343.673           100               
GPU 0           0.924        0.548        1200         347.012           100               
GPU 0           0.949        0.646        1155         344.864           100               
GPU 0           0.945        0.621        1185         345.146           100               
GPU 0           0.944        0.598        1185         345.632           100               
GPU 0           0.921        0.482        1290         345.166           100               
GPU 0           0.941        0.653        1140         346.433           100               
#Entity         SMACT        TENSO        SMCLK        POWER             GPUTL             
ID                                                      W                                  
GPU 0           0.949        0.636        1215         344.692           100               
GPU 0           0.945        0.598        1200         345.693           100               
GPU 0           0.945        0.604        1155         345.124           100               
GPU 0           0.919        0.497        1320         347.945           100               
GPU 0           0.947        0.656        1140         345.815           100               
GPU 0           0.943        0.614        1185         344.349           100               
GPU 0           0.945        0.604        1170         344.346           100               
GPU 0           0.946        0.621        1185         344.288           100               
GPU 0           0.919        0.493        1215         344.697           100               
GPU 0           0.947        0.660        1155         342.092           100               
GPU 0           0.947        0.607        1200         343.697           100               
GPU 0           0.945        0.614        1155         344.762           100               
GPU 0           0.940        0.568        1170         343.314           100               
GPU 0           0.924        0.544        1170         346.348           100               
#Entity         SMACT        TENSO        SMCLK        POWER             GPUTL             
ID                                                      W                                  
GPU 0           0.950        0.649        1140         343.810           100               
GPU 0           0.944        0.616        1200         345.141           100               
GPU 0           0.945        0.598        1185         345.750           100               
GPU 0           0.919        0.481        1320         345.202           100               
GPU 0           0.941        0.652        1200         348.276           100               
GPU 0           0.949        0.638        1185         347.158           100               
GPU 0           0.945        0.597        1230         347.329           100               
GPU 0           0.945        0.602        1185         346.206           100               
GPU 0           0.921        0.499        1200         346.609           100               
GPU 0           0.947        0.658        1170         346.079           100               
GPU 0           0.943        0.613        1200         344.952           100               
GPU 0           0.945        0.604        1200         344.291           100               
GPU 0           0.945        0.617        1215         343.563           100               
GPU 0           0.918        0.495        1140         347.189           100               
#Entity         SMACT        TENSO        SMCLK        POWER             GPUTL             
ID                                                      W                                  
GPU 0           0.946        0.658        1170         343.272           100               
GPU 0           0.945        0.603        1200         344.052           100               
GPU 0           0.947        0.613        1200         344.054           100               
GPU 0           0.934        0.551        1335         343.397           100               
GPU 0           0.928        0.561        1155         345.885           100               
GPU 0           0.948        0.647        1185         343.613           100               
GPU 0           0.946        0.617        1185         344.918           100               
GPU 0           0.944        0.603        1125         343.930           100               
GPU 0           0.922        0.480        1260         343.772           100               
GPU 0           0.941        0.653        1095         345.239           100               
GPU 0           0.949        0.639        1200         344.004           100               
GPU 0           0.945        0.596        1200         345.066           100               
GPU 0           0.920        0.496        1200         346.060           100               
GPU 0           0.947        0.662        1155         344.567           100               
#Entity         SMACT        TENSO        SMCLK        POWER             GPUTL             
ID                                                      W                                  
GPU 0           0.943        0.615        1200         344.585           100               
GPU 0           0.945        0.602        1185         346.125           100               
GPU 0           0.946        0.610        1230         345.498           100               
GPU 0           0.918        0.498        1140         348.997           100               
GPU 0           0.948        0.666        1125         346.815           100               
GPU 0           0.945        0.602        1200         345.675           100               
GPU 0           0.946        0.616        1200         345.398           100               
GPU 0           0.936        0.555        1335         343.556           100               
GPU 0           0.926        0.555        1155         345.529           100               
GPU 0           0.949        0.646        1185         344.408           100               
GPU 0           0.946        0.616        1170         344.889           100               
GPU 0           0.944        0.605        1140         343.002           100               
GPU 0           0.921        0.480        1260         343.251           100               
GPU 0           0.942        0.653        1095         343.472           100               
#Entity         SMACT        TENSO        SMCLK        POWER             GPUTL             
ID                                                      W                                  
GPU 0           0.948        0.638        1200         343.259           100               
GPU 0           0.944        0.597        1185         345.433           100               
GPU 0           0.946        0.605        1200         344.866           100               
GPU 0           0.922        0.498        1200         346.903           100               
GPU 0           0.947        0.656        1200         344.735           100               
GPU 0           0.944        0.617        1200         345.916           100               
GPU 0           0.945        0.601        1170         346.530           100               
GPU 0           0.947        0.607        1215         345.691           100               
GPU 0           0.919        0.503        1185         349.184           100               
GPU 0           0.948        0.666        1155         345.956           100               
GPU 0           0.944        0.599        1170         347.961           100               
GPU 0           0.946        0.607        1200         347.458           100               
GPU 0           0.933        0.546        1350         347.266           100               
GPU 0           0.928        0.569        1155         348.803           100               
#Entity         SMACT        TENSO        SMCLK        POWER             GPUTL             
ID                                                      W                                  
GPU 0           0.949        0.648        1185         348.344           100               
GPU 0           0.947        0.608        1200         348.386           100               
GPU 0           0.945        0.615        1170         348.360           100               
GPU 0           0.922        0.478        1215         348.643           100               
GPU 0           0.944        0.650        1140         349.567           100               
GPU 0           0.946        0.624        1185         348.813           100               
GPU 0           0.946        0.617        1185         347.853           100               
GPU 0           0.944        0.604        1140         347.234           100               
GPU 0           0.921        0.497        1200         349.489           100               
GPU 0           0.946        0.656        1170         346.657           100               
GPU 0           0.946        0.619        1230         347.272           100               
GPU 0           0.946        0.606        1200         347.634           100               
GPU 0           0.945        0.602        1260         346.045           100               
GPU 0           0.921        0.502        1140         347.783           100               
#Entity         SMACT        TENSO        SMCLK        POWER             GPUTL             
ID                                                      W                                  
GPU 0           0.950        0.661        1170         345.214           100               
GPU 0           0.943        0.609        1185         345.249           100               
GPU 0           0.945        0.601        1170         344.793           100               
GPU 0           0.932        0.540        1290         344.402           100               
GPU 0           0.933        0.584        1200         345.509           100               
GPU 0           0.948        0.646        1185         344.876           100               
GPU 0           0.946        0.606        1200         344.963           100               
GPU 0           0.946        0.614        1185         343.807           100               
GPU 0           0.922        0.485        1230         344.833           100               
GPU 0           0.944        0.649        1140         343.895           100               
GPU 0           0.945        0.621        1200         344.023           100               
GPU 0           0.946        0.611        1200         345.452           100               
GPU 0           0.944        0.614        1185         346.325           100               
GPU 0           0.922        0.487        1185         348.735           100               
#Entity         SMACT        TENSO        SMCLK        POWER             GPUTL             
ID                                                      W                                  
GPU 0           0.946        0.664        1140         345.779           100               
GPU 0           0.947        0.615        1185         345.721           100               
GPU 0           0.944        0.607        1155         345.526           100               
GPU 0           0.945        0.600        1305         343.536           100               
GPU 0           0.919        0.502        1140         345.978           100               
GPU 0           0.949        0.659        1185         345.312           100               
GPU 0           0.944        0.612        1155         345.624           100               
GPU 0           0.945        0.599        1170         344.798           100               
GPU 0           0.931        0.529        1320         343.677           100               
GPU 0           0.933        0.591        1080         344.424           100               
GPU 0           0.948        0.652        1200         342.983           100               
GPU 0           0.946        0.603        1215         343.747           100               
GPU 0           0.946        0.615        1170         343.353           100               
GPU 0           0.917        0.481        1245         346.169           100               
#Entity         SMACT        TENSO        SMCLK        POWER             GPUTL             
ID                                                      W                                  
GPU 0           0.944        0.650        1155         344.373           100               
GPU 0           0.947        0.624        1200         343.643           100               
GPU 0           0.946        0.616        1200         342.911           100               
GPU 0           0.944        0.607        1155         343.617           100               
GPU 0           0.921        0.493        1215         343.957           100               
GPU 0           0.947        0.659        1125         342.297           100               
GPU 0           0.946        0.622        1200         344.005           100               
GPU 0           0.945        0.598        1155         344.206           100               
GPU 0           0.946        0.607        1245         342.733           100               
GPU 0           0.922        0.504        1185         345.618           100               
GPU 0           0.948        0.660        1185         343.252           100               
GPU 0           0.944        0.602        1155         344.016           100               
GPU 0           0.945        0.604        1185         344.138           100               
GPU 0           0.931        0.540        1320         342.872           100               
#Entity         SMACT        TENSO        SMCLK        POWER             GPUTL             
ID                                                      W                                  
GPU 0           0.932        0.580        1080         346.718           100               
GPU 0           0.948        0.649        1200         344.907           100               
GPU 0           0.946        0.606        1200         345.030           100               
GPU 0           0.945        0.614        1185         345.604           100               
GPU 0           0.919        0.477        1245         347.106           100               
GPU 0           0.945        0.652        1140         346.383           100               
GPU 0           0.946        0.622        1200         346.435           100               
GPU 0           0.946        0.613        1200         346.090           100               
GPU 0           0.944        0.611        1170         346.234           100               
GPU 0           0.919        0.489        1185         350.208           100               
GPU 0           0.947        0.662        1110         344.973           100               
GPU 0           0.946        0.625        1170         346.146           100               
GPU 0           0.944        0.601        1155         346.624           100               
GPU 0           0.946        0.606        1245         344.129           100               
#Entity         SMACT        TENSO        SMCLK        POWER             GPUTL             
ID                                                      W                                  
GPU 0           0.920        0.502        1185         346.554           100               
GPU 0           0.948        0.667        1185         343.659           100               
GPU 0           0.944        0.599        1185         345.942           100               
GPU 0           0.946        0.600        1185         346.041           100               
GPU 0           0.931        0.540        1290         344.838           100               
GPU 0           0.933        0.585        1095         345.898           100               
GPU 0           0.948        0.651        1185         345.891           100               
GPU 0           0.946        0.605        1215         346.310           100               
GPU 0           0.945        0.616        1185         345.892           100               
GPU 0           0.921        0.479        1215         346.746           100               
GPU 0           0.944        0.648        1125         347.848           100               
GPU 0           0.948        0.630        1200         347.782           100               
GPU 0           0.946        0.615        1185         346.776           100               
GPU 0           0.944        0.603        1155         346.156           100               
#Entity         SMACT        TENSO        SMCLK        POWER             GPUTL             
ID                                                      W                                  
GPU 0           0.920        0.497        1200         349.596           100               
GPU 0           0.947        0.656        1155         345.305           100               
GPU 0           0.945        0.620        1185         346.495           100               
GPU 0           0.945        0.601        1170         346.606           100               
GPU 0           0.945        0.605        1245         343.942           100               
GPU 0           0.920        0.507        1140         347.987           100               
GPU 0           0.949        0.662        1155         344.824           100               
GPU 0           0.944        0.602        1155         345.622           100               
GPU 0           0.946        0.606        1185         344.662           100               
GPU 0           0.932        0.540        1335         344.441           100               
GPU 0           0.929        0.579        1095         346.356           100               
GPU 0           0.948        0.647        1200         344.667           100               
GPU 0           0.947        0.609        1200         346.357           100               
GPU 0           0.945        0.615        1170         346.487           100               
#Entity         SMACT        TENSO        SMCLK        POWER             GPUTL             
ID                                                      W                                  
GPU 0           0.919        0.477        1245         347.808           100               
GPU 0           0.943        0.647        1155         347.924           100               
GPU 0           0.946        0.627        1200         347.039           100               
GPU 0           0.946        0.616        1185         346.792           100               
GPU 0           0.944        0.602        1185         346.512           100               
GPU 0           0.922        0.495        1230         348.820           100               
GPU 0           0.946        0.657        1140         345.385           100               
GPU 0           0.946        0.623        1200         347.594           100               
GPU 0           0.945        0.599        1170         346.119           100               
GPU 0           0.945        0.605        1245         343.672           100               
GPU 0           0.921        0.661        1155         345.069           100               
GPU 0           0.944        0.603        1155         345.359           100               
GPU 0           0.944        0.607        1185         345.501           100               
GPU 0           0.934        0.545        1335         345.428           100               
#Entity         SMACT        TENSO        SMCLK        POWER             GPUTL             
ID                                                      W                                  
GPU 0           0.929        0.571        1125         347.310           100               
GPU 0           0.949        0.649        1185         346.151           100               
GPU 0           0.946        0.605        1215         346.105           100               
GPU 0           0.945        0.614        1155         346.394           100               
GPU 0           0.921        0.479        1215         348.652           100               
GPU 0           0.945        0.650        1155         347.178           100               
GPU 0           0.947        0.625        1185         346.062           100               
GPU 0           0.947        0.616        1170         346.191           100               
GPU 0           0.943        0.605        1170         346.589           100               
GPU 0           0.922        0.496        1185         348.036           100               
GPU 0           0.945        0.660        1170         344.760           100               
GPU 0           0.946        0.620        1200         345.676           100               
GPU 0           0.945        0.599        1185         346.516           100               
GPU 0           0.946        0.603        1260         344.531           100               
#Entity         SMACT        TENSO        SMCLK        POWER             GPUTL             
ID                                                      W                                  
GPU 0           0.919        0.507        1155         348.070           100               
GPU 0           0.949        0.658        1155         345.410           100               
GPU 0           0.944        0.607        1155         345.805           100               
GPU 0           0.946        0.606        1185         345.295           100               
GPU 0           0.933        0.543        1320         344.806           100               
GPU 0           0.931        0.577        1125         346.382           100               
GPU 0           0.949        0.649        1200         345.620           100               
GPU 0           0.946        0.606        1215         346.389           100               
GPU 0           0.947        0.610        1170         346.376           100               
GPU 0           0.919        0.484        1215         347.895           100               
GPU 0           0.944        0.650        1155         346.791           100               
GPU 0           0.947        0.623        1185         345.562           100               
GPU 0           0.947        0.615        1200         346.135           100               
GPU 0           0.943        0.609        1155         346.086           100               
#Entity         SMACT        TENSO        SMCLK        POWER             GPUTL             
ID                                                      W                                  
GPU 0           0.923        0.493        1170         348.866           100               
GPU 0           0.946        0.660        1125         345.281           100               
GPU 0           0.946        0.625        1200         345.197           100               
GPU 0           0.944        0.596        1155         345.434           100               
GPU 0           0.946        0.606        1275         343.738           100               
GPU 0           0.919        0.503        1170         346.228           100               
GPU 0           0.948        0.660        1170         344.528           100               
GPU 0           0.943        0.603        1170         345.154           100               
GPU 0           0.945        0.606        1185         344.302           100               
GPU 0           0.934        0.540        1335         343.918           100               
GPU 0           0.929        0.579        1095         346.050           100               
GPU 0           0.948        0.647        1185         344.714           100               
GPU 0           0.947        0.612        1230         346.367           100               
GPU 0           0.945        0.614        1170         346.129           100               
#Entity         SMACT        TENSO        SMCLK        POWER             GPUTL             
ID                                                      W                                  
GPU 0           0.919        0.475        1215         347.651           100               
GPU 0           0.943        0.648        1155         346.305           100               
GPU 0           0.947        0.624        1185         345.663           100               
GPU 0           0.946        0.618        1185         345.549           100               
GPU 0           0.944        0.603        1155         346.084           100               
GPU 0           0.921        0.495        1215         348.793           100               
GPU 0           0.947        0.661        1140         344.829           100               
GPU 0           0.946        0.623        1185         347.560           100               
GPU 0           0.945        0.597        1155         347.650           100               
GPU 0           0.946        0.607        1245         345.313           100               
GPU 0           0.920        0.505        1185         348.008           100               
GPU 0           0.949        0.661        1185         346.149           100               
GPU 0           0.944        0.600        1170         346.444           100               
GPU 0           0.945        0.607        1185         346.789           100               
#Entity         SMACT        TENSO        SMCLK        POWER             GPUTL             
ID                                                      W                                  
GPU 0           0.932        0.541        1335         346.326           100               
GPU 0           0.930        0.578        1095         348.846           100               
GPU 0           0.949        0.648        1185         346.488           100               
GPU 0           0.947        0.611        1230         346.826           100               
GPU 0           0.945        0.615        1155         347.075           100               
GPU 0           0.920        0.477        1230         348.819           100               
GPU 0           0.943        0.642        1125         348.363           100               
GPU 0           0.949        0.633        1200         347.933           100               
GPU 0           0.945        0.619        1170         347.337           100               
GPU 0           0.944        0.601        1170         347.497           100               
GPU 0           0.921        0.492        1200         350.438           100               
GPU 0           0.947        0.663        1155         345.998           100               
GPU 0           0.945        0.618        1200         347.806           100               
GPU 0           0.945        0.600        1185         348.237           100               
#Entity         SMACT        TENSO        SMCLK        POWER             GPUTL             
ID                                                      W                                  
GPU 0           0.946        0.603        1260         346.229           100               
GPU 0           0.920        0.505        1170         350.049           100               
GPU 0           0.948        0.658        1185         346.328           100               
GPU 0           0.944        0.603        1185         347.156           100               
GPU 0           0.946        0.603        1170         346.689           100               
GPU 0           0.933        0.542        1320         346.028           100               
GPU 0           0.930        0.579        1095         346.928           100               
GPU 0           0.948        0.647        1185         345.711           100               
GPU 0           0.947        0.611        1230         346.085           100               
GPU 0           0.945        0.613        1170         346.518           100               
GPU 0           0.919        0.478        1230         346.778           100               
GPU 0           0.944        0.646        1140         346.992           100               
GPU 0           0.948        0.630        1215         347.290           100               
GPU 0           0.946        0.616        1185         346.421           100               
#Entity         SMACT        TENSO        SMCLK        POWER             GPUTL             
ID                                                      W                                  
GPU 0           0.944        0.602        1155         346.530           100               
GPU 0           0.920        0.497        1200         349.681           100               
GPU 0           0.947        0.658        1125         346.504           100               
GPU 0           0.945        0.625        1200         348.257           100               
GPU 0           0.945        0.595        1155         348.166           100               
GPU 0           0.946        0.608        1260         345.100           100               
GPU 0           0.920        0.505        1155         348.246           100               
GPU 0           0.948        0.659        1170         345.510           100               
GPU 0           0.944        0.603        1185         346.568           100               
GPU 0           0.945        0.602        1155         346.047           100               
GPU 0           0.932        0.538        1290         345.722           100               
GPU 0           0.931        0.587        1095         346.517           100               
GPU 0           0.948        0.650        1185         345.977           100               
GPU 0           0.946        0.606        1215         345.962           100               
#Entity         SMACT        TENSO        SMCLK        POWER             GPUTL             
ID                                                      W                                  
GPU 0           0.946        0.614        1155         345.960           100               
GPU 0           0.921        0.478        1230         347.241           100               
GPU 0           0.943        0.647        1140         346.889           100               
GPU 0           0.946        0.627        1215         346.235           100               
GPU 0           0.947        0.612        1170         346.547           100               
GPU 0           0.943        0.608        1155         345.519           100               
GPU 0           0.919        0.493        1185         348.089           100               
GPU 0           0.947        0.659        1140         345.130           100               
GPU 0           0.946        0.623        1200         346.046           100               
GPU 0           0.945        0.599        1155         345.961           100               
GPU 0           0.946        0.609        1245         343.876           100               
GPU 0           0.918        0.503        1155         347.065           100               
GPU 0           0.948        0.666        1170         343.837           100               
GPU 0           0.944        0.598        1185         345.360           100               
#Entity         SMACT        TENSO        SMCLK        POWER             GPUTL             
ID                                                      W                                  
GPU 0           0.946        0.604        1185         344.591           100               
GPU 0           0.933        0.542        1335         344.663           100               
GPU 0           0.929        0.576        1125         346.635           100               
GPU 0           0.948        0.649        1185         345.830           100               
GPU 0           0.946        0.606        1215         346.449           100               
GPU 0           0.946        0.613        1170         346.609           100               
GPU 0           0.919        0.479        1200         348.512           100               
GPU 0           0.944        0.647        1140         347.350           100               
GPU 0           0.947        0.630        1200         347.106           100               
GPU 0           0.946        0.614        1170         346.905           100               
GPU 0           0.944        0.604        1170         346.279           100               
GPU 0           0.920        0.495        1215         348.736           100               
GPU 0           0.947        0.659        1125         345.346           100               
GPU 0           0.945        0.624        1185         346.154           100               
#Entity         SMACT        TENSO        SMCLK        POWER             GPUTL             
ID                                                      W                                  
GPU 0           0.945        0.598        1155         346.661           100               
GPU 0           0.946        0.606        1245         344.615           100               
GPU 0           0.919        0.505        1155         348.216           100               
GPU 0           0.949        0.664        1170         345.988           100               
GPU 0           0.944        0.602        1185         347.352           100               
GPU 0           0.946        0.602        1185         347.272           100               
GPU 0           0.932        0.546        1335         346.858           100               
GPU 0           0.929        0.576        1140         349.003           100               
GPU 0           0.949        0.648        1185         347.322           100               
GPU 0           0.946        0.607        1200         348.242           100               
GPU 0           0.945        0.614        1155         347.832           100               
GPU 0           0.921        0.478        1230         349.463           100               
GPU 0           0.943        0.645        1125         349.074           100               
GPU 0           0.948        0.634        1200         348.036           100               
#Entity         SMACT        TENSO        SMCLK        POWER             GPUTL             
ID                                                      W                                  
GPU 0           0.945        0.617        1200         347.854           100               
GPU 0           0.920        0.493        1200         350.426           100               
GPU 0           0.946        0.661        1155         346.413           100               
GPU 0           0.945        0.622        1185         347.995           100               
GPU 0           0.944        0.600        1185         348.065           100               
GPU 0           0.946        0.605        1245         346.513           100               
GPU 0           0.920        0.504        1200         350.306           100               
GPU 0           0.949        0.658        1155         347.245           100               
GPU 0           0.944        0.602        1155         347.759           100               
GPU 0           0.946        0.606        1200         346.754           100               
GPU 0           0.934        0.544        1335         346.168           100               
GPU 0           0.929        0.574        1125         347.381           100               
GPU 0           0.947        0.649        1185         347.859           100               
GPU 0           0.946        0.607        1215         347.386           100               
#Entity         SMACT        TENSO        SMCLK        POWER             GPUTL             
ID                                                      W                                  
GPU 0           0.946        0.614        1155         347.687           100               
GPU 0           0.920        0.478        1215         348.383           100               
GPU 0           0.943        0.646        1170         348.717           100               
GPU 0           0.947        0.626        1200         347.582           100               
GPU 0           0.946        0.617        1170         346.780           100               
GPU 0           0.944        0.603        1170         347.625           100               
GPU 0           0.921        0.495        1200         349.593           100               
GPU 0           0.946        0.661        1155         346.161           100               
GPU 0           0.945        0.622        1215         346.682           100               
GPU 0           0.945        0.597        1140         347.474           100               
GPU 0           0.945        0.606        1260         344.063           100               
GPU 0           0.919        0.504        1170         347.461           100               
GPU 0           0.949        0.661        1170         345.160           100               
GPU 0           0.944        0.602        1155         345.354           100               
#Entity         SMACT        TENSO        SMCLK        POWER             GPUTL             
ID                                                      W                                  
GPU 0           0.946        0.608        1185         345.437           100               
GPU 0           0.934        0.547        1335         344.551           100               
GPU 0           0.929        0.571        1155         346.296           100               
GPU 0           0.949        0.647        1185         345.011           100               
GPU 0           0.947        0.608        1230         345.611           100               
GPU 0           0.945        0.616        1170         345.229           100               
GPU 0           0.921        0.477        1200         348.006           100               
GPU 0           0.943        0.645        1170         346.825           100               
GPU 0           0.947        0.630        1185         345.958           100               
GPU 0           0.945        0.618        1200         345.652           100               
GPU 0           0.944        0.600        1170         346.081           100               
GPU 0           0.919        0.495        1200         349.063           100               
GPU 0           0.947        0.660        1140         346.699           100               
GPU 0           0.946        0.623        1215         347.630           100               
#Entity         SMACT        TENSO        SMCLK        POWER             GPUTL             
ID                                                      W                                  
GPU 0           0.945        0.596        1185         347.939           100               
GPU 0           0.945        0.607        1260         344.867           100               
GPU 0           0.920        0.504        1185         349.192           100               
GPU 0           0.948        0.660        1170         345.871           100               
GPU 0           0.944        0.602        1185         347.224           100               
GPU 0           0.945        0.605        1170         347.161           100               
GPU 0           0.933        0.544        1320         346.140           100               
GPU 0           0.930        0.577        1125         347.799           100               
GPU 0           0.948        0.649        1185         346.106           100               
GPU 0           0.947        0.607        1215         346.601           100               
GPU 0           0.944        0.616        1185         346.414           100               
GPU 0           0.918        0.475        1230         348.837           100               
GPU 0           0.943        0.645        1185         347.333           100               
GPU 0           0.946        0.626        1185         346.952           100               
#Entity         SMACT        TENSO        SMCLK        POWER             GPUTL             
ID                                                      W                                  
GPU 0           0.946        0.614        1185         346.400           100               
GPU 0           0.943        0.606        1200         345.725           100               
GPU 0           0.920        0.496        1155         348.408           100               
GPU 0           0.947        0.657        1140         345.622           100               
GPU 0           0.945        0.624        1215         345.526           100               
GPU 0           0.944        0.600        1200         345.913           100               
GPU 0           0.945        0.602        1350         344.639           100               
GPU 0           0.919        0.505        1170         348.178           100               
GPU 0           0.949        0.658        1170         345.784           100               
GPU 0           0.943        0.603        1215         345.819           100               
GPU 0           0.945        0.605        1170         345.457           100               
GPU 0           0.932        0.538        1260         346.301           100               
GPU 0           0.930        0.580        1095         347.550           100               
GPU 0           0.947        0.648        1200         346.626           100               
#Entity         SMACT        TENSO        SMCLK        POWER             GPUTL             
ID                                                      W                                  
GPU 0           0.946        0.603        1200         347.518           100               
GPU 0           0.945        0.615        1185         347.727           100               
GPU 0           0.919        0.479        1200         348.242           100               
GPU 0           0.944        0.650        1170         347.449           100               
GPU 0           0.946        0.622        1155         346.737           100               
GPU 0           0.946        0.617        1185         346.202           100               
GPU 0           0.943        0.605        1200         346.277           100               
GPU 0           0.922        0.495        1155         348.926           100               
GPU 0           0.946        0.659        1155         344.701           100               
GPU 0           0.946        0.623        1200         345.630           100               
GPU 0           0.945        0.599        1170         345.822           100               
GPU 0           0.946        0.608        1365         343.977           100               
GPU 0           0.921        0.503        1170         346.382           100               
GPU 0           0.947        0.661        1200         344.758           100               
#Entity         SMACT        TENSO        SMCLK        POWER             GPUTL             
ID                                                      W                                  
GPU 0           0.944        0.600        1185         345.533           100               
GPU 0           0.945        0.606        1125         345.838           100               
GPU 0           0.933        0.545        1260         345.966           100               
GPU 0           0.928        0.575        1095         346.460           100               
GPU 0           0.948        0.649        1200         346.613           100               
GPU 0           0.946        0.605        1185         347.231           100               
GPU 0           0.945        0.616        1215         347.022           100               
GPU 0           0.918        0.479        1200         348.969           100               
GPU 0           0.943        0.646        1170         346.128           100               
GPU 0           0.947        0.630        1170         347.427           100               
GPU 0           0.946        0.616        1200         347.184           100               
GPU 0           0.944        0.602        1200         345.147           100               
GPU 0           0.919        0.494        1155         349.577           100               
GPU 0           0.947        0.658        1155         345.663           100               
#Entity         SMACT        TENSO        SMCLK        POWER             GPUTL             
ID                                                      W                                  
GPU 0           0.946        0.623        1200         347.074           100               
GPU 0           0.945        0.598        1170         345.324           100               
GPU 0           0.946        0.607        1365         345.423           100               
GPU 0           0.919        0.505        1155         348.253           100               
GPU 0           0.948        0.662        1185         345.568           100               
GPU 0           0.944        0.603        1200         346.362           100               
GPU 0           0.945        0.604        1125         346.649           100               
GPU 0           0.934        0.547        1275         346.514           100               
GPU 0           0.929        0.575        1095         346.891           100               
GPU 0           0.949        0.649        1185         346.792           100               
GPU 0           0.946        0.607        1170         347.645           100               
GPU 0           0.945        0.615        1200         347.688           100               
GPU 0           0.921        0.475        1215         350.260           100               
GPU 0           0.943        0.648        1170         347.246           100               
#Entity         SMACT        TENSO        SMCLK        POWER             GPUTL             
ID                                                      W                                  
GPU 0           0.947        0.628        1170         347.703           100               
GPU 0           0.946        0.616        1170         348.144           100               
GPU 0           0.944        0.604        1200         345.725           100               
GPU 0           0.921        0.494        1155         350.445           100               
GPU 0           0.947        0.661        1155         346.934           100               
GPU 0           0.945        0.622        1200         348.150           100               
GPU 0           0.944        0.600        1170         347.627           100               
GPU 0           0.946        0.606        1365         346.831           100               
GPU 0           0.918        0.502        1185         349.397           100               
GPU 0           0.947        0.662        1200         347.652           100               
GPU 0           0.944        0.600        1185         348.558           100               
GPU 0           0.946        0.604        1155         348.464           100               
GPU 0           0.933        0.546        1260         348.737           100               
GPU 0           0.928        0.572        1095         348.712           100               
#Entity         SMACT        TENSO        SMCLK        POWER             GPUTL             
ID                                                      W                                  
GPU 0           0.948        0.647        1200         347.803           100               
GPU 0           0.946        0.607        1200         348.735           100               
GPU 0           0.944        0.615        1200         348.923           100               
GPU 0           0.921        0.478        1215         350.986           100               
GPU 0           0.944        0.649        1170         348.201           100               
GPU 0           0.946        0.624        1185         348.193           100               
GPU 0           0.947        0.614        1170         347.523           100               
GPU 0           0.943        0.609        1185         345.089           100               
GPU 0           0.921        0.493        1185         347.902           100               
GPU 0           0.947        0.659        1140         345.520           100               
GPU 0           0.946        0.622        1185         346.799           100               
GPU 0           0.944        0.600        1170         346.147           100               
GPU 0           0.946        0.606        1365         344.716           100               
GPU 0           0.920        0.505        1170         347.214           100               
#Entity         SMACT        TENSO        SMCLK        POWER             GPUTL             
ID                                                      W                                  
GPU 0           0.949        0.657        1185         344.707           100               
GPU 0           0.943        0.605        1200         344.972           100               
GPU 0           0.945        0.601        1125         344.586           100               
GPU 0           0.932        0.540        1230         345.020           100               
GPU 0           0.931        0.648        1095         344.918           100               
GPU 0           0.947        0.613        1200         345.228           100               
GPU 0           0.943        0.612        1155         345.637           100               
GPU 0           0.922        0.477        1200         348.065           100               
GPU 0           0.942        0.640        1110         346.048           100               
GPU 0           0.950        0.647        1215         346.336           100               
GPU 0           0.944        0.608        1185         345.643           100               
GPU 0           0.946        0.601        1170         343.966           100               
GPU 0           0.920        0.500        1170         347.152           100               
GPU 0           0.947        0.656        1185         346.235           100               
#Entity         SMACT        TENSO        SMCLK        POWER             GPUTL             
ID                                                      W                                  
GPU 0           0.943        0.614        1185         346.183           100               
GPU 0           0.945        0.606        1140         346.469           100               
GPU 0           0.945        0.619        1365         345.368           100               
GPU 0           0.921        0.494        1125         348.551           100               
GPU 0           0.947        0.658        1185         345.126           100               
GPU 0           0.945        0.605        1170         345.576           100               
GPU 0           0.947        0.614        1170         346.501           100               
GPU 0           0.937        0.563        1230         347.388           100               
GPU 0           0.925        0.552        1095         347.046           100               
GPU 0           0.948        0.646        1185         345.478           100               
GPU 0           0.945        0.618        1200         345.761           100               
GPU 0           0.944        0.601        1200         345.742           100               
GPU 0           0.923        0.479        1245         347.732           100               
GPU 0           0.941        0.650        1095         344.332           100               
#Entity         SMACT        TENSO        SMCLK        POWER             GPUTL             
ID                                                      W                                  
GPU 0           0.949        0.638        1230         345.991           100               
GPU 0           0.945        0.599        1200         345.993           100               
GPU 0           0.945        0.603        1170         344.632           100               
GPU 0           0.918        0.498        1155         348.644           100               
GPU 0           0.947        0.660        1155         346.547           100               
GPU 0           0.943        0.614        1185         346.593           100               
GPU 0           0.946        0.609        1155         346.919           100               
GPU 0           0.945        0.620        1350         346.240           100               
GPU 0           0.921        0.493        1185         348.089           100               
GPU 0           0.946        0.658        1185         345.009           100               
GPU 0           0.946        0.606        1155         347.579           100               
GPU 0           0.945        0.614        1215         346.273           100               
GPU 0           0.937        0.561        1260         346.367           100               
GPU 0           0.925        0.546        1125         347.855           100               
#Entity         SMACT        TENSO        SMCLK        POWER             GPUTL             
ID                                                      W                                  
GPU 0           0.948        0.643        1170         346.699           100               
GPU 0           0.946        0.618        1185         346.732           100               
GPU 0           0.944        0.604        1170         346.853           100               
GPU 0           0.922        0.480        1200         348.311           100               
GPU 0           0.941        0.646        1095         344.838           100               
GPU 0           0.949        0.639        1185         345.675           100               
GPU 0           0.946        0.603        1140         344.352           100               
GPU 0           0.945        0.618        1200         343.044           100               
GPU 0           0.921        0.484        1155         346.754           100               
GPU 0           0.946        0.667        1140         342.537           100               
GPU 0           0.945        0.607        1170         344.409           100               
GPU 0           0.945        0.614        1185         344.491           100               
GPU 0           0.944        0.604        1305         343.176           100               
GPU 0           0.919        0.496        1155         344.938           100               
#Entity         SMACT        TENSO        SMCLK        POWER             GPUTL             
ID                                                      W                                  
GPU 0           0.948        0.663        1185         344.343           100               
GPU 0           0.944        0.613        1215         346.003           100               
GPU 0           0.945        0.602        1155         346.090           100               
GPU 0           0.946        0.609        1305         347.247           100               
GPU 0           0.918        0.506        1095         346.933           100               
GPU 0           0.948        0.660        1200         345.916           100               
GPU 0           0.945        0.600        1200         345.551           100               
GPU 0           0.947        0.609        1155         346.955           100               
GPU 0           0.919        0.481        1215         348.426           100               
GPU 0           0.941        0.642        1125         345.823           100               
GPU 0           0.949        0.641        1200         346.281           100               
GPU 0           0.946        0.614        1185         346.294           100               
GPU 0           0.944        0.609        1200         344.545           100               
GPU 0           0.921        0.482        1125         347.132           100               
#Entity         SMACT        TENSO        SMCLK        POWER             GPUTL             
ID                                                      W                                  
GPU 0           0.945        0.667        1125         344.714           100               
GPU 0           0.946        0.617        1215         345.026           100               
GPU 0           0.944        0.602        1200         344.502           100               
GPU 0           0.946        0.603        1290         341.970           100               
GPU 0           0.919        0.503        1185         344.408           100               
GPU 0           0.948        0.667        1185         342.991           100               
GPU 0           0.944        0.604        1215         344.822           100               
GPU 0           0.946        0.603        1125         344.681           100               
GPU 0           0.946        0.620        1320         344.139           100               
GPU 0           0.919        0.500        1095         346.180           100               
GPU 0           0.948        0.652        1170         345.069           100               
GPU 0           0.946        0.606        1185         346.624           100               
GPU 0           0.945        0.617        1185         345.888           100               
GPU 0           0.921        0.472        1200         347.791           100               
#Entity         SMACT        TENSO        SMCLK        POWER             GPUTL             
ID                                                      W                                  
GPU 0           0.940        0.641        1125         345.729           100               
GPU 0           0.950        0.646        1200         347.156           100               
GPU 0           0.945        0.615        1215         347.340           100               
GPU 0           0.945        0.597        1170         346.445           100               
GPU 0           0.919        0.487        1200         349.950           100               
GPU 0           0.945        0.665        1140         346.350           100               
GPU 0           0.947        0.616        1185         346.110           100               
GPU 0           0.944        0.602        1170         345.683           100               
GPU 0           0.946        0.607        1305         344.863           100               
GPU 0           0.917        0.496        1140         347.918           100               
GPU 0           0.948        0.671        1170         346.114           100               
GPU 0           0.944        0.600        1200         346.515           100               
GPU 0           0.946        0.608        1155         346.865           100               
GPU 0           0.945        0.616        1320         346.484           100               
#Entity         SMACT        TENSO        SMCLK        POWER             GPUTL             
ID                                                      W                                  
GPU 0           0.920        0.499        1095         348.224           100               
GPU 0           0.948        0.652        1185         346.137           100               
GPU 0           0.946        0.606        1170         347.453           100               
GPU 0           0.946        0.617        1185         346.361           100               
GPU 0           0.921        0.472        1230         348.369           100               
GPU 0           0.940        0.641        1125         347.108           100               
GPU 0           0.951        0.642        1185         348.017           100               
GPU 0           0.945        0.616        1200         348.216           100               
GPU 0           0.944        0.599        1200         346.693           100               
GPU 0           0.922        0.486        1215         348.868           100               
GPU 0           0.946        0.665        1110         346.315           100               
GPU 0           0.947        0.615        1200         346.235           100               
GPU 0           0.943        0.601        1200         345.289           100               
GPU 0           0.945        0.607        1290         344.899           100               
#Entity         SMACT        TENSO        SMCLK        POWER             GPUTL             
ID                                                      W                                  
GPU 0           0.921        0.498        1185         347.343           100               
GPU 0           0.946        0.671        1200         344.443           100               
GPU 0           0.944        0.598        1230         345.308           100               
GPU 0           0.946        0.601        1125         345.484           100               
GPU 0           0.946        0.618        1305         344.841           100               
GPU 0           0.920        0.504        1125         346.404           100               
GPU 0           0.948        0.654        1185         344.541           100               
GPU 0           0.945        0.600        1155         346.075           100               
GPU 0           0.947        0.617        1155         346.108           100               
GPU 0           0.921        0.477        1245         347.392           100               
GPU 0           0.941        0.642        1125         344.820           100               
GPU 0           0.950        0.642        1200         346.097           100               
GPU 0           0.945        0.616        1215         345.884           100               
GPU 0           0.945        0.599        1185         344.763           100               
#Entity         SMACT        TENSO        SMCLK        POWER             GPUTL             
ID                                                      W                                  
GPU 0           0.921        0.486        1200         347.322           100               
GPU 0           0.946        0.662        1140         345.118           100               
GPU 0           0.948        0.611        1200         345.548           100               
GPU 0           0.944        0.612        1170         345.863           100               
GPU 0           0.945        0.598        1275         344.245           100               
GPU 0           0.919        0.505        1155         347.647           100               
GPU 0           0.947        0.667        1185         346.506           100               
GPU 0           0.944        0.603        1155         346.428           100               
GPU 0           0.945        0.617        1320         346.250           100               
GPU 0           0.918        0.500        1110         348.303           100               
GPU 0           0.948        0.655        1200         346.761           100               
GPU 0           0.945        0.601        1185         347.429           100               
GPU 0           0.947        0.613        1170         346.384           100               
GPU 0           0.920        0.479        1230         348.957           100               
#Entity         SMACT        TENSO        SMCLK        POWER             GPUTL             
ID                                                      W                                  
GPU 0           0.941        0.642        1095         346.163           100               
GPU 0           0.949        0.644        1185         346.323           100               
GPU 0           0.946        0.615        1185         346.483           100               
GPU 0           0.944        0.600        1200         345.671           100               
GPU 0           0.920        0.487        1200         347.216           100               
GPU 0           0.946        0.665        1125         345.579           100               
GPU 0           0.947        0.613        1200         346.570           100               
GPU 0           0.944        0.607        1200         345.266           100               
GPU 0           0.945        0.601        1305         343.468           100               
GPU 0           0.921        0.503        1125         346.709           100               
GPU 0           0.948        0.670        1185         344.981           100               
GPU 0           0.943        0.603        1185         345.990           100               
GPU 0           0.946        0.607        1140         346.344           100               
GPU 0           0.945        0.618        1320         345.966           100               
#Entity         SMACT        TENSO        SMCLK        POWER             GPUTL             
ID                                                      W                                  
GPU 0           0.918        0.499        1110         348.034           100               
GPU 0           0.948        0.652        1200         346.096           100               
GPU 0           0.946        0.603        1185         346.680           100               
GPU 0           0.945        0.615        1185         347.071           100               
GPU 0           0.922        0.474        1260         349.274           100               
GPU 0           0.941        0.641        1095         347.161           100               
GPU 0           0.949        0.642        1170         347.751           100               
GPU 0           0.945        0.618        1200         347.681           100               
GPU 0           0.944        0.598        1170         346.599           100               
GPU 0           0.920        0.487        1200         349.990           100               
GPU 0           0.945        0.666        1125         346.556           100               
GPU 0           0.947        0.617        1200         346.701           100               
GPU 0           0.945        0.602        1185         345.586           100               
GPU 0           0.946        0.606        1290         343.759           100               
#Entity         SMACT        TENSO        SMCLK        POWER             GPUTL             
ID                                                      W                                  
GPU 0           0.918        0.499        1200         347.179           100               
GPU 0           0.948        0.664        1170         345.038           100               
GPU 0           0.943        0.605        1200         345.869           100               
GPU 0           0.946        0.605        1170         346.222           100               
GPU 0           0.945        0.615        1305         345.920           100               
GPU 0           0.919        0.503        1125         347.104           100               
GPU 0           0.948        0.653        1200         346.210           100               
GPU 0           0.945        0.601        1185         347.273           100               
GPU 0           0.947        0.610        1185         347.807           100               
GPU 0           0.922        0.479        1200         349.197           100               
GPU 0           0.941        0.644        1125         346.710           100               
GPU 0           0.950        0.641        1185         346.214           100               
GPU 0           0.946        0.616        1185         346.175           100               
GPU 0           0.944        0.603        1215         344.982           100               
#Entity         SMACT        TENSO        SMCLK        POWER             GPUTL             
ID                                                      W                                  
GPU 0           0.921        0.487        1185         347.016           100               
GPU 0           0.946        0.664        1140         344.725           100               
GPU 0           0.947        0.612        1200         345.561           100               
GPU 0           0.944        0.609        1215         345.335           100               
GPU 0           0.945        0.600        1320         343.670           100               
GPU 0           0.920        0.498        1125         346.421           100               
GPU 0           0.949        0.671        1170         344.840           100               
GPU 0           0.942        0.604        1185         346.069           100               
GPU 0           0.946        0.608        1155         346.060           100               
GPU 0           0.945        0.617        1305         346.274           100               
GPU 0           0.919        0.499        1125         348.082           100               
GPU 0           0.948        0.652        1200         346.028           100               
GPU 0           0.945        0.602        1200         346.084           100               
GPU 0           0.946        0.611        1170         345.679           100               
#Entity         SMACT        TENSO        SMCLK        POWER             GPUTL             
ID                                                      W                                  
GPU 0           0.919        0.478        1230         347.363           100               
GPU 0           0.941        0.639        1110         345.255           100               
GPU 0           0.949        0.644        1170         345.852           100               
GPU 0           0.945        0.617        1185         345.526           100               
GPU 0           0.944        0.600        1185         344.925           100               
GPU 0           0.921        0.488        1185         346.436           100               
GPU 0           0.945        0.666        1110         343.807           100               
GPU 0           0.946        0.622        1215         344.724           100               
GPU 0           0.945        0.597        1185         345.253           100               
GPU 0           0.946        0.608        1320         343.709           100               
GPU 0           0.919        0.494        1155         347.203           100               
GPU 0           0.948        0.667        1185         345.948           100               
GPU 0           0.944        0.604        1185         347.219           100               
GPU 0           0.946        0.603        1155         347.275           100               
#Entity         SMACT        TENSO        SMCLK        POWER             GPUTL             
ID                                                      W                                  
GPU 0           0.945        0.618        1305         347.345           100               
GPU 0           0.919        0.498        1125         349.379           100               
GPU 0           0.948        0.653        1170         348.043           100               
GPU 0           0.945        0.604        1155         347.746           100               
GPU 0           0.946        0.618        1185         346.869           100               
GPU 0           0.923        0.473        1260         349.286           100               
GPU 0           0.941        0.639        1110         346.523           100               
GPU 0           0.949        0.641        1200         347.255           100               
GPU 0           0.945        0.616        1200         345.853           100               
GPU 0           0.944        0.600        1185         345.213           100               
GPU 0           0.924        0.488        1170         347.470           100               
GPU 0           0.945        0.665        1140         345.245           100               
GPU 0           0.947        0.616        1200         345.213           100               
GPU 0           0.944        0.603        1170         345.216           100               
#Entity         SMACT        TENSO        SMCLK        POWER             GPUTL             
ID                                                      W                                  
GPU 0           0.945        0.605        1290         344.248           100               
GPU 0           0.921        0.501        1200         347.499           100               
GPU 0           0.948        0.663        1200         343.660           100               
GPU 0           0.943        0.605        1185         344.315           100               
