#Entity         SMACT        TENSO        SMCLK        POWER             GPUTL             
ID                                                      W                                  
GPU 0           N/A          N/A          1350         344.542           100               
GPU 0           0.946        0.567        1140         347.155           100               
GPU 0           0.954        0.591        1395         344.231           100               
GPU 0           0.958        0.520        1440         343.911           100               
GPU 0           0.959        0.517        1440         344.735           100               
GPU 0           0.956        0.517        1455         343.526           100               
GPU 0           0.924        0.446        1335         343.827           100               
GPU 0           0.953        0.598        1380         344.976           100               
GPU 0           0.958        0.524        1365         345.694           100               
GPU 0           0.954        0.521        1395         345.101           100               
GPU 0           0.958        0.528        1410         343.623           100               
GPU 0           0.929        0.417        1305         344.711           100               
GPU 0           0.944        0.574        1185         347.456           100               
GPU 0           0.958        0.574        1395         345.574           100               
GPU 0           0.957        0.524        1395         345.300           100               
#Entity         SMACT        TENSO        SMCLK        POWER             GPUTL             
ID                                                      W                                  
GPU 0           0.957        0.528        1425         345.069           100               
GPU 0           0.946        0.456        1410         344.138           100               
GPU 0           0.934        0.506        1335         344.817           100               
GPU 0           0.949        0.602        1305         343.596           100               
GPU 0           0.957        0.524        1395         343.309           100               
GPU 0           0.957        0.524        1425         342.864           100               
GPU 0           0.959        0.517        1455         341.311           100               
GPU 0           0.928        0.422        1305         342.859           100               
GPU 0           0.943        0.572        1245         344.888           100               
GPU 0           0.958        0.579        1410         343.265           100               
GPU 0           0.959        0.520        1440         343.164           100               
GPU 0           0.958        0.519        1410         343.740           100               
GPU 0           0.934        0.422        1365         344.008           100               
GPU 0           0.941        0.551        1335         344.996           100               
#Entity         SMACT        TENSO        SMCLK        POWER             GPUTL             
ID                                                      W                                  
GPU 0           0.953        0.596        1395         344.388           100               
GPU 0           0.957        0.524        1425         344.708           100               
GPU 0           0.956        0.516        1395         345.126           100               
GPU 0           0.956        0.522        1485         342.698           100               
GPU 0           0.927        0.430        1320         343.679           100               
GPU 0           0.944        0.573        1200         346.960           100               
GPU 0           0.962        0.572        1410         344.631           100               
GPU 0           0.956        0.519        1395         343.968           100               
GPU 0           0.956        0.523        1395         343.524           100               
GPU 0           0.934        0.408        1380         343.669           100               
GPU 0           0.943        0.567        1350         346.697           100               
GPU 0           0.953        0.586        1365         344.121           100               
GPU 0           0.957        0.523        1395         343.957           100               
GPU 0           0.957        0.530        1410         344.487           100               
#Entity         SMACT        TENSO        SMCLK        POWER             GPUTL             
ID                                                      W                                  
GPU 0           0.958        0.518        1545         342.628           100               
GPU 0           0.928        0.428        1290         342.969           100               
GPU 0           0.945        0.583        1260         345.877           100               
GPU 0           0.959        0.564        1395         343.915           100               
GPU 0           0.957        0.520        1395         343.077           100               
GPU 0           0.958        0.520        1440         343.382           100               
GPU 0           0.933        0.407        1365         342.856           100               
GPU 0           0.946        0.570        1335         346.680           100               
GPU 0           0.954        0.594        1350         343.068           100               
GPU 0           0.957        0.526        1410         342.580           100               
GPU 0           0.958        0.518        1440         343.353           100               
GPU 0           0.959        0.519        1605         341.323           100               
GPU 0           0.925        0.434        1320         342.264           100               
GPU 0           0.947        0.587        1320         343.610           100               
#Entity         SMACT        TENSO        SMCLK        POWER             GPUTL             
ID                                                      W                                  
GPU 0           0.959        0.550        1410         343.535           100               
GPU 0           0.958        0.521        1425         343.312           100               
GPU 0           0.958        0.520        1395         343.022           100               
GPU 0           0.928        0.416        1350         340.931           100               
GPU 0           0.944        0.566        1275         346.684           100               
GPU 0           0.956        0.592        1395         342.709           100               
GPU 0           0.957        0.524        1425         342.931           100               
GPU 0           0.958        0.519        1395         344.971           100               
GPU 0           0.954        0.520        1560         342.758           100               
GPU 0           0.927        0.438        1350         344.950           100               
GPU 0           0.949        0.598        1260         346.119           100               
GPU 0           0.960        0.533        1395         345.054           100               
GPU 0           0.955        0.521        1380         344.842           100               
GPU 0           0.956        0.522        1395         344.938           100               
#Entity         SMACT        TENSO        SMCLK        POWER             GPUTL             
ID                                                      W                                  
GPU 0           0.931        0.419        1335         344.288           100               
GPU 0           0.946        0.567        1200         349.178           100               
GPU 0           0.957        0.589        1395         345.811           100               
GPU 0           0.955        0.521        1395         344.824           100               
GPU 0           0.956        0.524        1395         346.131           100               
GPU 0           0.958        0.530        1530         342.463           100               
GPU 0           0.926        0.430        1320         343.189           100               
GPU 0           0.948        0.604        1260         345.631           100               
GPU 0           0.957        0.524        1365         344.435           100               
GPU 0           0.957        0.525        1380         343.777           100               
GPU 0           0.957        0.529        1410         342.196           100               
GPU 0           0.932        0.411        1305         343.060           100               
GPU 0           0.944        0.567        1230         346.428           100               
GPU 0           0.955        0.587        1365         345.044           100               
#Entity         SMACT        TENSO        SMCLK        POWER             GPUTL             
ID                                                      W                                  
GPU 0           0.957        0.526        1380         344.474           100               
GPU 0           0.957        0.524        1410         345.095           100               
GPU 0           0.959        0.519        1500         344.081           100               
GPU 0           0.923        0.441        1350         344.981           100               
GPU 0           0.949        0.605        1290         346.391           100               
GPU 0           0.957        0.528        1395         345.770           100               
GPU 0           0.957        0.519        1425         345.704           100               
GPU 0           0.959        0.518        1425         344.618           100               
GPU 0           0.929        0.418        1305         344.900           100               
GPU 0           0.943        0.567        1140         346.918           100               
GPU 0           0.955        0.591        1380         344.119           100               
GPU 0           0.958        0.521        1425         343.854           100               
GPU 0           0.958        0.519        1410         345.163           100               
GPU 0           0.956        0.518        1455         343.572           100               
#Entity         SMACT        TENSO        SMCLK        POWER             GPUTL             
ID                                                      W                                  
GPU 0           0.922        0.446        1320         345.445           100               
GPU 0           0.952        0.601        1380         345.289           100               
GPU 0           0.958        0.525        1395         345.037           100               
GPU 0           0.956        0.519        1395         346.016           100               
GPU 0           0.956        0.524        1380         344.637           100               
GPU 0           0.929        0.425        1350         344.682           100               
GPU 0           0.947        0.568        1140         348.516           100               
GPU 0           0.958        0.585        1425         345.998           100               
GPU 0           0.958        0.523        1425         346.696           100               
GPU 0           0.955        0.519        1395         346.903           100               
GPU 0           0.953        0.502        1395         345.818           100               
GPU 0           0.928        0.465        1335         345.917           100               
GPU 0           0.953        0.599        1365         345.306           100               
GPU 0           0.958        0.527        1380         345.490           100               
#Entity         SMACT        TENSO        SMCLK        POWER             GPUTL             
ID                                                      W                                  
GPU 0           0.954        0.521        1395         344.837           100               
GPU 0           0.957        0.527        1395         343.602           100               
GPU 0           0.928        0.418        1290         344.295           100               
GPU 0           0.945        0.573        1140         347.902           100               
GPU 0           0.960        0.580        1410         344.966           100               
GPU 0           0.955        0.519        1380         345.313           100               
GPU 0           0.957        0.528        1395         344.877           100               
GPU 0           0.950        0.474        1380         344.139           100               
GPU 0           0.931        0.489        1320         346.242           100               
GPU 0           0.951        0.599        1290         344.555           100               
GPU 0           0.958        0.525        1380         343.576           100               
GPU 0           0.957        0.523        1410         342.157           100               
GPU 0           0.931        0.420        1305         343.415           100               
GPU 0           0.945        0.573        1200         346.730           100               
#Entity         SMACT        TENSO        SMCLK        POWER             GPUTL             
ID                                                      W                                  
GPU 0           0.958        0.576        1380         343.812           100               
GPU 0           0.957        0.527        1395         343.770           100               
GPU 0           0.957        0.524        1410         343.897           100               
GPU 0           0.945        0.456        1395         343.299           100               
GPU 0           0.933        0.510        1350         344.953           100               
GPU 0           0.951        0.603        1305         345.787           100               
GPU 0           0.957        0.521        1350         344.259           100               
GPU 0           0.957        0.528        1410         345.058           100               
GPU 0           0.958        0.518        1410         341.905           100               
GPU 0           0.929        0.423        1335         343.910           100               
GPU 0           0.945        0.569        1200         346.308           100               
GPU 0           0.956        0.578        1380         344.416           100               
GPU 0           0.957        0.526        1410         344.152           100               
GPU 0           0.958        0.520        1425         344.027           100               
#Entity         SMACT        TENSO        SMCLK        POWER             GPUTL             
ID                                                      W                                  
GPU 0           0.942        0.448        1410         344.685           100               
GPU 0           0.935        0.516        1305         345.974           100               
GPU 0           0.952        0.604        1305         345.992           100               
GPU 0           0.957        0.528        1395         345.605           100               
GPU 0           0.958        0.520        1425         346.850           100               
GPU 0           0.958        0.519        1455         344.156           100               
GPU 0           0.927        0.422        1275         344.645           100               
GPU 0           0.945        0.574        1245         346.664           100               
GPU 0           0.958        0.579        1410         344.967           100               
GPU 0           0.958        0.520        1425         345.397           100               
GPU 0           0.959        0.520        1425         346.040           100               
GPU 0           0.937        0.429        1365         343.737           100               
GPU 0           0.942        0.547        1320         345.050           100               
GPU 0           0.953        0.599        1350         343.903           100               
#Entity         SMACT        TENSO        SMCLK        POWER             GPUTL             
ID                                                      W                                  
GPU 0           0.956        0.527        1410         343.805           100               
GPU 0           0.959        0.519        1425         344.033           100               
GPU 0           0.959        0.519        1470         342.368           100               
GPU 0           0.925        0.429        1350         344.380           100               
GPU 0           0.944        0.568        1230         345.889           100               
GPU 0           0.958        0.578        1395         343.635           100               
GPU 0           0.958        0.523        1425         343.076           100               
GPU 0           0.958        0.520        1410         344.113           100               
GPU 0           0.936        0.425        1365         343.318           100               
GPU 0           0.941        0.550        1275         345.149           100               
GPU 0           0.953        0.598        1410         343.775           100               
GPU 0           0.957        0.526        1410         344.113           100               
GPU 0           0.958        0.519        1365         345.005           100               
GPU 0           0.956        0.518        1530         342.201           100               
#Entity         SMACT        TENSO        SMCLK        POWER             GPUTL             
ID                                                      W                                  
GPU 0           0.929        0.430        1320         345.026           100               
GPU 0           0.946        0.571        1290         345.716           100               
GPU 0           0.958        0.579        1410         343.642           100               
GPU 0           0.958        0.523        1395         343.090           100               
GPU 0           0.958        0.520        1365         343.458           100               
GPU 0           0.935        0.429        1320         343.491           100               
GPU 0           0.941        0.547        1275         344.502           100               
GPU 0           0.954        0.597        1410         343.571           100               
GPU 0           0.957        0.527        1410         342.360           100               
GPU 0           0.958        0.520        1395         343.988           100               
GPU 0           0.958        0.520        1545         341.480           100               
GPU 0           0.925        0.426        1305         344.019           100               
GPU 0           0.945        0.572        1305         345.501           100               
GPU 0           0.959        0.578        1410         344.100           100               
#Entity         SMACT        TENSO        SMCLK        POWER             GPUTL             
ID                                                      W                                  
GPU 0           0.958        0.522        1395         343.783           100               
GPU 0           0.958        0.520        1380         344.557           100               
GPU 0           0.936        0.426        1305         343.728           100               
GPU 0           0.942        0.548        1305         344.754           100               
GPU 0           0.951        0.597        1410         343.552           100               
GPU 0           0.957        0.526        1425         343.132           100               
GPU 0           0.958        0.520        1380         344.370           100               
GPU 0           0.958        0.520        1530         340.834           100               
GPU 0           0.927        0.430        1335         345.117           100               
GPU 0           0.946        0.568        1275         346.371           100               
GPU 0           0.959        0.579        1410         344.614           100               
GPU 0           0.958        0.523        1395         344.363           100               
GPU 0           0.958        0.519        1395         345.097           100               
GPU 0           0.933        0.424        1320         345.606           100               
#Entity         SMACT        TENSO        SMCLK        POWER             GPUTL             
ID                                                      W                                  
GPU 0           0.942        0.552        1275         346.699           100               
GPU 0           0.952        0.598        1380         345.601           100               
GPU 0           0.957        0.528        1410         344.552           100               
GPU 0           0.958        0.521        1395         345.877           100               
GPU 0           0.958        0.519        1560         342.732           100               
GPU 0           0.926        0.427        1305         345.712           100               
GPU 0           0.946        0.573        1335         345.611           100               
GPU 0           0.958        0.576        1410         345.447           100               
GPU 0           0.958        0.521        1395         344.806           100               
GPU 0           0.958        0.520        1395         344.937           100               
GPU 0           0.935        0.425        1305         343.173           100               
GPU 0           0.940        0.549        1305         347.147           100               
GPU 0           0.953        0.600        1380         345.375           100               
GPU 0           0.957        0.527        1425         344.634           100               
#Entity         SMACT        TENSO        SMCLK        POWER             GPUTL             
ID                                                      W                                  
GPU 0           0.958        0.520        1395         346.361           100               
GPU 0           0.958        0.520        1560         343.536           100               
GPU 0           0.926        0.427        1305         347.258           100               
GPU 0           0.945        0.571        1305         345.262           100               
GPU 0           0.959        0.578        1410         344.286           100               
GPU 0           0.958        0.522        1395         344.288           100               
GPU 0           0.958        0.520        1365         344.885           100               
GPU 0           0.937        0.431        1305         342.446           100               
GPU 0           0.939        0.544        1320         346.216           100               
GPU 0           0.952        0.601        1380         343.482           100               
GPU 0           0.956        0.528        1425         343.537           100               
GPU 0           0.958        0.520        1410         344.042           100               
GPU 0           0.958        0.518        1560         341.257           100               
GPU 0           0.926        0.425        1290         345.600           100               
#Entity         SMACT        TENSO        SMCLK        POWER             GPUTL             
ID                                                      W                                  
GPU 0           0.944        0.572        1305         344.422           100               
GPU 0           0.958        0.580        1425         343.491           100               
GPU 0           0.958        0.521        1410         343.689           100               
GPU 0           0.958        0.519        1380         344.475           100               
GPU 0           0.936        0.433        1320         344.448           100               
GPU 0           0.939        0.542        1290         347.076           100               
GPU 0           0.952        0.600        1380         344.133           100               
GPU 0           0.956        0.529        1410         343.964           100               
GPU 0           0.958        0.521        1410         344.894           100               
GPU 0           0.958        0.520        1545         342.420           100               
GPU 0           0.929        0.424        1320         344.473           100               
GPU 0           0.943        0.570        1305         345.684           100               
GPU 0           0.958        0.585        1410         344.890           100               
GPU 0           0.958        0.520        1410         345.127           100               
#Entity         SMACT        TENSO        SMCLK        POWER             GPUTL             
ID                                                      W                                  
GPU 0           0.958        0.521        1395         346.192           100               
GPU 0           0.941        0.442        1335         344.553           100               
GPU 0           0.937        0.526        1290         348.135           100               
GPU 0           0.951        0.609        1320         345.143           100               
GPU 0           0.958        0.520        1395         344.435           100               
GPU 0           0.957        0.530        1410         345.362           100               
GPU 0           0.957        0.521        1515         343.448           100               
GPU 0           0.928        0.422        1320         346.722           100               
GPU 0           0.946        0.570        1275         346.315           100               
GPU 0           0.958        0.575        1395         345.274           100               
GPU 0           0.957        0.531        1410         344.972           100               
GPU 0           0.957        0.520        1410         345.830           100               
GPU 0           0.945        0.455        1305         345.315           100               
GPU 0           0.934        0.514        1275         347.666           100               
#Entity         SMACT        TENSO        SMCLK        POWER             GPUTL             
ID                                                      W                                  
GPU 0           0.951        0.600        1350         347.854           100               
GPU 0           0.957        0.525        1380         347.222           100               
GPU 0           0.957        0.530        1425         348.074           100               
GPU 0           0.957        0.519        1515         344.801           100               
GPU 0           0.929        0.421        1320         347.812           100               
GPU 0           0.946        0.570        1275         348.070           100               
GPU 0           0.957        0.577        1395         346.733           100               
GPU 0           0.957        0.530        1425         346.310           100               
GPU 0           0.957        0.518        1425         346.701           100               
GPU 0           0.944        0.456        1320         347.618           100               
GPU 0           0.934        0.601        1320         345.227           100               
GPU 0           0.957        0.525        1380         344.574           100               
GPU 0           0.957        0.525        1410         345.216           100               
GPU 0           0.957        0.525        1500         342.870           100               
#Entity         SMACT        TENSO        SMCLK        POWER             GPUTL             
ID                                                      W                                  
GPU 0           0.930        0.419        1275         344.257           100               
GPU 0           0.945        0.573        1215         345.336           100               
GPU 0           0.958        0.577        1350         343.833           100               
GPU 0           0.957        0.523        1395         343.766           100               
GPU 0           0.957        0.526        1395         343.351           100               
GPU 0           0.951        0.485        1350         343.334           100               
GPU 0           0.929        0.479        1275         347.270           100               
GPU 0           0.950        0.598        1350         345.080           100               
GPU 0           0.957        0.529        1365         344.878           100               
GPU 0           0.957        0.524        1410         345.041           100               
GPU 0           0.957        0.526        1500         341.831           100               
GPU 0           0.930        0.420        1320         342.659           100               
GPU 0           0.945        0.571        1155         344.757           100               
GPU 0           0.958        0.587        1395         342.693           100               
#Entity         SMACT        TENSO        SMCLK        POWER             GPUTL             
ID                                                      W                                  
GPU 0           0.957        0.525        1395         342.555           100               
GPU 0           0.958        0.521        1380         342.745           100               
GPU 0           0.955        0.519        1335         341.317           100               
GPU 0           0.922        0.447        1320         346.218           100               
GPU 0           0.954        0.600        1365         344.396           100               
GPU 0           0.957        0.529        1380         344.800           100               
GPU 0           0.958        0.521        1350         345.695           100               
GPU 0           0.955        0.520        1455         343.007           100               
GPU 0           0.930        0.425        1260         344.326           100               
GPU 0           0.945        0.574        1230         345.907           100               
GPU 0           0.956        0.588        1410         344.861           100               
GPU 0           0.958        0.524        1425         345.110           100               
GPU 0           0.958        0.520        1380         345.011           100               
GPU 0           0.959        0.520        1380         344.823           100               
#Entity         SMACT        TENSO        SMCLK        POWER             GPUTL             
ID                                                      W                                  
GPU 0           0.923        0.443        1320         346.089           100               
GPU 0           0.950        0.608        1365         345.078           100               
GPU 0           0.956        0.529        1410         344.659           100               
GPU 0           0.958        0.521        1425         346.113           100               
GPU 0           0.958        0.520        1455         343.014           100               
GPU 0           0.930        0.419        1290         346.576           100               
GPU 0           0.946        0.569        1230         346.811           100               
GPU 0           0.956        0.592        1380         344.940           100               
GPU 0           0.957        0.524        1410         344.392           100               
GPU 0           0.958        0.521        1410         343.539           100               
GPU 0           0.959        0.519        1365         342.820           100               
GPU 0           0.924        0.442        1305         343.709           100               
GPU 0           0.950        0.610        1320         343.918           100               
GPU 0           0.958        0.525        1380         342.904           100               
#Entity         SMACT        TENSO        SMCLK        POWER             GPUTL             
ID                                                      W                                  
GPU 0           0.957        0.526        1425         344.260           100               
GPU 0           0.957        0.520        1425         342.304           100               
GPU 0           0.930        0.412        1290         344.379           100               
GPU 0           0.945        0.573        1215         346.634           100               
GPU 0           0.956        0.586        1380         345.215           100               
GPU 0           0.958        0.528        1395         344.516           100               
GPU 0           0.957        0.525        1425         344.817           100               
GPU 0           0.959        0.518        1380         345.692           100               
GPU 0           0.924        0.439        1260         346.500           100               
GPU 0           0.950        0.610        1290         346.346           100               
GPU 0           0.958        0.523        1365         345.288           100               
GPU 0           0.957        0.524        1410         344.627           100               
GPU 0           0.957        0.526        1410         343.229           100               
GPU 0           0.933        0.413        1305         344.148           100               
#Entity         SMACT        TENSO        SMCLK        POWER             GPUTL             
ID                                                      W                                  
GPU 0           0.945        0.568        1215         346.982           100               
GPU 0           0.954        0.584        1365         345.399           100               
GPU 0           0.957        0.528        1395         345.571           100               
GPU 0           0.957        0.526        1410         345.682           100               
GPU 0           0.957        0.523        1335         345.047           100               
GPU 0           0.926        0.435        1290         345.835           100               
GPU 0           0.948        0.609        1230         345.589           100               
GPU 0           0.960        0.532        1320         344.536           100               
GPU 0           0.957        0.524        1365         343.695           100               
GPU 0           0.955        0.521        1365         342.308           100               
GPU 0           0.932        0.419        1305         342.748           100               
GPU 0           0.945        0.567        1110         345.275           100               
GPU 0           0.955        0.599        1395         341.996           100               
GPU 0           0.957        0.526        1425         342.064           100               
#Entity         SMACT        TENSO        SMCLK        POWER             GPUTL             
ID                                                      W                                  
GPU 0           0.958        0.520        1395         342.430           100               
GPU 0           0.958        0.520        1380         342.273           100               
GPU 0           0.923        0.434        1290         343.450           100               
GPU 0           0.946        0.577        1320         344.200           100               
GPU 0           0.958        0.568        1395         343.448           100               
GPU 0           0.957        0.523        1425         344.735           100               
GPU 0           0.958        0.520        1395         343.981           100               
GPU 0           0.933        0.408        1275         343.149           100               
GPU 0           0.944        0.569        1155         346.465           100               
GPU 0           0.954        0.599        1350         344.326           100               
GPU 0           0.957        0.522        1395         343.144           100               
GPU 0           0.958        0.530        1425         343.340           100               
GPU 0           0.957        0.519        1410         343.829           100               
GPU 0           0.927        0.430        1305         345.149           100               
#Entity         SMACT        TENSO        SMCLK        POWER             GPUTL             
ID                                                      W                                  
GPU 0           0.945        0.578        1215         344.984           100               
GPU 0           0.962        0.570        1320         343.507           100               
GPU 0           0.958        0.524        1380         343.084           100               
GPU 0           0.954        0.520        1395         343.417           100               
GPU 0           0.933        0.412        1350         343.949           100               
GPU 0           0.945        0.564        1185         348.617           100               
GPU 0           0.955        0.599        1365         346.836           100               
GPU 0           0.957        0.527        1380         346.526           100               
GPU 0           0.955        0.519        1395         346.706           100               
GPU 0           0.956        0.524        1485         345.506           100               
GPU 0           0.931        0.429        1290         345.973           100               
GPU 0           0.945        0.574        1275         345.674           100               
GPU 0           0.958        0.581        1410         343.675           100               
GPU 0           0.958        0.523        1395         343.834           100               
#Entity         SMACT        TENSO        SMCLK        POWER             GPUTL             
ID                                                      W                                  
GPU 0           0.958        0.520        1365         344.036           100               
GPU 0           0.936        0.433        1320         341.745           100               
GPU 0           0.940        0.542        1275         345.327           100               
GPU 0           0.953        0.603        1335         342.538           100               
GPU 0           0.957        0.529        1395         341.375           100               
GPU 0           0.957        0.524        1425         342.468           100               
GPU 0           0.958        0.519        1545         342.025           100               
GPU 0           0.928        0.423        1305         344.983           100               
GPU 0           0.945        0.573        1215         346.497           100               
GPU 0           0.957        0.576        1380         344.776           100               
GPU 0           0.957        0.522        1380         344.331           100               
GPU 0           0.957        0.525        1410         344.005           100               
GPU 0           0.952        0.492        1380         343.278           100               
GPU 0           0.928        0.474        1305         346.877           100               
#Entity         SMACT        TENSO        SMCLK        POWER             GPUTL             
ID                                                      W                                  
GPU 0           0.950        0.597        1365         345.703           100               
GPU 0           0.957        0.527        1365         345.353           100               
GPU 0           0.957        0.525        1395         346.441           100               
GPU 0           0.957        0.528        1485         344.007           100               
GPU 0           0.931        0.421        1290         345.387           100               
GPU 0           0.945        0.573        1155         346.619           100               
GPU 0           0.956        0.589        1380         343.751           100               
GPU 0           0.957        0.526        1410         343.976           100               
GPU 0           0.958        0.521        1395         343.934           100               
GPU 0           0.959        0.520        1365         343.008           100               
GPU 0           0.923        0.443        1320         345.389           100               
GPU 0           0.950        0.609        1365         344.119           100               
GPU 0           0.956        0.529        1425         343.671           100               
GPU 0           0.958        0.520        1425         345.210           100               
#Entity         SMACT        TENSO        SMCLK        POWER             GPUTL             
ID                                                      W                                  
GPU 0           0.958        0.520        1455         343.551           100               
GPU 0           0.929        0.418        1290         344.972           100               
GPU 0           0.946        0.571        1230         346.822           100               
GPU 0           0.956        0.591        1365         344.808           100               
GPU 0           0.957        0.526        1410         344.689           100               
GPU 0           0.957        0.522        1425         343.780           100               
GPU 0           0.958        0.519        1380         344.256           100               
GPU 0           0.925        0.440        1290         344.834           100               
GPU 0           0.950        0.613        1275         344.944           100               
GPU 0           0.957        0.518        1365         343.099           100               
GPU 0           0.957        0.524        1395         344.281           100               
GPU 0           0.957        0.530        1395         341.637           100               
GPU 0           0.931        0.413        1275         345.375           100               
GPU 0           0.945        0.591        1170         345.446           100               
#Entity         SMACT        TENSO        SMCLK        POWER             GPUTL             
ID                                                      W                                  
GPU 0           0.957        0.524        1365         345.782           100               
GPU 0           0.955        0.520        1380         345.692           100               
GPU 0           0.956        0.524        1395         345.120           100               
GPU 0           0.924        0.434        1260         345.927           100               
GPU 0           0.947        0.597        1335         346.185           100               
GPU 0           0.959        0.541        1350         345.988           100               
GPU 0           0.958        0.523        1350         345.680           100               
GPU 0           0.957        0.521        1395         343.470           100               
GPU 0           0.929        0.417        1320         344.777           100               
GPU 0           0.946        0.567        1125         347.337           100               
GPU 0           0.952        0.598        1380         343.991           100               
GPU 0           0.956        0.527        1410         343.134           100               
GPU 0           0.958        0.521        1425         343.603           100               
GPU 0           0.958        0.520        1440         343.075           100               
#Entity         SMACT        TENSO        SMCLK        POWER             GPUTL             
ID                                                      W                                  
GPU 0           0.924        0.431        1290         345.435           100               
GPU 0           0.946        0.589        1290         345.631           100               
GPU 0           0.959        0.554        1380         344.481           100               
GPU 0           0.957        0.529        1395         345.854           100               
GPU 0           0.957        0.525        1425         344.860           100               
GPU 0           0.933        0.405        1305         345.603           100               
GPU 0           0.945        0.568        1200         348.772           100               
GPU 0           0.953        0.591        1365         346.810           100               
GPU 0           0.957        0.527        1380         346.851           100               
GPU 0           0.957        0.525        1395         346.411           100               
GPU 0           0.957        0.525        1410         346.104           100               
GPU 0           0.929        0.430        1260         346.864           100               
GPU 0           0.944        0.572        1230         346.641           100               
GPU 0           0.962        0.576        1335         345.500           100               
#Entity         SMACT        TENSO        SMCLK        POWER             GPUTL             
ID                                                      W                                  
GPU 0           0.957        0.524        1320         345.077           100               
GPU 0           0.958        0.523        1350         343.971           100               
GPU 0           0.934        0.428        1305         343.734           100               
GPU 0           0.940        0.550        1290         346.312           100               
GPU 0           0.952        0.603        1365         343.912           100               
GPU 0           0.956        0.529        1410         344.220           100               
GPU 0           0.958        0.520        1410         344.591           100               
GPU 0           0.958        0.519        1530         343.181           100               
GPU 0           0.928        0.425        1305         344.838           100               
GPU 0           0.944        0.573        1260         346.202           100               
GPU 0           0.957        0.580        1365         344.594           100               
GPU 0           0.957        0.528        1395         344.358           100               
GPU 0           0.957        0.522        1425         344.526           100               
GPU 0           0.947        0.462        1305         343.440           100               
#Entity         SMACT        TENSO        SMCLK        POWER             GPUTL             
ID                                                      W                                  
GPU 0           0.933        0.504        1275         346.916           100               
GPU 0           0.951        0.600        1305         343.583           100               
GPU 0           0.958        0.525        1380         343.076           100               
GPU 0           0.957        0.524        1365         343.989           100               
GPU 0           0.957        0.525        1470         341.934           100               
GPU 0           0.930        0.427        1305         342.567           100               
GPU 0           0.945        0.570        1155         343.934           100               
GPU 0           0.957        0.588        1380         341.673           100               
GPU 0           0.957        0.527        1395         342.185           100               
GPU 0           0.958        0.521        1395         343.074           100               
GPU 0           0.958        0.520        1335         342.490           100               
GPU 0           0.920        0.443        1305         345.942           100               
GPU 0           0.950        0.610        1335         345.609           100               
GPU 0           0.957        0.528        1395         345.617           100               
#Entity         SMACT        TENSO        SMCLK        POWER             GPUTL             
ID                                                      W                                  
GPU 0           0.957        0.522        1410         346.974           100               
GPU 0           0.958        0.520        1455         344.984           100               
GPU 0           0.929        0.416        1275         346.801           100               
GPU 0           0.944        0.570        1230         349.497           100               
GPU 0           0.954        0.585        1350         348.028           100               
GPU 0           0.957        0.526        1395         347.504           100               
GPU 0           0.957        0.528        1395         346.520           100               
GPU 0           0.958        0.520        1350         346.957           100               
GPU 0           0.925        0.435        1305         347.180           100               
GPU 0           0.949        0.609        1260         346.462           100               
GPU 0           0.961        0.531        1335         345.054           100               
GPU 0           0.955        0.521        1350         346.084           100               
GPU 0           0.956        0.523        1320         342.710           100               
GPU 0           0.934        0.423        1290         343.718           100               
#Entity         SMACT        TENSO        SMCLK        POWER             GPUTL             
ID                                                      W                                  
GPU 0           0.946        0.571        1125         345.034           100               
GPU 0           0.953        0.599        1365         342.507           100               
GPU 0           0.957        0.528        1410         342.745           100               
GPU 0           0.957        0.520        1410         343.148           100               
GPU 0           0.958        0.521        1425         343.317           100               
GPU 0           0.927        0.431        1290         344.394           100               
GPU 0           0.946        0.590        1275         345.446           100               
GPU 0           0.959        0.554        1350         344.176           100               
GPU 0           0.957        0.529        1365         343.847           100               
GPU 0           0.957        0.528        1410         345.134           100               
GPU 0           0.933        0.401        1260         344.273           100               
GPU 0           0.945        0.571        1215         349.165           100               
GPU 0           0.953        0.591        1365         346.989           100               
GPU 0           0.957        0.526        1365         347.084           100               
#Entity         SMACT        TENSO        SMCLK        POWER             GPUTL             
ID                                                      W                                  
GPU 0           0.956        0.524        1365         347.114           100               
GPU 0           0.957        0.524        1455         345.526           100               
GPU 0           0.929        0.430        1290         345.359           100               
GPU 0           0.945        0.574        1260         345.121           100               
GPU 0           0.958        0.581        1380         344.070           100               
GPU 0           0.957        0.525        1395         343.459           100               
GPU 0           0.957        0.524        1380         343.256           100               
GPU 0           0.941        0.450        1350         343.507           100               
GPU 0           0.939        0.522        1290         346.550           100               
GPU 0           0.951        0.609        1305         343.656           100               
GPU 0           0.957        0.520        1365         343.115           100               
GPU 0           0.957        0.524        1365         343.514           100               
GPU 0           0.957        0.529        1485         342.500           100               
GPU 0           0.930        0.420        1290         344.545           100               
#Entity         SMACT        TENSO        SMCLK        POWER             GPUTL             
ID                                                      W                                  
GPU 0           0.944        0.572        1155         345.267           100               
GPU 0           0.956        0.589        1395         343.323           100               
GPU 0           0.957        0.526        1395         343.835           100               
GPU 0           0.958        0.521        1380         343.440           100               
GPU 0           0.958        0.522        1320         341.843           100               
GPU 0           0.923        0.444        1305         344.148           100               
GPU 0           0.950        0.610        1320         344.232           100               
GPU 0           0.957        0.527        1380         342.976           100               
GPU 0           0.957        0.528        1410         344.247           100               
GPU 0           0.957        0.518        1425         342.594           100               
GPU 0           0.931        0.412        1260         344.422           100               
GPU 0           0.946        0.572        1200         347.968           100               
GPU 0           0.953        0.586        1350         345.669           100               
GPU 0           0.957        0.526        1380         345.250           100               
#Entity         SMACT        TENSO        SMCLK        POWER             GPUTL             
ID                                                      W                                  
GPU 0           0.957        0.524        1380         345.106           100               
GPU 0           0.957        0.526        1350         344.699           100               
GPU 0           0.925        0.434        1260         344.556           100               
GPU 0           0.948        0.601        1305         344.778           100               
GPU 0           0.960        0.539        1365         344.271           100               
GPU 0           0.958        0.524        1365         344.173           100               
GPU 0           0.957        0.521        1335         342.395           100               
GPU 0           0.929        0.419        1290         343.185           100               
GPU 0           0.946        0.569        1095         345.903           100               
GPU 0           0.953        0.601        1335         343.421           100               
GPU 0           0.957        0.523        1395         342.664           100               
GPU 0           0.957        0.528        1410         343.252           100               
GPU 0           0.957        0.520        1425         343.259           100               
GPU 0           0.928        0.432        1275         344.831           100               
#Entity         SMACT        TENSO        SMCLK        POWER             GPUTL             
ID                                                      W                                  
GPU 0           0.945        0.572        1200         344.853           100               
GPU 0           0.960        0.579        1395         343.291           100               
GPU 0           0.957        0.524        1380         343.489           100               
GPU 0           0.958        0.521        1365         343.383           100               
GPU 0           0.935        0.428        1260         342.839           100               
GPU 0           0.941        0.548        1290         346.518           100               
GPU 0           0.952        0.608        1305         343.864           100               
GPU 0           0.958        0.521        1395         343.589           100               
GPU 0           0.957        0.528        1395         344.721           100               
GPU 0           0.956        0.525        1485         343.617           100               
GPU 0           0.928        0.417        1275         345.332           100               
GPU 0           0.944        0.574        1155         347.085           100               
GPU 0           0.958        0.588        1350         344.994           100               
GPU 0           0.957        0.526        1380         344.235           100               
#Entity         SMACT        TENSO        SMCLK        POWER             GPUTL             
ID                                                      W                                  
GPU 0           0.958        0.522        1350         344.615           100               
GPU 0           0.956        0.519        1320         345.920           100               
GPU 0           0.923        0.446        1290         346.889           100               
GPU 0           0.950        0.612        1335         346.645           100               
GPU 0           0.957        0.530        1395         345.705           100               
GPU 0           0.957        0.522        1410         346.253           100               
GPU 0           0.958        0.520        1425         344.639           100               
GPU 0           0.931        0.414        1230         346.795           100               
GPU 0           0.944        0.572        1200         349.240           100               
GPU 0           0.955        0.585        1350         348.091           100               
GPU 0           0.957        0.527        1350         347.547           100               
GPU 0           0.956        0.524        1365         346.148           100               
GPU 0           0.957        0.527        1305         345.714           100               
GPU 0           0.925        0.435        1305         346.009           100               
#Entity         SMACT        TENSO        SMCLK        POWER             GPUTL             
ID                                                      W                                  
GPU 0           0.949        0.602        1320         346.158           100               
GPU 0           0.960        0.535        1305         345.565           100               
GPU 0           0.958        0.523        1335         342.479           100               
GPU 0           0.928        0.418        1260         343.525           100               
GPU 0           0.944        0.571        1185         345.145           100               
GPU 0           0.954        0.602        1365         342.450           100               
GPU 0           0.957        0.521        1410         342.401           100               
GPU 0           0.957        0.529        1410         343.822           100               
GPU 0           0.957        0.521        1350         343.125           100               
GPU 0           0.927        0.430        1275         344.626           100               
GPU 0           0.946        0.573        1320         345.971           100               
GPU 0           0.959        0.563        1335         345.743           100               
GPU 0           0.957        0.526        1380         344.964           100               
GPU 0           0.956        0.526        1395         344.229           100               
#Entity         SMACT        TENSO        SMCLK        POWER             GPUTL             
ID                                                      W                                  
GPU 0           0.934        0.411        1305         344.415           100               
GPU 0           0.946        0.567        1155         349.158           100               
GPU 0           0.953        0.602        1365         346.643           100               
GPU 0           0.956        0.528        1350         347.224           100               
GPU 0           0.958        0.521        1350         348.179           100               
GPU 0           0.958        0.522        1395         346.187           100               
GPU 0           0.926        0.424        1290         345.976           100               
GPU 0           0.944        0.572        1350         346.069           100               
GPU 0           0.957        0.587        1380         345.958           100               
GPU 0           0.956        0.523        1410         345.852           100               
GPU 0           0.958        0.520        1350         345.645           100               
GPU 0           0.945        0.456        1290         345.262           100               
GPU 0           0.934        0.514        1140         348.367           100               
GPU 0           0.951        0.597        1350         344.935           100               
#Entity         SMACT        TENSO        SMCLK        POWER             GPUTL             
ID                                                      W                                  
GPU 0           0.957        0.526        1380         343.553           100               
GPU 0           0.957        0.524        1395         344.037           100               
GPU 0           0.957        0.524        1425         341.640           100               
GPU 0           0.928        0.427        1290         345.027           100               
GPU 0           0.945        0.571        1200         344.655           100               
GPU 0           0.957        0.589        1395         342.528           100               
GPU 0           0.957        0.526        1350         343.372           100               
GPU 0           0.958        0.521        1350         343.395           100               
GPU 0           0.958        0.521        1290         342.131           100               
GPU 0           0.923        0.445        1260         346.558           100               
GPU 0           0.949        0.611        1320         345.220           100               
GPU 0           0.958        0.521        1350         344.281           100               
GPU 0           0.957        0.526        1410         344.985           100               
GPU 0           0.957        0.525        1485         342.712           100               
#Entity         SMACT        TENSO        SMCLK        POWER             GPUTL             
ID                                                      W                                  
GPU 0           0.932        0.418        1260         344.263           100               
GPU 0           0.945        0.570        1170         348.888           100               
GPU 0           0.956        0.593        1335         345.107           100               
GPU 0           0.957        0.528        1365         344.792           100               
GPU 0           0.958        0.521        1365         345.947           100               
GPU 0           0.958        0.521        1350         344.426           100               
GPU 0           0.922        0.436        1260         347.042           100               
GPU 0           0.946        0.574        1365         346.468           100               
GPU 0           0.959        0.573        1395         346.590           100               
GPU 0           0.957        0.521        1380         347.720           100               
GPU 0           0.958        0.520        1455         344.222           100               
GPU 0           0.932        0.408        1305         344.876           100               
GPU 0           0.946        0.567        1230         346.194           100               
GPU 0           0.951        0.596        1365         344.808           100               
#Entity         SMACT        TENSO        SMCLK        POWER             GPUTL             
ID                                                      W                                  
GPU 0           0.957        0.525        1395         343.821           100               
GPU 0           0.957        0.524        1410         344.415           100               
GPU 0           0.957        0.528        1350         345.106           100               
GPU 0           0.928        0.426        1290         346.498           100               
GPU 0           0.944        0.571        1275         345.199           100               
GPU 0           0.960        0.581        1335         344.253           100               
GPU 0           0.957        0.524        1350         345.556           100               
GPU 0           0.957        0.522        1320         342.842           100               
GPU 0           0.938        0.443        1305         344.298           100               
GPU 0           0.937        0.530        1125         346.945           100               
GPU 0           0.951        0.608        1365         344.283           100               
GPU 0           0.957        0.521        1395         344.417           100               
GPU 0           0.957        0.527        1410         343.698           100               
GPU 0           0.956        0.527        1395         344.388           100               
#Entity         SMACT        TENSO        SMCLK        POWER             GPUTL             
ID                                                      W                                  
GPU 0           0.931        0.418        1305         346.122           100               
GPU 0           0.945        0.573        1200         345.988           100               
GPU 0           0.957        0.589        1335         344.626           100               
GPU 0           0.957        0.526        1365         343.908           100               
GPU 0           0.958        0.522        1365         344.122           100               
GPU 0           0.958        0.521        1290         343.089           100               
GPU 0           0.922        0.445        1305         347.659           100               
GPU 0           0.949        0.611        1380         345.584           100               
GPU 0           0.958        0.527        1395         345.262           100               
GPU 0           0.957        0.526        1395         344.262           100               
GPU 0           0.957        0.523        1515         343.695           100               
GPU 0           0.931        0.413        1305         345.185           100               
GPU 0           0.945        0.569        1230         347.216           100               
GPU 0           0.957        0.590        1335         346.357           100               
#Entity         SMACT        TENSO        SMCLK        POWER             GPUTL             
ID                                                      W                                  
GPU 0           0.957        0.525        1365         346.039           100               
GPU 0           0.954        0.522        1365         345.476           100               
GPU 0           0.957        0.522        1350         346.165           100               
GPU 0           0.925        0.438        1320         347.550           100               
GPU 0           0.945        0.591        1305         347.234           100               
GPU 0           0.960        0.548        1350         346.782           100               
GPU 0           0.957        0.523        1350         347.799           100               
GPU 0           0.958        0.522        1425         344.663           100               
GPU 0           0.929        0.416        1260         344.925           100               
GPU 0           0.945        0.571        1215         345.671           100               
GPU 0           0.953        0.598        1365         343.939           100               
GPU 0           0.957        0.521        1395         344.111           100               
GPU 0           0.957        0.528        1410         344.636           100               
GPU 0           0.957        0.525        1365         343.885           100               
#Entity         SMACT        TENSO        SMCLK        POWER             GPUTL             
ID                                                      W                                  
GPU 0           0.926        0.427        1290         345.609           100               
GPU 0           0.944        0.573        1260         345.157           100               
GPU 0           0.961        0.575        1335         343.790           100               
GPU 0           0.957        0.525        1335         344.809           100               
GPU 0           0.957        0.523        1350         342.882           100               
GPU 0           0.937        0.437        1305         343.321           100               
GPU 0           0.939        0.538        1095         347.302           100               
GPU 0           0.952        0.610        1350         344.135           100               
GPU 0           0.957        0.521        1395         343.612           100               
GPU 0           0.957        0.524        1410         343.904           100               
GPU 0           0.957        0.530        1395         343.166           100               
GPU 0           0.930        0.417        1305         344.368           100               
GPU 0           0.944        0.572        1200         345.045           100               
GPU 0           0.956        0.588        1320         343.565           100               
#Entity         SMACT        TENSO        SMCLK        POWER             GPUTL             
ID                                                      W                                  
GPU 0           0.957        0.526        1350         345.197           100               
GPU 0           0.958        0.522        1350         345.337           100               
GPU 0           0.958        0.521        1245         343.868           100               
GPU 0           0.919        0.446        1275         348.167           100               
GPU 0           0.949        0.613        1320         346.248           100               
GPU 0           0.958        0.520        1395         345.515           100               
GPU 0           0.957        0.524        1410         344.911           100               
GPU 0           0.957        0.529        1500         344.160           100               
GPU 0           0.932        0.413        1275         346.791           100               
GPU 0           0.945        0.572        1185         348.140           100               
GPU 0           0.957        0.593        1350         346.815           100               
GPU 0           0.957        0.526        1350         346.349           100               
GPU 0           0.957        0.521        1350         346.243           100               
GPU 0           0.957        0.523        1320         345.385           100               
#Entity         SMACT        TENSO        SMCLK        POWER             GPUTL             
ID                                                      W                                  
GPU 0           0.922        0.436        1275         349.420           100               
GPU 0           0.946        0.578        1350         347.624           100               
GPU 0           0.958        0.568        1395         347.472           100               
GPU 0           0.957        0.522        1350         348.166           100               
GPU 0           0.958        0.522        1455         344.186           100               
GPU 0           0.932        0.408        1305         345.210           100               
GPU 0           0.944        0.567        1200         346.471           100               
GPU 0           0.951        0.597        1365         344.054           100               
GPU 0           0.957        0.524        1365         343.944           100               
GPU 0           0.957        0.523        1395         344.372           100               
GPU 0           0.957        0.528        1365         344.145           100               
GPU 0           0.925        0.429        1290         345.095           100               
GPU 0           0.946        0.574        1275         343.860           100               
GPU 0           0.958        0.525        1335         343.937           100               
#Entity         SMACT        TENSO        SMCLK        POWER             GPUTL             
ID                                                      W                                  
GPU 0           0.957        0.522        1320         341.884           100               
GPU 0           0.938        0.444        1305         343.977           100               
GPU 0           0.938        0.529        1290         346.704           100               
GPU 0           0.950        0.605        1380         346.420           100               
GPU 0           0.957        0.525        1380         345.732           100               
GPU 0           0.957        0.523        1365         346.428           100               
GPU 0           0.958        0.521        1350         345.310           100               
GPU 0           0.926        0.424        1260         347.208           100               
GPU 0           0.945        0.573        1290         347.312           100               
GPU 0           0.958        0.577        1365         347.313           100               
GPU 0           0.957        0.522        1350         347.233           100               
GPU 0           0.957        0.526        1365         345.929           100               
GPU 0           0.956        0.511        1335         344.822           100               
GPU 0           0.924        0.461        1215         347.572           100               
#Entity         SMACT        TENSO        SMCLK        POWER             GPUTL             
ID                                                      W                                  
GPU 0           0.952        0.602        1335         346.013           100               
GPU 0           0.957        0.529        1380         345.944           100               
GPU 0           0.958        0.522        1350         346.178           100               
GPU 0           0.957        0.521        1440         344.241           100               
GPU 0           0.928        0.423        1290         345.577           100               
GPU 0           0.946        0.572        1275         344.434           100               
GPU 0           0.955        0.594        1365         343.890           100               
GPU 0           0.957        0.526        1380         343.365           100               
GPU 0           0.957        0.524        1395         343.660           100               
GPU 0           0.958        0.521        1305         342.521           100               
GPU 0           0.924        0.436        1305         345.138           100               
GPU 0           0.948        0.605        1305         342.869           100               
GPU 0           0.960        0.533        1350         342.582           100               
GPU 0           0.957        0.523        1365         343.841           100               
#Entity         SMACT        TENSO        SMCLK        POWER             GPUTL             
ID                                                      W                                  
GPU 0           0.955        0.521        1440         341.636           100               
GPU 0           0.930        0.420        1290         345.121           100               
GPU 0           0.945        0.570        1155         345.429           100               
GPU 0           0.953        0.601        1350         343.784           100               
GPU 0           0.957        0.521        1410         343.335           100               
GPU 0           0.957        0.528        1395         343.554           100               
GPU 0           0.957        0.525        1320         342.697           100               
GPU 0           0.926        0.427        1260         345.087           100               
GPU 0           0.944        0.574        1245         344.370           100               
GPU 0           0.961        0.577        1335         343.730           100               
GPU 0           0.957        0.524        1350         345.121           100               
GPU 0           0.957        0.522        1350         342.730           100               
GPU 0           0.937        0.439        1305         343.341           100               
GPU 0           0.938        0.535        1095         347.089           100               
#Entity         SMACT        TENSO        SMCLK        POWER             GPUTL             
ID                                                      W                                  
GPU 0           0.951        0.611        1335         344.054           100               
GPU 0           0.957        0.518        1380         343.977           100               
GPU 0           0.956        0.525        1410         344.034           100               
GPU 0           0.957        0.525        1410         343.605           100               
GPU 0           0.929        0.423        1245         344.497           100               
GPU 0           0.945        0.573        1200         343.939           100               
GPU 0           0.957        0.590        1380         342.401           100               
GPU 0           0.957        0.527        1350         343.916           100               
GPU 0           0.957        0.522        1335         343.094           100               
GPU 0           0.958        0.522        1275         342.057           100               
GPU 0           0.923        0.442        1290         346.888           100               
GPU 0           0.948        0.611        1305         344.349           100               
GPU 0           0.959        0.524        1365         344.178           100               
GPU 0           0.956        0.524        1380         344.177           100               
#Entity         SMACT        TENSO        SMCLK        POWER             GPUTL             
ID                                                      W                                  
GPU 0           0.956        0.526        1470         342.893           100               
GPU 0           0.933        0.417        1290         344.669           100               
GPU 0           0.945        0.571        1170         345.848           100               
GPU 0           0.951        0.601        1395         343.145           100               
GPU 0           0.957        0.527        1410         343.629           100               
GPU 0           0.957        0.523        1395         344.153           100               
GPU 0           0.958        0.519        1305         342.986           100               
GPU 0           0.926        0.431        1260         344.409           100               
GPU 0           0.944        0.573        1245         343.769           100               
GPU 0           0.961        0.577        1350         342.733           100               
GPU 0           0.957        0.524        1350         344.109           100               
GPU 0           0.957        0.522        1365         342.301           100               
GPU 0           0.935        0.433        1290         342.920           100               
GPU 0           0.939        0.543        1140         346.508           100               
#Entity         SMACT        TENSO        SMCLK        POWER             GPUTL             
ID                                                      W                                  
GPU 0           0.952        0.607        1380         343.411           100               
GPU 0           0.957        0.523        1395         343.134           100               
GPU 0           0.957        0.528        1380         342.715           100               
GPU 0           0.957        0.523        1410         343.224           100               
GPU 0           0.930        0.420        1290         344.548           100               
GPU 0           0.944        0.573        1200         344.351           100               
GPU 0           0.956        0.588        1350         342.365           100               
GPU 0           0.957        0.527        1350         342.959           100               
GPU 0           0.957        0.521        1350         343.360           100               
GPU 0           0.958        0.522        1305         342.346           100               
GPU 0           0.921        0.445        1290         346.587           100               
GPU 0           0.948        0.608        1335         344.307           100               
GPU 0           0.957        0.523        1365         343.330           100               
GPU 0           0.957        0.525        1395         343.638           100               
#Entity         SMACT        TENSO        SMCLK        POWER             GPUTL             
ID                                                      W                                  
GPU 0           0.957        0.524        1485         343.502           100               
GPU 0           0.930        0.416        1260         345.375           100               
GPU 0           0.945        0.572        1185         348.284           100               
GPU 0           0.956        0.593        1335         345.367           100               
GPU 0           0.956        0.528        1350         345.613           100               
GPU 0           0.958        0.522        1380         346.292           100               
GPU 0           0.958        0.521        1305         344.175           100               
GPU 0           0.923        0.435        1275         346.708           100               
GPU 0           0.945        0.581        1350         345.837           100               
GPU 0           0.959        0.562        1395         345.140           100               
GPU 0           0.957        0.527        1410         345.892           100               
GPU 0           0.957        0.525        1440         343.635           100               
GPU 0           0.935        0.405        1275         345.148           100               
GPU 0           0.946        0.571        1200         347.442           100               
#Entity         SMACT        TENSO        SMCLK        POWER             GPUTL             
ID                                                      W                                  
GPU 0           0.956        0.559        1350         345.955           100               
GPU 0           0.000        0.000        1380         345.047           100               
GPU 0           0.956        0.523        1365         345.375           100               
GPU 0           0.927        0.432        1335         345.326           100               
GPU 0           0.944        0.574        1290         345.966           100               
GPU 0           0.959        0.579        1335         345.173           100               
GPU 0           0.957        0.523        1350         344.764           100               
GPU 0           0.957        0.522        1335         344.663           100               
GPU 0           0.941        0.454        1305         342.447           100               
GPU 0           0.935        0.522        1260         342.113           100               
GPU 0           0.950        0.599        1110         344.643           100               
GPU 0           0.959        0.528        1320         342.260           100               
GPU 0           0.956        0.524        1365         342.275           100               
GPU 0           0.957        0.524        1365         342.385           100               
#Entity         SMACT        TENSO        SMCLK        POWER             GPUTL             
ID                                                      W                                  
GPU 0           0.928        0.427        1440         341.660           100               
GPU 0           0.944        0.573        1305         344.741           100               
GPU 0           0.955        0.592        1260         343.716           100               
GPU 0           0.957        0.525        1380         341.903           100               
GPU 0           0.957        0.522        1380         343.676           100               
GPU 0           0.958        0.522        1350         343.365           100               
GPU 0           0.922        0.437        1320         343.945           100               
GPU 0           0.949        0.612        1275         347.742           100               
GPU 0           0.961        0.530        1275         345.426           100               
GPU 0           0.957        0.525        1320         344.368           100               
GPU 0           0.955        0.521        1350         344.802           100               
GPU 0           0.933        0.422        1440         342.574           100               
GPU 0           0.944        0.567        1305         345.743           100               
GPU 0           0.953        0.599        1185         347.149           100               
#Entity         SMACT        TENSO        SMCLK        POWER             GPUTL             
ID                                                      W                                  
GPU 0           0.957        0.529        1380         344.348           100               
GPU 0           0.957        0.521        1395         344.568           100               
GPU 0           0.958        0.522        1380         344.176           100               
GPU 0           0.925        0.432        1305         343.457           100               
GPU 0           0.944        0.576        1275         343.987           100               
GPU 0           0.957        0.525        1335         343.628           100               
GPU 0           0.957        0.522        1365         344.761           100               
GPU 0           0.935        0.435        1350         341.810           100               
GPU 0           0.940        0.541        1320         341.983           100               
GPU 0           0.950        0.609        1125         345.841           100               
GPU 0           0.957        0.519        1365         343.019           100               
GPU 0           0.957        0.529        1395         343.198           100               
GPU 0           0.957        0.528        1380         343.493           100               
GPU 0           0.927        0.418        1380         344.584           100               
#Entity         SMACT        TENSO        SMCLK        POWER             GPUTL             
ID                                                      W                                  
GPU 0           0.943        0.574        1260         345.048           100               
GPU 0           0.956        0.592        1215         344.397           100               
GPU 0           0.956        0.527        1380         342.427           100               
GPU 0           0.957        0.522        1380         343.452           100               
GPU 0           0.958        0.522        1395         343.248           100               
GPU 0           0.921        0.437        1335         343.415           100               
GPU 0           0.949        0.611        1275         347.876           100               
GPU 0           0.960        0.531        1275         344.644           100               
GPU 0           0.957        0.524        1350         343.608           100               
GPU 0           0.954        0.520        1365         343.781           100               
GPU 0           0.931        0.421        1440         342.363           100               
GPU 0           0.945        0.570        1275         345.658           100               
GPU 0           0.953        0.602        1170         346.713           100               
GPU 0           0.957        0.523        1365         344.162           100               
#Entity         SMACT        TENSO        SMCLK        POWER             GPUTL             
ID                                                      W                                  
GPU 0           0.957        0.527        1395         344.251           100               
GPU 0           0.956        0.522        1410         343.463           100               
GPU 0           0.928        0.430        1335         343.342           100               
GPU 0           0.944        0.571        1260         344.809           100               
GPU 0           0.960        0.580        1245         343.606           100               
GPU 0           0.957        0.525        1350         343.066           100               
GPU 0           0.958        0.522        1335         343.890           100               
GPU 0           0.939        0.443        1365         341.417           100               
GPU 0           0.937        0.528        1305         342.759           100               
GPU 0           0.951        0.611        1095         346.849           100               
GPU 0           0.957        0.518        1335         343.777           100               
GPU 0           0.956        0.526        1380         343.585           100               
GPU 0           0.957        0.524        1410         343.037           100               
GPU 0           0.931        0.427        1410         342.854           100               
#Entity         SMACT        TENSO        SMCLK        POWER             GPUTL             
ID                                                      W                                  
GPU 0           0.944        0.572        1260         344.797           100               
GPU 0           0.957        0.587        1215         345.178           100               
GPU 0           0.956        0.525        1395         343.031           100               
GPU 0           0.958        0.521        1350         344.732           100               
GPU 0           0.958        0.521        1335         344.153           100               
GPU 0           0.921        0.445        1260         342.527           100               
GPU 0           0.949        0.611        1305         346.078           100               
GPU 0           0.957        0.521        1305         344.359           100               
GPU 0           0.956        0.522        1380         343.633           100               
GPU 0           0.956        0.526        1395         344.541           100               
GPU 0           0.933        0.419        1440         343.419           100               
GPU 0           0.943        0.570        1290         345.448           100               
GPU 0           0.954        0.601        1155         346.248           100               
GPU 0           0.957        0.530        1380         343.319           100               
#Entity         SMACT        TENSO        SMCLK        POWER             GPUTL             
ID                                                      W                                  
GPU 0           0.957        0.521        1410         343.456           100               
GPU 0           0.957        0.520        1395         344.944           100               
GPU 0           0.925        0.430        1305         344.231           100               
GPU 0           0.944        0.575        1260         345.578           100               
GPU 0           0.961        0.577        1245         345.282           100               
GPU 0           0.957        0.524        1350         344.403           100               
GPU 0           0.957        0.522        1350         345.243           100               
GPU 0           0.935        0.432        1365         343.466           100               
GPU 0           0.940        0.544        1275         343.491           100               
GPU 0           0.951        0.609        1125         346.586           100               
GPU 0           0.957        0.519        1365         344.141           100               
GPU 0           0.957        0.529        1410         343.405           100               
GPU 0           0.957        0.525        1395         343.203           100               
GPU 0           0.931        0.420        1395         344.191           100               
#Entity         SMACT        TENSO        SMCLK        POWER             GPUTL             
ID                                                      W                                  
GPU 0           0.945        0.574        1290         345.187           100               
GPU 0           0.957        0.589        1200         346.578           100               
GPU 0           0.957        0.526        1335         344.555           100               
GPU 0           0.957        0.522        1335         345.635           100               
GPU 0           0.958        0.522        1335         345.485           100               
GPU 0           0.921        0.446        1290         344.971           100               
GPU 0           0.950        0.611        1275         348.711           100               
GPU 0           0.957        0.520        1305         346.033           100               
GPU 0           0.957        0.526        1365         345.261           100               
GPU 0           0.956        0.525        1380         344.402           100               
GPU 0           0.933        0.417        1485         344.411           100               
GPU 0           0.944        0.572        1275         345.262           100               
GPU 0           0.954        0.601        1140         346.954           100               
GPU 0           0.957        0.530        1380         344.458           100               
#Entity         SMACT        TENSO        SMCLK        POWER             GPUTL             
ID                                                      W                                  
GPU 0           0.957        0.521        1395         344.599           100               
GPU 0           0.958        0.522        1365         345.390           100               
GPU 0           0.927        0.433        1275         344.963           100               
GPU 0           0.944        0.575        1245         345.354           100               
GPU 0           0.961        0.578        1230         344.258           100               
GPU 0           0.957        0.525        1350         344.011           100               
GPU 0           0.958        0.521        1350         344.745           100               
GPU 0           0.937        0.441        1335         342.384           100               
GPU 0           0.939        0.534        1320         343.165           100               
GPU 0           0.951        0.609        1110         347.180           100               
GPU 0           0.957        0.523        1350         343.599           100               
GPU 0           0.957        0.524        1395         343.235           100               
GPU 0           0.957        0.528        1395         343.458           100               
GPU 0           0.927        0.421        1395         343.510           100               
#Entity         SMACT        TENSO        SMCLK        POWER             GPUTL             
ID                                                      W                                  
GPU 0           0.944        0.573        1290         344.978           100               
GPU 0           0.957        0.588        1215         345.399           100               
GPU 0           0.957        0.525        1380         343.000           100               
GPU 0           0.957        0.521        1335         344.517           100               
GPU 0           0.958        0.522        1350         344.163           100               
GPU 0           0.920        0.442        1290         342.106           100               
GPU 0           0.950        0.615        1290         345.833           100               
GPU 0           0.957        0.517        1335         344.333           100               
GPU 0           0.957        0.527        1365         343.858           100               
GPU 0           0.957        0.522        1380         344.725           100               
GPU 0           0.931        0.418        1470         343.766           100               
GPU 0           0.946        0.575        1260         344.096           100               
GPU 0           0.951        0.598        1185         345.020           100               
GPU 0           0.957        0.529        1380         342.236           100               
#Entity         SMACT        TENSO        SMCLK        POWER             GPUTL             
ID                                                      W                                  
GPU 0           0.957        0.521        1410         342.042           100               
GPU 0           0.958        0.521        1380         343.937           100               
GPU 0           0.927        0.431        1305         344.516           100               
GPU 0           0.944        0.575        1260         344.456           100               
GPU 0           0.961        0.576        1245         344.121           100               
GPU 0           0.957        0.525        1335         343.519           100               
GPU 0           0.957        0.522        1335         344.532           100               
GPU 0           0.936        0.438        1335         343.101           100               
GPU 0           0.939        0.539        1290         343.661           100               
GPU 0           0.951        0.611        1110         347.425           100               
GPU 0           0.957        0.517        1335         343.986           100               
GPU 0           0.956        0.528        1380         343.218           100               
GPU 0           0.957        0.523        1380         342.584           100               
GPU 0           0.929        0.427        1440         342.734           100               
#Entity         SMACT        TENSO        SMCLK        POWER             GPUTL             
ID                                                      W                                  
GPU 0           0.944        0.570        1290         345.068           100               
GPU 0           0.957        0.588        1215         346.056           100               
GPU 0           0.956        0.525        1365         344.239           100               
GPU 0           0.958        0.522        1335         344.608           100               
GPU 0           0.958        0.523        1320         345.182           100               
GPU 0           0.921        0.443        1305         344.336           100               
GPU 0           0.949        0.610        1290         347.571           100               
GPU 0           0.958        0.524        1305         345.810           100               
GPU 0           0.957        0.524        1365         345.174           100               
GPU 0           0.956        0.526        1365         345.518           100               
GPU 0           0.932        0.418        1470         343.111           100               
GPU 0           0.945        0.570        1290         344.105           100               
GPU 0           0.952        0.599        1170         345.547           100               
GPU 0           0.957        0.528        1380         343.111           100               
#Entity         SMACT        TENSO        SMCLK        POWER             GPUTL             
ID                                                      W                                  
GPU 0           0.957        0.524        1380         343.139           100               
GPU 0           0.957        0.523        1380         343.556           100               
GPU 0           0.926        0.431        1320         342.211           100               
GPU 0           0.944        0.572        1260         343.930           100               
GPU 0           0.957        0.525        1350         342.756           100               
GPU 0           0.958        0.521        1365         343.844           100               
GPU 0           0.935        0.429        1380         342.266           100               
GPU 0           0.940        0.548        1290         342.374           100               
GPU 0           0.951        0.605        1140         345.863           100               
GPU 0           0.958        0.525        1365         343.104           100               
GPU 0           0.957        0.528        1410         343.461           100               
GPU 0           0.957        0.522        1395         344.068           100               
GPU 0           0.931        0.420        1395         344.946           100               
GPU 0           0.945        0.572        1290         346.058           100               
#Entity         SMACT        TENSO        SMCLK        POWER             GPUTL             
ID                                                      W                                  
GPU 0           0.959        0.587        1230         347.274           100               
GPU 0           0.957        0.525        1350         345.941           100               
GPU 0           0.957        0.522        1335         345.649           100               
GPU 0           0.955        0.519        1365         345.841           100               
GPU 0           0.923        0.446        1305         346.192           100               
GPU 0           0.949        0.612        1230         349.883           100               
GPU 0           0.957        0.530        1380         347.975           100               
GPU 0           0.957        0.523        1395         347.586           100               
GPU 0           0.958        0.521        1350         347.773           100               
GPU 0           0.931        0.414        1500         345.770           100               
GPU 0           0.945        0.572        1260         347.230           100               
GPU 0           0.954        0.586        1245         347.197           100               
GPU 0           0.957        0.526        1320         345.998           100               
GPU 0           0.957        0.525        1350         345.721           100               
#Entity         SMACT        TENSO        SMCLK        POWER             GPUTL             
ID                                                      W                                  
GPU 0           0.956        0.524        1380         345.267           100               
GPU 0           0.924        0.435        1350         346.149           100               
GPU 0           0.947        0.593        1290         347.583           100               
GPU 0           0.960        0.549        1305         346.692           100               
GPU 0           0.957        0.523        1335         345.542           100               
GPU 0           0.958        0.523        1350         346.762           100               
GPU 0           0.929        0.413        1410         343.857           100               
GPU 0           0.944        0.573        1275         344.305           100               
GPU 0           0.953        0.594        1215         344.658           100               
GPU 0           0.957        0.526        1350         343.212           100               
GPU 0           0.956        0.526        1365         342.939           100               
GPU 0           0.957        0.525        1380         342.006           100               
GPU 0           0.929        0.430        1350         342.374           100               
GPU 0           0.945        0.573        1305         343.145           100               
#Entity         SMACT        TENSO        SMCLK        POWER             GPUTL             
ID                                                      W                                  
GPU 0           0.959        0.574        1275         345.052           100               
GPU 0           0.957        0.525        1320         344.048           100               
GPU 0           0.957        0.523        1335         345.258           100               
GPU 0           0.938        0.440        1320         343.635           100               
GPU 0           0.938        0.536        1305         345.549           100               
GPU 0           0.952        0.612        1155         347.527           100               
GPU 0           0.958        0.521        1350         345.042           100               
GPU 0           0.957        0.523        1395         344.393           100               
GPU 0           0.956        0.524        1395         344.240           100               
GPU 0           0.928        0.427        1365         344.230           100               
GPU 0           0.944        0.570        1290         344.719           100               
GPU 0           0.957        0.589        1260         344.177           100               
GPU 0           0.957        0.526        1380         343.267           100               
GPU 0           0.958        0.522        1335         344.496           100               
#Entity         SMACT        TENSO        SMCLK        POWER             GPUTL             
ID                                                      W                                  
GPU 0           0.958        0.523        1320         344.090           100               
GPU 0           0.921        0.442        1290         343.541           100               
GPU 0           0.950        0.610        1260         347.521           100               
GPU 0           0.960        0.532        1335         345.286           100               
GPU 0           0.957        0.524        1350         344.756           100               
GPU 0           0.954        0.522        1380         345.108           100               
GPU 0           0.931        0.419        1455         341.925           100               
GPU 0           0.944        0.569        1290         343.738           100               
GPU 0           0.952        0.599        1170         345.772           100               
GPU 0           0.957        0.526        1365         342.669           100               
GPU 0           0.957        0.527        1380         342.817           100               
GPU 0           0.957        0.520        1335         343.257           100               
GPU 0           0.927        0.431        1320         343.842           100               
GPU 0           0.946        0.573        1290         345.195           100               
#Entity         SMACT        TENSO        SMCLK        POWER             GPUTL             
ID                                                      W                                  
GPU 0           0.961        0.580        1230         344.516           100               
GPU 0           0.957        0.525        1350         343.417           100               
GPU 0           0.957        0.522        1350         344.496           100               
GPU 0           0.939        0.441        1470         342.528           100               
GPU 0           0.937        0.529        1305         344.417           100               
GPU 0           0.951        0.612        1170         347.085           100               
GPU 0           0.957        0.520        1380         344.175           100               
GPU 0           0.956        0.525        1380         344.349           100               
GPU 0           0.957        0.524        1380         344.281           100               
GPU 0           0.929        0.425        1350         343.827           100               
GPU 0           0.946        0.571        1260         345.639           100               
GPU 0           0.957        0.588        1245         345.866           100               
GPU 0           0.956        0.526        1365         344.514           100               
GPU 0           0.957        0.521        1335         345.232           100               
#Entity         SMACT        TENSO        SMCLK        POWER             GPUTL             
ID                                                      W                                  
GPU 0           0.958        0.521        1350         342.201           100               
GPU 0           0.922        0.443        1290         342.395           100               
GPU 0           0.950        0.615        1125         347.090           100               
GPU 0           0.957        0.517        1320         344.178           100               
GPU 0           0.957        0.527        1395         343.546           100               
GPU 0           0.957        0.523        1395         344.119           100               
GPU 0           0.932        0.418        1380         344.436           100               
GPU 0           0.945        0.571        1275         345.927           100               
GPU 0           0.955        0.602        1155         346.312           100               
GPU 0           0.957        0.528        1335         343.835           100               
GPU 0           0.957        0.524        1335         345.074           100               
GPU 0           0.958        0.522        1350         344.658           100               
GPU 0           0.927        0.432        1290         343.167           100               
GPU 0           0.946        0.573        1260         346.863           100               
#Entity         SMACT        TENSO        SMCLK        POWER             GPUTL             
ID                                                      W                                  
GPU 0           0.961        0.578        1305         343.902           100               
GPU 0           0.958        0.524        1380         343.654           100               
GPU 0           0.958        0.521        1380         343.695           100               
GPU 0           0.933        0.433        1470         341.617           100               
GPU 0           0.938        0.541        1305         342.923           100               
GPU 0           0.951        0.610        1185         345.134           100               
GPU 0           0.957        0.519        1365         343.131           100               
GPU 0           0.957        0.528        1395         342.703           100               
GPU 0           0.957        0.524        1410         343.716           100               
GPU 0           0.930        0.420        1305         344.242           100               
GPU 0           0.945        0.574        1260         345.669           100               
GPU 0           0.955        0.588        1260         344.333           100               
GPU 0           0.957        0.526        1335         343.439           100               
GPU 0           0.958        0.522        1350         344.627           100               
#Entity         SMACT        TENSO        SMCLK        POWER             GPUTL             
ID                                                      W                                  
GPU 0           0.958        0.521        1350         343.611           100               
GPU 0           0.923        0.446        1275         345.054           100               
GPU 0           0.949        0.612        1260         349.040           100               
GPU 0           0.958        0.521        1380         345.967           100               
GPU 0           0.957        0.522        1395         345.729           100               
GPU 0           0.957        0.529        1410         346.288           100               
GPU 0           0.930        0.414        1395         346.682           100               
GPU 0           0.945        0.571        1260         348.149           100               
GPU 0           0.955        0.599        1125         348.438           100               
GPU 0           0.957        0.529        1350         347.079           100               
GPU 0           0.957        0.522        1395         347.108           100               
GPU 0           0.957        0.521        1365         347.195           100               
GPU 0           0.927        0.432        1260         345.488           100               
GPU 0           0.944        0.578        1305         349.985           100               
#Entity         SMACT        TENSO        SMCLK        POWER             GPUTL             
ID                                                      W                                  
GPU 0           0.962        0.570        1335         346.508           100               
GPU 0           0.957        0.523        1395         345.131           100               
GPU 0           0.954        0.520        1365         345.950           100               
GPU 0           0.936        0.422        1470         344.041           100               
GPU 0           0.943        0.562        1260         345.277           100               
GPU 0           0.953        0.602        1110         348.213           100               
GPU 0           0.956        0.530        1395         345.494           100               
GPU 0           0.957        0.522        1335         345.599           100               
GPU 0           0.957        0.522        1335         345.509           100               
GPU 0           0.926        0.422        1335         346.082           100               
GPU 0           0.945        0.574        1260         348.296           100               
GPU 0           0.960        0.581        1260         346.621           100               
GPU 0           0.957        0.524        1350         346.220           100               
GPU 0           0.954        0.522        1395         346.932           100               
#Entity         SMACT        TENSO        SMCLK        POWER             GPUTL             
ID                                                      W                                  
GPU 0           0.956        0.514        1395         345.102           100               
GPU 0           0.923        0.458        1320         346.635           100               
GPU 0           0.952        0.605        1215         348.746           100               
GPU 0           0.957        0.524        1305         347.246           100               
GPU 0           0.957        0.524        1350         346.322           100               
GPU 0           0.929        0.418        1500         346.455           100               
GPU 0           0.944        0.570        1260         348.653           100               
GPU 0           0.955        0.584        1275         346.956           100               
GPU 0           0.957        0.525        1380         345.654           100               
GPU 0           0.956        0.527        1365         345.596           100               
GPU 0           0.957        0.524        1410         345.015           100               
GPU 0           0.924        0.435        1335         345.423           100               
GPU 0           0.948        0.601        1125         347.832           100               
GPU 0           0.958        0.540        1305         344.985           100               
#Entity         SMACT        TENSO        SMCLK        POWER             GPUTL             
ID                                                      W                                  
GPU 0           0.957        0.524        1350         344.862           100               
GPU 0           0.957        0.522        1380         345.651           100               
GPU 0           0.929        0.414        1425         343.093           100               
GPU 0           0.945        0.573        1260         344.031           100               
GPU 0           0.953        0.597        1290         342.394           100               
GPU 0           0.957        0.523        1380         341.900           100               
GPU 0           0.957        0.523        1410         342.213           100               
GPU 0           0.957        0.528        1395         341.902           100               
GPU 0           0.928        0.427        1305         341.565           100               
GPU 0           0.946        0.575        1290         344.849           100               
GPU 0           0.958        0.581        1305         342.373           100               
GPU 0           0.957        0.525        1335         341.690           100               
GPU 0           0.957        0.523        1335         342.899           100               
GPU 0           0.941        0.454        1305         340.784           100               
#Entity         SMACT        TENSO        SMCLK        POWER             GPUTL             
ID                                                      W                                  
GPU 0           0.935        0.523        1260         345.039           100               
GPU 0           0.951        0.600        1215         344.571           100               
GPU 0           0.958        0.528        1380         342.504           100               
GPU 0           0.957        0.523        1365         342.303           100               
GPU 0           0.956        0.523        1395         341.851           100               
GPU 0           0.930        0.430        1350         342.110           100               
GPU 0           0.943        0.570        1260         345.311           100               
GPU 0           0.956        0.589        1260         344.545           100               
GPU 0           0.957        0.526        1305         343.771           100               
GPU 0           0.957        0.523        1335         344.876           100               
GPU 0           0.958        0.521        1335         343.713           100               
GPU 0           0.923        0.438        1305         344.003           100               
GPU 0           0.949        0.611        1125         347.326           100               
GPU 0           0.960        0.529        1305         344.102           100               
#Entity         SMACT        TENSO        SMCLK        POWER             GPUTL             
ID                                                      W                                  
GPU 0           0.955        0.521        1395         343.634           100               
GPU 0           0.956        0.523        1380         343.248           100               
GPU 0           0.932        0.417        1395         343.663           100               
GPU 0           0.945        0.571        1290         345.041           100               
GPU 0           0.953        0.601        1185         345.310           100               
GPU 0           0.957        0.526        1335         341.610           100               
GPU 0           0.957        0.527        1395         341.501           100               
GPU 0           0.957        0.527        1380         341.770           100               
GPU 0           0.928        0.427        1305         341.797           100               
GPU 0           0.945        0.572        1290         345.214           100               
GPU 0           0.961        0.580        1290         342.950           100               
GPU 0           0.957        0.524        1335         342.135           100               
GPU 0           0.957        0.523        1350         342.418           100               
GPU 0           0.938        0.443        1365         340.517           100               
#Entity         SMACT        TENSO        SMCLK        POWER             GPUTL             
ID                                                      W                                  
GPU 0           0.939        0.529        1305         343.626           100               
GPU 0           0.951        0.611        1125         345.964           100               
GPU 0           0.957        0.518        1380         343.683           100               
GPU 0           0.957        0.524        1380         344.272           100               
GPU 0           0.957        0.528        1395         344.275           100               
GPU 0           0.930        0.425        1395         342.555           100               
GPU 0           0.946        0.572        1260         345.633           100               
GPU 0           0.957        0.589        1230         344.686           100               
GPU 0           0.957        0.528        1335         343.866           100               
GPU 0           0.957        0.521        1350         345.157           100               
GPU 0           0.958        0.522        1350         342.555           100               
GPU 0           0.922        0.441        1290         342.647           100               
GPU 0           0.949        0.611        1125         346.819           100               
GPU 0           0.960        0.526        1305         343.260           100               
#Entity         SMACT        TENSO        SMCLK        POWER             GPUTL             
ID                                                      W                                  
GPU 0           0.955        0.523        1395         342.274           100               
GPU 0           0.957        0.523        1380         342.792           100               
GPU 0           0.934        0.417        1410         343.345           100               
GPU 0           0.945        0.572        1260         344.119           100               
GPU 0           0.953        0.602        1185         344.830           100               
GPU 0           0.957        0.528        1395         342.558           100               
GPU 0           0.956        0.524        1410         343.421           100               
GPU 0           0.957        0.520        1350         344.178           100               
GPU 0           0.926        0.431        1260         342.746           100               
GPU 0           0.945        0.575        1275         346.692           100               
GPU 0           0.960        0.575        1320         343.315           100               
GPU 0           0.957        0.525        1335         342.549           100               
GPU 0           0.957        0.521        1395         342.115           100               
GPU 0           0.937        0.435        1470         341.551           100               
#Entity         SMACT        TENSO        SMCLK        POWER             GPUTL             
ID                                                      W                                  
GPU 0           0.941        0.543        1305         343.911           100               
GPU 0           0.951        0.610        1125         345.541           100               
GPU 0           0.957        0.522        1380         342.855           100               
GPU 0           0.958        0.525        1395         342.493           100               
